Machine Name,P29201A
Point Name,29VT-2001AX
Wf Amp,28.632
Number of Revs,8
X-Axis Unit,ms
Y-Axis Unit,µm 
Sample Speed, 4762 rpm
Sample Status,Valid
Timestamp,7/25/2026 1:40:10 PM
Variable,Disp Wf(256X/8revs).29KT-2014A
X-Axis Value,Y-Axis Value
0,0.243
0.049,0.485
0.098,0.534
0.148,0.63
0.197,0.776
0.246,0.873
0.295,1.599
0.345,1.696
0.394,1.938
0.443,2.181
0.492,2.471
0.541,2.811
0.591,3.586
0.64,3.78
0.689,3.586
0.738,3.828
0.787,4.216
0.837,4.312
0.886,4.651
0.935,4.458
0.984,3.731
1.034,4.312
1.083,5.427
1.132,6.25
1.181,6.541
1.23,6.444
1.28,6.638
1.329,8.382
1.378,10.368
1.427,10.901
1.477,10.804
1.526,10.804
1.575,10.659
1.624,11.434
1.673,12.839
1.723,12.694
1.772,11.047
1.821,9.738
1.87,9.496
1.919,10.804
1.969,11.095
2.018,9.06
2.067,7.461
2.116,7.946
2.166,8.43
2.215,8.818
2.264,9.351
2.313,8.963
2.362,8.915
2.412,9.981
2.461,10.707
2.51,10.804
2.559,11.095
2.609,10.659
2.658,10.32
2.707,11.531
2.756,12.694
2.805,12.209
2.855,11.87
2.904,11.483
2.953,10.417
3.002,10.465
3.052,10.659
3.101,10.126
3.15,10.174
3.199,10.514
3.248,9.981
3.298,9.593
3.347,9.69
3.396,9.06
3.445,8.576
3.494,8.77
3.544,7.994
3.593,7.655
3.642,7.994
3.691,7.51
3.741,7.074
3.79,7.461
3.839,6.444
3.888,5.572
3.937,6.202
3.987,5.96
4.036,5.475
4.085,5.96
4.134,5.717
4.184,5.184
4.233,5.766
4.282,5.863
4.331,5.572
4.38,5.669
4.43,5.33
4.479,4.7
4.528,5.281
4.577,6.153
4.626,6.347
4.676,6.638
4.725,6.202
4.774,5.96
4.823,6.88
4.873,7.51
4.922,6.88
4.971,6.541
5.02,6.153
5.069,6.202
5.119,7.219
5.168,7.316
5.217,5.475
5.266,4.312
5.316,4.797
5.365,5.717
5.414,6.88
5.463,7.316
5.512,5.96
5.562,5.136
5.611,5.96
5.66,6.832
5.709,7.074
5.758,6.347
5.808,4.603
5.857,4.361
5.906,6.008
5.955,6.153
6.005,4.264
6.054,2.132
6.103,0.582
6.152,-0.532
6.201,-0.726
6.251,-0.678
6.3,-1.84
6.349,-2.422
6.398,-2.809
6.448,-2.906
6.497,-3.1
6.546,-3.73
6.595,-4.747
6.644,-5.474
6.694,-5.474
6.743,-5.28
6.792,-5.522
6.841,-5.958
6.89,-6.443
6.94,-6.491
6.989,-6.104
7.038,-6.201
7.087,-6.346
7.137,-6.249
7.186,-6.346
7.235,-5.861
7.284,-5.474
7.333,-5.765
7.383,-5.91
7.432,-5.328
7.481,-5.183
7.53,-5.28
7.58,-5.183
7.629,-5.183
7.678,-5.328
7.727,-5.377
7.776,-5.328
7.826,-5.765
7.875,-6.297
7.924,-6.297
7.973,-6.491
8.022,-6.491
8.072,-6.976
8.121,-7.412
8.17,-7.848
8.219,-8.09
8.269,-8.671
8.318,-9.107
8.367,-9.495
8.416,-10.076
8.465,-10.367
8.515,-10.27
8.564,-10.318
8.613,-11.045
8.662,-10.948
8.712,-10.997
8.761,-11.917
8.81,-11.82
8.859,-11.239
8.908,-11.627
8.958,-11.53
9.007,-11.53
9.056,-12.063
9.105,-11.82
9.155,-11.675
9.204,-11.772
9.253,-11.481
9.302,-11.094
9.351,-11.239
9.401,-11.094
9.45,-10.609
9.499,-10.803
9.548,-10.415
9.597,-9.834
9.647,-9.882
9.696,-9.592
9.745,-8.768
9.794,-9.156
9.844,-9.107
9.893,-8.09
9.942,-7.751
9.991,-7.751
10.04,-7.363
10.09,-7.751
10.139,-8.042
10.188,-7.412
10.237,-7.509
10.287,-7.945
10.336,-7.315
10.385,-7.169
10.434,-7.509
10.483,-7.169
10.533,-6.927
10.582,-7.024
10.631,-6.54
10.68,-6.346
10.729,-6.685
10.779,-6.249
10.828,-5.91
10.877,-6.201
10.926,-5.765
10.976,-5.571
11.025,-6.394
11.074,-6.249
11.123,-6.007
11.172,-6.637
11.222,-6.249
11.271,-5.765
11.32,-6.346
11.369,-6.588
11.419,-6.152
11.468,-6.733
11.517,-6.879
11.566,-6.007
11.615,-6.54
11.665,-6.782
11.714,-6.54
11.763,-6.637
11.812,-5.91
11.861,-4.989
11.911,-4.941
11.96,-4.747
12.009,-3.924
12.058,-3.633
12.108,-3.1
12.157,-1.986
12.206,-1.307
12.255,-0.92
12.304,0.194
12.354,0.63
12.403,0.534
12.452,1.26
12.501,1.599
12.551,1.212
12.6,1.938
12.649,2.229
12.698,1.503
12.747,1.745
12.797,1.842
12.846,1.406
12.895,1.938
12.944,2.375
12.993,1.987
13.043,1.89
13.092,2.568
13.141,2.617
13.19,2.907
13.24,3.295
13.289,2.859
13.338,2.811
13.387,3.344
13.436,3.537
13.486,3.634
13.535,3.344
13.584,2.811
13.633,3.198
13.683,4.603
13.732,5.669
13.781,5.766
13.83,5.669
13.879,6.105
13.929,8.043
13.978,9.787
14.027,10.707
14.076,10.659
14.125,10.465
14.175,10.901
14.224,11.676
14.273,12.791
14.322,13.13
14.372,11.676
14.421,9.835
14.47,10.271
14.519,11.628
14.568,11.337
14.618,9.738
14.667,8.285
14.716,8.382
14.765,9.206
14.815,9.642
14.864,9.69
14.913,9.642
14.962,9.835
15.011,10.514
15.061,11.192
15.11,11.628
15.159,11.289
15.208,10.95
15.258,11.095
15.307,11.87
15.356,12.694
15.405,12.597
15.454,11.919
15.504,11.192
15.553,10.901
15.602,10.465
15.651,10.271
15.7,10.417
15.75,10.029
15.799,9.932
15.848,9.981
15.897,9.302
15.947,8.721
15.996,8.673
16.045,8.479
16.094,7.849
16.143,7.849
16.193,7.51
16.242,7.365
16.291,7.461
16.34,7.219
16.39,6.832
16.439,6.396
16.488,5.62
16.537,5.669
16.586,6.153
16.636,5.96
16.685,5.427
16.734,5.62
16.783,5.717
16.832,5.62
16.882,6.008
16.931,6.153
16.98,5.427
17.029,5.524
17.079,5.717
17.128,5.669
17.177,6.347
17.226,7.268
17.275,6.832
17.325,6.686
17.374,7.268
17.423,7.655
17.472,7.994
17.522,7.994
17.571,7.025
17.62,6.686
17.669,7.655
17.718,8.043
17.768,7.461
17.817,6.589
17.866,5.136
17.915,4.942
17.964,6.638
18.014,7.413
18.063,7.122
18.112,6.88
18.161,5.911
18.211,6.057
18.26,7.268
18.309,7.655
18.358,6.299
18.407,5.62
18.457,5.33
18.506,5.96
18.555,6.929
18.604,5.136
18.654,2.471
18.703,1.599
18.752,0.388
18.801,-0.387
18.85,0.146
18.9,-0.484
18.949,-1.937
18.998,-2.034
19.047,-2.083
19.096,-2.664
19.146,-2.955
19.195,-3.73
19.244,-4.892
19.293,-4.941
19.343,-4.456
19.392,-5.232
19.441,-5.668
19.49,-5.571
19.539,-6.104
19.589,-6.249
19.638,-5.668
19.687,-5.958
19.736,-6.297
19.786,-5.765
19.835,-5.958
19.884,-5.813
19.933,-5.474
19.982,-5.668
20.032,-5.813
20.081,-5.135
20.13,-5.377
20.179,-5.765
20.229,-5.086
20.278,-5.232
20.327,-5.571
20.376,-5.474
20.425,-5.765
20.475,-6.443
20.524,-6.394
20.573,-6.637
20.622,-6.976
20.671,-7.218
20.721,-7.702
20.77,-8.429
20.819,-8.623
20.868,-9.059
20.918,-9.834
20.967,-9.979
21.016,-10.415
21.065,-10.948
21.114,-11.045
21.164,-10.997
21.213,-11.578
21.262,-11.627
21.311,-11.675
21.361,-12.111
21.41,-12.402
21.459,-11.82
21.508,-11.772
21.557,-12.063
21.607,-12.014
21.656,-12.063
21.705,-12.256
21.754,-11.966
21.803,-11.578
21.853,-11.481
21.902,-11.142
21.951,-10.997
22,-11.142
22.05,-10.658
22.099,-10.222
22.148,-10.125
22.197,-9.64
22.246,-9.253
22.296,-9.107
22.345,-8.914
22.394,-8.429
22.443,-8.526
22.493,-8.09
22.542,-7.605
22.591,-7.266
22.64,-7.702
22.689,-7.799
22.739,-7.896
22.788,-7.945
22.837,-7.848
22.886,-7.993
22.935,-8.187
22.985,-8.042
23.034,-7.896
23.083,-8.138
23.132,-7.896
23.182,-7.509
23.231,-7.799
23.28,-7.412
23.329,-7.169
23.378,-7.266
23.428,-7.073
23.477,-6.491
23.526,-6.685
23.575,-6.685
23.625,-6.443
23.674,-6.879
23.723,-7.024
23.772,-6.443
23.821,-6.637
23.871,-6.346
23.92,-6.201
23.969,-6.637
24.018,-6.733
24.067,-6.394
24.117,-6.491
24.166,-6.685
24.215,-6.007
24.264,-6.346
24.314,-6.927
24.363,-6.104
24.412,-5.328
24.461,-5.28
24.51,-4.602
24.56,-4.069
24.609,-4.117
24.658,-3.391
24.707,-2.664
24.757,-2.131
24.806,-1.259
24.855,-0.387
24.904,0.146
24.953,0.824
25.003,1.212
25.052,1.212
25.101,1.793
25.15,2.229
25.199,2.084
25.249,2.278
25.298,2.617
25.347,1.842
25.396,2.035
25.446,2.568
25.495,2.278
25.544,2.471
25.593,3.101
25.642,2.617
25.692,2.568
25.741,3.634
25.79,3.44
25.839,3.586
25.888,4.022
25.938,3.634
25.987,3.683
26.036,4.651
26.085,4.506
26.134,3.828
26.184,4.07
26.233,4.216
26.282,5.088
26.331,6.686
26.38,7.074
26.43,6.541
26.479,7.558
26.528,9.06
26.577,10.61
26.627,12.064
26.676,11.967
26.725,11.531
26.774,12.355
26.823,13.178
26.873,14.002
26.922,14.728
26.971,13.469
27.02,10.998
27.069,11.531
27.119,13.517
27.168,12.984
27.217,11.192
27.266,10.029
27.315,9.738
27.365,10.368
27.414,11.143
27.463,10.901
27.512,10.562
27.561,10.804
27.611,11.047
27.66,11.822
27.709,12.451
27.758,11.628
27.807,11.047
27.857,11.386
27.906,11.773
27.955,12.694
28.004,12.887
28.054,11.628
28.103,10.659
28.152,10.61
28.201,10.029
28.25,9.835
28.3,9.738
28.349,9.496
28.398,9.206
28.447,9.254
28.496,8.915
28.546,8.333
28.595,8.14
28.644,7.849
28.693,7.316
28.742,7.171
28.792,7.268
28.841,6.686
28.89,6.589
28.939,6.686
28.988,6.25
29.038,5.572
29.087,5.136
29.136,4.894
29.185,5.136
29.235,5.136
29.284,4.845
29.333,4.7
29.382,4.894
29.431,4.7
29.481,4.894
29.53,5.378
29.579,4.991
29.628,4.555
29.677,4.651
29.727,4.894
29.776,5.572
29.825,6.541
29.874,6.444
29.923,5.911
29.973,6.347
30.022,7.268
30.071,7.655
30.12,7.365
30.169,6.541
30.219,6.25
30.268,6.686
30.317,7.752
30.366,7.171
30.415,5.62
30.465,4.603
30.514,4.748
30.563,5.669
30.612,6.929
30.662,6.783
30.711,5.184
30.76,4.797
30.809,5.378
30.858,5.766
30.908,6.299
30.957,5.378
31.006,3.44
31.055,3.489
31.104,4.942
31.154,4.942
31.203,2.956
31.252,0.921
31.301,-0.532
31.35,-1.55
31.4,-1.695
31.449,-2.083
31.498,-2.519
31.547,-3.342
31.596,-4.117
31.646,-3.972
31.695,-3.875
31.744,-4.844
31.793,-5.91
31.842,-5.91
31.892,-6.394
31.941,-6.588
31.99,-6.443
32.039,-7.024
32.089,-7.848
32.138,-7.218
32.187,-7.266
32.236,-7.702
32.285,-7.46
32.335,-7.46
32.384,-7.799
32.433,-7.121
32.482,-7.121
32.531,-7.412
32.581,-6.685
32.63,-6.491
32.679,-6.83
32.728,-6.346
32.777,-6.201
32.827,-6.685
32.876,-6.007
32.925,-5.861
32.974,-6.491
33.023,-6.443
33.073,-6.443
33.122,-7.169
33.171,-7.073
33.22,-6.976
33.27,-7.848
33.319,-8.09
33.368,-8.284
33.417,-9.156
33.466,-9.64
33.516,-9.786
33.565,-10.755
33.614,-11.239
33.663,-11.094
33.712,-11.917
33.762,-12.208
33.811,-12.014
33.86,-12.644
33.909,-13.031
33.958,-12.983
34.008,-13.371
34.057,-13.419
34.106,-12.983
34.155,-13.274
34.204,-13.758
34.254,-13.516
34.303,-13.613
34.352,-13.904
34.401,-12.983
34.45,-12.983
34.5,-13.177
34.549,-12.741
34.598,-12.305
34.647,-12.353
34.697,-11.772
34.746,-11.481
34.795,-11.142
34.844,-10.512
34.893,-10.076
34.943,-10.028
34.992,-9.301
35.041,-9.156
35.09,-9.059
35.139,-7.993
35.189,-7.509
35.238,-8.09
35.287,-8.138
35.336,-7.896
35.385,-8.138
35.435,-8.09
35.484,-7.945
35.533,-8.235
35.582,-8.332
35.631,-8.138
35.681,-8.187
35.73,-8.09
35.779,-8.09
35.828,-8.09
35.878,-7.993
35.927,-7.702
35.976,-7.848
36.025,-7.654
36.074,-7.363
36.124,-7.412
36.173,-7.654
36.222,-7.509
36.271,-7.654
36.32,-7.945
36.37,-7.848
36.419,-7.605
36.468,-7.557
36.517,-7.654
36.566,-7.654
36.616,-8.138
36.665,-8.042
36.714,-7.896
36.763,-7.751
36.812,-7.509
36.862,-7.799
36.911,-8.478
36.96,-7.896
37.009,-6.879
37.058,-6.443
37.108,-6.201
37.157,-5.861
37.206,-5.425
37.255,-4.989
37.305,-4.02
37.354,-3.294
37.403,-2.761
37.452,-1.84
37.501,-0.823
37.551,-0.29
37.6,-0.048
37.649,0.437
37.698,0.873
37.747,1.212
37.797,1.793
37.846,2.084
37.895,2.035
37.944,2.035
37.993,2.035
38.043,2.229
38.092,2.907
38.141,2.907
38.19,3.004
38.239,3.247
38.289,3.489
38.338,3.78
38.387,4.603
38.436,4.651
38.486,4.312
38.535,4.651
38.584,5.088
38.633,5.136
38.682,5.281
38.732,4.894
38.781,4.361
38.83,5.136
38.879,6.444
38.928,7.219
38.978,7.607
39.027,7.461
39.076,7.752
39.125,9.642
39.174,11.531
39.224,12.258
39.273,12.403
39.322,12.403
39.371,12.5
39.42,13.469
39.47,14.728
39.519,14.632
39.568,13.323
39.617,11.822
39.666,11.919
39.716,13.323
39.765,13.711
39.814,11.531
39.863,9.981
39.913,10.853
39.962,11.143
40.011,11.24
40.06,11.87
40.109,11.579
40.159,11.386
40.208,12.403
40.257,13.033
40.306,13.081
40.355,13.469
40.405,12.887
40.454,12.451
40.503,13.808
40.552,14.438
40.601,14.292
40.651,14.196
40.7,13.178
40.749,12.403
40.798,12.839
40.847,12.742
40.897,12.209
40.946,12.451
40.995,12.597
41.044,11.87
41.093,11.822
41.143,12.015
41.192,11.143
41.241,10.998
41.29,11.192
41.34,10.368
41.389,10.126
41.438,10.223
41.487,9.787
41.536,9.545
41.586,9.545
41.635,8.43
41.684,7.704
41.733,8.237
41.782,7.897
41.832,7.268
41.881,7.51
41.93,6.735
41.979,6.493
42.028,7.171
42.078,6.977
42.127,6.493
42.176,6.589
42.225,6.008
42.274,5.33
42.324,6.008
42.373,6.686
42.422,6.88
42.471,7.122
42.521,6.638
42.57,6.541
42.619,7.655
42.668,7.897
42.717,7.316
42.767,6.832
42.816,6.444
42.865,6.735
42.914,7.607
42.963,7.461
43.013,5.814
43.062,4.845
43.111,4.894
43.16,5.766
43.209,7.122
43.259,7.219
43.308,5.911
43.357,5.33
43.406,5.814
43.455,6.589
43.505,6.783
43.554,6.057
43.603,4.506
43.652,4.312
43.701,5.572
43.751,5.96
43.8,3.925
43.849,1.842
43.898,0.534
43.948,-0.581
43.997,-0.775
44.046,-1.017
44.095,-1.792
44.144,-2.615
44.194,-3.052
44.243,-3.148
44.292,-2.955
44.341,-3.875
44.39,-4.989
44.44,-5.474
44.489,-5.474
44.538,-5.861
44.587,-6.007
44.636,-6.394
44.686,-6.83
44.735,-7.121
44.784,-7.024
44.833,-6.976
44.882,-7.509
44.932,-7.509
44.981,-7.266
45.03,-7.024
45.079,-6.879
45.129,-6.83
45.178,-6.733
45.227,-6.443
45.276,-6.104
45.325,-6.152
45.375,-5.958
45.424,-5.813
45.473,-5.91
45.522,-5.425
45.571,-5.522
45.621,-6.007
45.67,-6.249
45.719,-6.152
45.768,-6.637
45.817,-6.685
45.867,-6.685
45.916,-7.509
45.965,-7.993
46.014,-8.09
46.063,-8.72
46.113,-9.204
46.162,-9.446
46.211,-10.222
46.26,-10.658
46.309,-10.415
46.359,-10.948
46.408,-11.384
46.457,-11.384
46.506,-11.772
46.556,-12.402
46.605,-12.208
46.654,-12.256
46.703,-12.741
46.752,-12.838
46.802,-12.741
46.851,-13.371
46.9,-13.274
46.949,-12.983
46.998,-13.225
47.048,-12.886
47.097,-12.353
47.146,-12.789
47.195,-12.595
47.244,-12.111
47.294,-12.256
47.343,-11.772
47.392,-10.997
47.441,-11.142
47.49,-10.755
47.54,-10.028
47.589,-10.27
47.638,-9.931
47.687,-9.107
47.736,-9.107
47.786,-8.817
47.835,-8.235
47.884,-8.962
47.933,-8.865
47.983,-8.284
48.032,-8.817
48.081,-9.107
48.13,-8.381
48.179,-8.526
48.229,-9.01
48.278,-8.235
48.327,-8.332
48.376,-8.623
48.425,-7.799
48.475,-7.557
48.524,-7.993
48.573,-7.557
48.622,-7.169
48.671,-7.121
48.721,-6.685
48.77,-6.588
48.819,-7.024
48.868,-6.927
48.917,-6.733
48.967,-6.976
49.016,-6.443
49.065,-6.297
49.114,-6.685
49.164,-6.346
49.213,-6.152
49.262,-6.879
49.311,-6.588
49.36,-5.91
49.41,-6.152
49.459,-6.346
49.508,-6.055
49.557,-6.297
49.606,-5.522
49.656,-4.456
49.705,-4.359
49.754,-4.117
49.803,-3.197
49.852,-3.1
49.902,-2.615
49.951,-1.453
50,-0.775
50.049,-0.339
50.098,0.727
50.148,1.018
50.197,1.212
50.246,1.745
50.295,2.035
50.344,2.035
50.394,2.423
50.443,2.665
50.492,2.471
50.541,2.471
50.591,2.326
50.64,2.471
50.689,2.762
50.738,3.004
50.787,2.859
50.837,3.15
50.886,3.44
50.935,3.489
50.984,4.119
51.033,4.555
51.083,4.07
51.132,4.022
51.181,4.942
51.23,4.797
51.279,4.845
51.329,4.748
51.378,4.361
51.427,4.555
51.476,5.96
51.525,7.122
51.575,7.51
51.624,7.365
51.673,7.752
51.722,9.448
51.772,11.337
51.821,12.258
51.87,12.355
51.919,12.112
51.968,12.306
52.018,13.227
52.067,14.341
52.116,14.438
52.165,12.936
52.214,10.95
52.264,11.24
52.313,12.791
52.362,12.403
52.411,10.659
52.46,9.206
52.51,9.06
52.559,9.738
52.608,10.078
52.657,9.932
52.706,9.981
52.756,10.078
52.805,10.174
52.854,11.095
52.903,11.483
52.952,10.853
53.002,10.61
53.051,10.659
53.1,11.24
53.149,12.161
53.199,12.064
53.248,11.192
53.297,10.562
53.346,10.078
53.395,9.884
53.445,9.787
53.494,9.593
53.543,9.448
53.592,9.545
53.641,9.448
53.691,8.673
53.74,8.576
53.789,8.624
53.838,8.14
53.887,7.704
53.937,7.849
53.986,7.074
54.035,6.735
54.084,7.122
54.133,6.832
54.183,5.96
54.232,5.62
54.281,4.894
54.33,4.555
54.38,4.748
54.429,4.458
54.478,3.973
54.527,4.119
54.576,4.022
54.626,3.925
54.675,4.555
54.724,4.458
54.773,3.634
54.822,4.119
54.872,4.07
54.921,3.683
54.97,4.991
55.019,5.717
55.068,5.184
55.118,5.33
55.167,5.814
55.216,6.057
55.265,6.589
55.314,6.783
55.364,5.572
55.413,5.378
55.462,6.105
55.511,6.493
55.56,6.444
55.61,5.427
55.659,3.973
55.708,3.973
55.757,5.475
55.807,6.347
55.856,6.347
55.905,6.057
55.954,4.845
56.003,5.136
56.053,6.541
56.102,6.589
56.151,5.475
56.2,4.555
56.249,4.022
56.299,4.748
56.348,5.814
56.397,3.925
56.446,1.309
56.495,0.437
56.545,-0.678
56.594,-1.501
56.643,-1.065
56.692,-1.598
56.741,-3.197
56.791,-3.342
56.84,-3.148
56.889,-3.972
56.938,-4.069
56.987,-5.086
57.037,-6.249
57.086,-6.297
57.135,-6.201
57.184,-6.782
57.234,-7.121
57.283,-7.315
57.332,-8.138
57.381,-7.993
57.43,-7.654
57.48,-8.042
57.529,-8.429
57.578,-8.187
57.627,-8.235
57.676,-8.138
57.726,-7.751
57.775,-7.799
57.824,-7.799
57.873,-7.412
57.922,-7.218
57.972,-7.266
58.021,-6.927
58.07,-6.733
58.119,-6.733
58.168,-6.346
58.218,-6.733
58.267,-6.976
58.316,-6.733
58.365,-6.83
58.415,-7.363
58.464,-7.266
58.513,-7.412
58.562,-7.993
58.611,-8.332
58.661,-8.574
58.71,-9.107
58.759,-9.592
58.808,-9.737
58.857,-10.173
58.907,-10.609
58.956,-10.706
59.005,-11.045
59.054,-11.142
59.103,-11.336
59.153,-12.111
59.202,-12.159
59.251,-11.917
59.3,-12.111
59.349,-12.256
59.399,-12.305
59.448,-12.644
59.497,-12.644
59.546,-12.499
59.595,-12.159
59.645,-12.159
59.694,-11.966
59.743,-11.772
59.792,-11.675
59.842,-11.384
59.891,-10.948
59.94,-10.561
59.989,-10.464
60.038,-9.882
60.088,-9.64
60.137,-9.35
60.186,-9.107
60.235,-8.962
60.284,-8.768
60.334,-7.945
60.383,-7.848
60.432,-8.187
60.481,-8.09
60.53,-8.187
60.58,-8.235
60.629,-8.235
60.678,-8.235
60.727,-8.623
60.776,-8.235
60.826,-8.429
60.875,-8.526
60.924,-8.235
60.973,-8.138
61.023,-8.187
61.072,-7.751
61.121,-7.509
61.17,-7.751
61.219,-7.218
61.269,-6.588
61.318,-6.879
61.367,-6.83
61.416,-6.637
61.465,-7.121
61.515,-7.363
61.564,-6.927
61.613,-7.073
61.662,-7.024
61.711,-6.879
61.761,-7.266
61.81,-7.509
61.859,-7.315
61.908,-7.46
61.957,-7.363
62.007,-6.976
62.056,-7.751
62.105,-8.138
62.154,-7.363
62.203,-7.024
62.253,-6.782
62.302,-5.765
62.351,-5.668
62.4,-5.813
62.45,-4.844
62.499,-4.408
62.548,-4.166
62.597,-3.003
62.646,-2.083
62.696,-1.889
62.745,-1.21
62.794,-0.92
62.843,-0.775
62.892,-0.193
62.942,0.098
62.991,0.098
63.04,0.776
63.089,0.824
63.138,0.291
63.188,0.63
63.237,1.163
63.286,0.921
63.335,1.309
63.385,1.987
63.434,1.648
63.483,1.842
63.532,2.665
63.581,2.811
63.631,3.15
63.68,3.586
63.729,3.004
63.778,3.198
63.828,4.216
63.877,3.925
63.926,3.295
63.975,3.634
64.024,3.586
64.074,4.506
64.123,6.202
64.172,6.589
64.221,5.814
64.27,6.783
64.32,8.333
64.369,9.981
64.418,11.483
64.467,11.434
64.517,10.95
64.566,11.579
64.615,12.403
64.664,13.323
64.713,13.953
64.763,12.306
64.812,10.078
64.861,10.901
64.91,12.597
64.96,12.112
65.009,10.562
65.058,9.302
65.107,8.818
65.156,9.738
65.206,10.707
65.255,10.368
65.304,10.078
65.353,10.514
65.402,10.901
65.452,11.628
65.501,12.209
65.55,11.676
65.599,10.998
65.649,11.143
65.698,11.822
65.747,12.597
65.796,12.839
65.845,12.112
65.895,11.047
65.944,10.853
65.993,10.514
66.042,10.223
66.092,10.029
66.141,10.029
66.19,9.981
66.239,9.932
66.288,9.738
66.338,9.254
66.387,9.109
66.436,8.963
66.485,8.576
66.534,8.479
66.584,8.382
66.633,7.946
66.682,7.994
66.731,8.091
66.781,7.607
66.83,6.929
66.879,6.493
66.928,6.493
66.977,6.299
67.027,6.444
67.076,6.25
67.125,5.717
67.174,5.669
67.224,6.057
67.273,6.057
67.322,6.202
67.371,5.863
67.42,5.088
67.47,5.184
67.519,5.524
67.568,6.105
67.617,6.832
67.666,6.832
67.716,6.057
67.765,6.493
67.814,7.413
67.863,7.461
67.913,7.025
67.962,6.686
68.011,5.911
68.06,6.347
68.109,7.461
68.159,7.219
68.208,5.378
68.257,4.361
68.306,4.264
68.356,5.378
68.405,6.541
68.454,6.396
68.503,5.233
68.552,4.7
68.602,5.088
68.651,5.669
68.7,6.25
68.749,5.136
68.799,3.295
68.848,3.44
68.897,4.894
68.946,4.7
68.995,3.053
69.045,1.26
69.094,-0.484
69.143,-1.404
69.192,-1.453
69.241,-1.792
69.291,-2.47
69.34,-2.906
69.389,-3.439
69.438,-3.488
69.488,-3.052
69.537,-3.972
69.586,-4.796
69.635,-5.232
69.684,-5.474
69.734,-5.474
69.783,-5.232
69.832,-6.104
69.881,-6.297
69.931,-5.91
69.98,-6.346
70.029,-6.54
70.078,-6.055
70.127,-6.443
70.177,-6.588
70.226,-5.861
70.275,-6.055
70.324,-6.443
70.373,-5.813
70.423,-5.861
70.472,-6.055
70.521,-5.474
70.57,-5.765
70.62,-5.958
70.669,-5.425
70.718,-5.377
70.767,-5.765
70.816,-5.716
70.866,-5.861
70.915,-6.346
70.964,-6.201
71.013,-6.201
71.063,-6.879
71.112,-6.83
71.161,-6.83
71.21,-7.605
71.259,-7.799
71.309,-7.896
71.358,-8.865
71.407,-9.01
71.456,-8.962
71.505,-9.689
71.555,-10.028
71.604,-9.834
71.653,-10.464
71.702,-10.706
71.752,-10.851
71.801,-11.433
71.85,-11.287
71.899,-10.997
71.948,-11.481
71.998,-11.82
72.047,-11.627
72.096,-12.063
72.145,-11.966
72.195,-11.191
72.244,-11.287
72.293,-11.287
72.342,-10.803
72.391,-10.658
72.441,-10.803
72.49,-10.028
72.539,-9.592
72.588,-9.446
72.637,-8.72
72.687,-8.138
72.736,-7.993
72.785,-7.751
72.834,-7.315
72.884,-7.121
72.933,-6.346
72.982,-6.007
73.031,-6.394
73.08,-6.491
73.13,-6.54
73.179,-6.637
73.228,-6.685
73.277,-6.83
73.327,-7.218
73.376,-7.218
73.425,-6.879
73.474,-7.218
73.523,-7.315
73.573,-7.121
73.622,-7.266
73.671,-7.218
73.72,-6.879
73.769,-7.073
73.819,-6.927
73.868,-6.588
73.917,-6.685
73.966,-6.685
74.016,-6.782
74.065,-7.121
74.114,-7.266
74.163,-7.363
74.212,-6.976
74.262,-7.024
74.311,-7.121
74.36,-7.218
74.409,-7.412
74.459,-7.509
74.508,-7.218
74.557,-6.927
74.606,-6.976
74.655,-7.169
74.705,-7.363
74.754,-7.218
74.803,-6.152
74.852,-5.765
74.902,-5.619
74.951,-4.892
75,-4.65
75.049,-4.359
75.098,-3.342
75.148,-2.906
75.197,-2.519
75.246,-1.404
75.295,-0.387
75.344,-0.29
75.394,-0.048
75.443,0.534
75.492,0.63
75.541,0.824
75.591,1.406
75.64,1.551
75.689,1.357
75.738,1.454
75.787,1.309
75.837,1.406
75.886,1.987
75.935,2.035
75.984,2.035
76.034,2.375
76.083,2.375
76.132,2.811
76.181,3.344
76.23,3.344
76.28,3.053
76.329,3.44
76.378,3.634
76.427,3.489
76.476,4.022
76.526,3.731
76.575,2.956
76.624,3.828
76.673,5.136
76.723,5.766
76.772,6.493
76.821,6.493
76.87,6.638
76.919,8.866
76.969,10.707
77.018,11.192
77.067,11.725
77.116,11.725
77.166,11.725
77.215,12.887
77.264,14.196
77.313,14.05
77.362,12.791
77.412,11.143
77.461,11.192
77.51,12.694
77.559,12.887
77.608,10.707
77.658,9.351
77.707,9.835
77.756,9.787
77.805,10.32
77.855,10.756
77.904,10.126
77.953,10.029
78.002,11.095
78.051,11.531
78.101,11.337
78.15,11.676
78.199,10.95
78.248,10.61
78.298,11.822
78.347,12.548
78.396,12.112
78.445,12.064
78.494,11.143
78.544,10.417
78.593,10.417
78.642,10.174
78.691,9.884
78.74,10.174
78.79,9.932
78.839,9.302
78.888,9.496
78.937,9.06
78.987,8.479
79.036,8.382
79.085,8.091
79.134,7.025
79.183,7.219
79.233,7.122
79.282,6.541
79.331,6.493
79.38,6.153
79.43,5.184
79.479,4.651
79.528,4.748
79.577,4.458
79.626,4.264
79.676,4.264
79.725,3.876
79.774,4.022
79.823,4.409
79.872,4.361
79.922,4.312
79.971,4.361
80.02,4.022
80.069,3.876
80.119,4.506
80.168,5.136
80.217,6.008
80.266,6.299
80.315,5.863
80.365,6.105
80.414,7.122
80.463,7.51
80.512,7.171
80.562,6.783
80.611,6.541
80.66,6.686
80.709,7.897
80.758,7.704
80.808,6.008
80.857,5.039
80.906,5.088
80.955,6.008
81.005,7.171
81.054,7.316
81.103,5.96
81.152,5.378
81.201,5.62
81.251,6.444
81.3,6.783
81.349,5.669
81.398,3.876
81.447,3.876
81.497,5.184
81.546,5.184
81.595,3.101
81.644,1.212
81.694,-0.435
81.743,-1.743
81.792,-2.083
81.841,-1.84
81.89,-3.003
81.94,-3.972
81.989,-4.214
82.038,-4.408
82.087,-4.65
82.137,-5.232
82.186,-6.201
82.235,-6.976
82.284,-7.121
82.333,-7.121
82.383,-7.315
82.432,-7.654
82.481,-8.09
82.53,-8.09
82.579,-7.799
82.629,-8.235
82.678,-8.429
82.727,-8.09
82.776,-8.09
82.826,-8.042
82.875,-7.557
82.924,-7.605
82.973,-7.799
83.022,-7.218
83.072,-6.83
83.121,-7.121
83.17,-6.83
83.219,-6.54
83.269,-6.733
83.318,-6.297
83.367,-6.152
83.416,-6.637
83.465,-6.83
83.515,-6.685
83.564,-7.266
83.613,-7.266
83.662,-7.218
83.711,-8.138
83.761,-8.381
83.81,-8.381
83.859,-8.914
83.908,-9.737
83.958,-9.446
84.007,-10.367
84.056,-10.851
84.105,-10.512
84.154,-11.045
84.204,-11.384
84.253,-11.142
84.302,-11.772
84.351,-12.305
84.401,-11.772
84.45,-11.966
84.499,-12.353
84.548,-12.063
84.597,-12.499
84.647,-12.935
84.696,-12.547
84.745,-12.402
84.794,-12.741
84.843,-12.063
84.893,-11.869
84.942,-12.208
84.991,-11.675
85.04,-11.336
85.09,-11.53
85.139,-10.9
85.188,-10.125
85.237,-10.222
85.286,-9.495
85.336,-9.01
85.385,-9.301
85.434,-8.865
85.483,-8.09
85.533,-8.09
85.582,-7.848
85.631,-7.605
85.68,-8.284
85.729,-8.429
85.779,-8.042
85.828,-8.72
85.877,-8.914
85.926,-8.574
85.976,-9.059
86.025,-9.156
86.074,-8.865
86.123,-9.495
86.172,-9.64
86.222,-8.962
86.271,-9.446
86.32,-9.882
86.369,-9.301
86.418,-9.253
86.468,-9.398
86.517,-9.01
86.566,-9.301
86.615,-9.882
86.665,-9.446
86.714,-9.592
86.763,-9.64
86.812,-9.204
86.861,-9.204
86.911,-9.398
86.96,-8.914
87.009,-9.01
87.058,-9.301
87.108,-8.817
87.157,-8.574
87.206,-8.623
87.255,-8.478
87.304,-8.429
87.354,-8.526
87.403,-7.799
87.452,-6.927
87.501,-6.782
87.55,-6.443
87.6,-5.958
87.649,-5.861
87.698,-5.28
87.747,-4.214
87.797,-3.827
87.846,-3.197
87.895,-2.179
87.944,-1.986
87.993,-1.743
88.043,-0.968
88.092,-0.871
88.141,-0.775
88.19,-0.29
88.24,0.098
88.289,0.098
88.338,-0.048
88.387,0.098
88.436,0.098
88.486,0.485
88.535,0.873
88.584,1.212
88.633,1.212
88.682,1.599
88.732,2.132
88.781,2.617
88.83,2.859
88.879,2.907
88.928,2.859
88.978,3.053
89.027,3.586
89.076,3.731
89.125,3.634
89.174,3.198
89.224,3.392
89.273,4.894
89.322,6.008
89.371,6.299
89.42,6.057
89.47,6.832
89.519,8.333
89.568,10.271
89.617,11.337
89.667,11.24
89.716,11.047
89.765,11.531
89.814,12.451
89.863,13.663
89.913,14.002
89.962,12.355
90.011,10.61
90.06,11.047
90.109,12.597
90.159,12.5
90.208,10.756
90.257,9.496
90.306,9.351
90.355,10.32
90.405,10.562
90.454,10.756
90.503,10.514
90.552,10.804
90.601,11.192
90.651,12.015
90.7,12.451
90.749,11.822
90.798,11.579
90.848,11.386
90.897,12.064
90.946,13.13
90.995,13.227
91.044,12.112
91.094,11.725
91.143,11.483
91.192,10.659
91.241,10.707
91.29,11.047
91.34,10.659
91.389,10.804
91.438,10.998
91.487,10.514
91.536,10.417
91.586,10.465
91.635,9.787
91.684,9.932
91.733,9.835
91.782,9.254
91.832,9.351
91.881,9.884
91.93,9.254
91.979,9.206
92.028,9.012
92.078,7.946
92.127,7.752
92.176,8.527
92.225,8.237
92.275,7.752
92.324,8.091
92.373,8.043
92.422,7.897
92.471,8.479
92.521,8.333
92.57,7.704
92.619,7.994
92.668,7.801
92.717,7.752
92.767,9.012
92.816,9.593
92.865,9.109
92.914,9.254
92.963,9.642
93.013,9.787
93.062,10.61
93.111,10.562
93.16,9.496
93.209,9.545
93.259,10.223
93.308,10.514
93.357,10.514
93.406,9.496
93.455,7.704
93.505,7.946
93.554,9.448
93.603,9.932
93.652,9.981
93.702,9.302
93.751,8.188
93.8,8.333
93.849,9.642
93.898,9.448
93.948,8.285
93.997,7.316
94.046,6.832
94.095,7.801
94.144,8.43
94.194,6.202
94.243,3.925
94.292,2.859
94.341,1.357
94.39,0.727
94.44,1.212
94.489,0.291
94.538,-1.114
94.587,-1.114
94.636,-1.21
94.686,-1.889
94.735,-1.986
94.784,-3.003
94.833,-4.214
94.883,-4.214
94.932,-3.924
94.981,-4.505
95.03,-4.844
95.079,-5.183
95.129,-5.619
95.178,-5.425
95.227,-5.28
95.276,-5.716
95.325,-5.668
95.375,-5.668
95.424,-5.813
95.473,-5.522
95.522,-5.086
95.571,-5.328
95.621,-5.28
95.67,-4.989
95.719,-4.844
95.768,-4.844
95.817,-4.747
95.867,-4.65
95.916,-4.602
95.965,-4.65
96.014,-4.602
96.063,-4.796
96.113,-5.086
96.162,-5.328
96.211,-5.328
96.26,-5.328
96.31,-5.716
96.359,-6.297
96.408,-6.491
96.457,-6.782
96.506,-7.315
96.556,-7.702
96.605,-7.751
96.654,-8.235
96.703,-8.671
96.752,-8.526
96.802,-8.817
96.851,-9.204
96.9,-9.495
96.949,-9.882
96.998,-10.076
97.048,-9.882
97.097,-9.882
97.146,-10.318
97.195,-10.415
97.244,-10.658
97.294,-10.706
97.343,-10.27
97.392,-10.076
97.441,-10.173
97.491,-9.882
97.54,-9.64
97.589,-9.64
97.638,-9.01
97.687,-8.574
97.737,-8.478
97.786,-7.993
97.835,-7.169
97.884,-6.879
97.933,-6.588
97.983,-6.297
98.032,-6.007
98.081,-5.716
98.13,-4.699
98.179,-4.553
98.229,-4.892
98.278,-4.892
98.327,-4.941
98.376,-5.183
98.425,-5.086
98.475,-5.135
98.524,-5.668
98.573,-5.328
98.622,-5.474
98.671,-5.91
98.721,-5.522
98.77,-5.716
98.819,-6.104
98.868,-5.716
98.918,-5.716
98.967,-6.201
99.016,-5.716
99.065,-5.571
99.114,-6.007
99.164,-5.474
99.213,-5.474
99.262,-6.346
99.311,-6.055
99.36,-5.619
99.41,-5.91
99.459,-5.522
99.508,-5.28
99.557,-5.619
99.606,-5.765
99.656,-5.474
99.705,-5.619
99.754,-5.425
99.803,-4.989
99.852,-5.668
99.902,-5.91
99.951,-5.183
100,-4.747
100.049,-4.408
100.098,-3.536
100.148,-3.73
100.197,-3.391
100.246,-2.47
100.295,-2.373
100.345,-1.937
100.394,-0.435
100.443,0.098
100.492,0.34
100.541,1.503
100.591,1.454
100.64,1.406
100.689,2.375
100.738,2.52

Machine Name,P29201A
Point Name,29VT-2001AX
Wf Amp,0.581
Number of Revs,N/A
X-Axis Unit,ms
Y-Axis Unit,µm 
Sample Speed, N/A rpm
Sample Status,Valid
Timestamp,4/27/2023 1:29:05 PM
Variable,Disp Wf(500Hz)
X-Axis Value,Y-Axis Value
0,0.079
0.781,0.079
1.563,-0.067
2.344,0.079
3.125,-0.067
3.906,0.079
4.688,0.176
5.469,-0.018
6.25,0.03
7.031,0.03
7.813,0.079
8.594,-0.067
9.375,-0.067
10.156,0.127
10.938,0.03
11.719,-0.018
12.5,0.079
13.281,-0.067
14.063,-0.018
14.844,0.03
15.625,-0.018
16.406,0.079
17.188,0.03
17.969,-0.018
18.75,-0.067
19.531,0.079
20.313,0.079
21.094,-0.067
21.875,0.03
22.656,-0.018
23.438,0.03
24.219,-0.018
25,-0.067
25.781,0.03
26.563,-0.018
27.344,0.127
28.125,0.03
28.906,-0.067
29.688,0.079
30.469,-0.018
31.25,0.03
32.031,0.079
32.813,0.03
33.594,0.03
34.375,0.03
35.156,-0.018
35.938,0.03
36.719,0.03
37.5,-0.115
38.281,0.127
39.063,-0.018
39.844,-0.067
40.625,0.079
41.406,-0.115
42.188,0.03
42.969,-0.018
43.75,-0.067
44.531,0.03
45.313,-0.067
46.094,0.03
46.875,-0.018
47.656,-0.018
48.438,0.03
49.219,-0.067
50,0.03
50.781,0.079
51.563,-0.018
52.344,0.03
53.125,0.03
53.906,-0.115
54.688,0.03
55.469,0.03
56.25,0.03
57.031,0.03
57.813,-0.067
58.594,0.079
59.375,0.03
60.156,-0.018
60.938,0.03
61.719,-0.018
62.5,-0.067
63.281,-0.067
64.063,0.079
64.844,-0.115
65.625,0.03
66.406,0.127
67.188,-0.163
67.969,0.127
68.75,0.03
69.531,-0.018
70.313,-0.018
71.094,-0.115
71.875,0.079
72.656,-0.018
73.438,-0.018
74.219,0.03
75,-0.018
75.781,0.03
76.563,-0.067
77.344,0.03
78.125,-0.067
78.906,0.03
79.688,0.079
80.469,-0.067
81.25,-0.067
82.031,0.079
82.813,0.127
83.594,-0.163
84.375,0.03
85.156,0.127
85.938,-0.115
86.719,0.127
87.5,-0.018
88.281,0.079
89.063,0.127
89.844,-0.163
90.625,0.079
91.406,-0.115
92.188,0.03
92.969,0.127
93.75,-0.115
94.531,0.03
95.313,0.03
96.094,-0.067
96.875,0.03
97.656,-0.018
98.438,-0.018
99.219,-0.018
100,-0.018
100.781,-0.018
101.563,0.03
102.344,0.03
103.125,-0.067
103.906,-0.018
104.688,0.03
105.469,0.03
106.25,0.03
107.031,-0.018
107.813,-0.018
108.594,0.03
109.375,-0.115
110.156,-0.067
110.938,0.079
111.719,-0.018
112.5,-0.018
113.281,0.03
114.063,0.03
114.844,-0.115
115.625,0.079
116.406,-0.018
117.188,-0.115
117.969,0.079
118.75,-0.067
119.531,0.03
120.313,0.03
121.094,-0.018
121.875,-0.018
122.656,-0.115
123.438,-0.018
124.219,0.03
125,0.03
125.781,-0.018
126.563,-0.067
127.344,-0.067
128.125,-0.067
128.906,0.079
129.688,-0.067
130.469,-0.163
131.25,0.079
132.031,-0.067
132.813,0.03
133.594,0.03
134.375,-0.115
135.156,0.079
135.938,-0.018
136.719,-0.067
137.5,0.079
138.281,-0.018
139.063,-0.067
139.844,0.127
140.625,-0.018
141.406,-0.163
142.188,0.127
142.969,0.03
143.75,-0.067
144.531,0.127
145.313,-0.115
146.094,0.079
146.875,0.03
147.656,-0.018
148.438,0.03
149.219,-0.067
150,0.079
150.781,-0.018
151.563,-0.067
152.344,0.03
153.125,0.079
153.906,-0.067
154.688,-0.067
155.469,0.079
156.25,-0.067
157.031,0.079
157.813,0.079
158.594,-0.115
159.375,0.079
160.156,0.03
160.938,-0.067
161.719,-0.067
162.5,0.079
163.281,-0.018
164.063,-0.067
164.844,0.176
165.625,-0.067
166.406,0.079
167.188,0.127
167.969,-0.163
168.75,0.127
169.531,-0.018
170.313,-0.067
171.094,0.127
171.875,-0.018
172.656,0.03
173.438,-0.115
174.219,0.079
175,0.03
175.781,-0.067
176.563,0.273
177.344,-0.115
178.125,-0.067
178.906,0.127
179.688,-0.115
180.469,0.03
181.25,0.03
182.031,-0.067
182.813,-0.067
183.594,0.079
184.375,0.079
185.156,-0.018
185.938,0.079
186.719,0.03
187.5,0.03
188.281,-0.115
189.063,0.03
189.844,0.079
190.625,0.03
191.406,0.03
192.188,-0.067
192.969,0.079
193.75,-0.067
194.531,-0.067
195.313,0.127
196.094,0.03
196.875,-0.115
197.656,0.03
198.438,0.079
199.219,-0.018
200,0.03
200.781,0.03
201.563,-0.067
202.344,-0.018
203.125,-0.018
203.906,0.079
204.688,0.03
205.469,-0.115
206.25,0.176
207.031,-0.018
207.813,-0.067
208.594,0.03
209.375,-0.018
210.156,0.079
210.938,-0.067
211.719,-0.018
212.5,0.079
213.281,0.03
214.063,-0.067
214.844,-0.067
215.625,0.127
216.406,-0.018
217.188,-0.018
217.969,0.079
218.75,-0.067
219.531,-0.067
220.313,-0.018
221.094,0.03
221.875,-0.018
222.656,-0.067
223.438,-0.018
224.219,-0.018
225,0.03
225.781,0.03
226.563,-0.018
227.344,-0.067
228.125,0.079
228.906,0.03
229.688,-0.067
230.469,0.079
231.25,-0.018
232.031,-0.067
232.813,0.03
233.594,-0.018
234.375,-0.018
235.156,-0.018
235.938,-0.018
236.719,0.079
237.5,-0.067
238.281,0.127
239.063,0.03
239.844,-0.115
240.625,0.079
241.406,-0.067
242.188,-0.115
242.969,0.127
243.75,-0.067
244.531,-0.115
245.313,0.079
246.094,-0.067
246.875,-0.018
247.656,0.079
248.438,-0.067
249.219,-0.018
250,0.079
250.781,0.079
251.563,0.03
252.344,-0.115
253.125,-0.018
253.906,-0.018
254.688,-0.115
255.469,0.127
256.25,-0.018
257.031,-0.067
257.813,0.079
258.594,-0.018
259.375,0.03
260.156,0.03
260.938,-0.018
261.719,0.03
262.5,-0.018
263.281,-0.115
264.063,0.03
264.844,-0.018
265.625,-0.067
266.406,0.079
267.188,-0.067
267.969,-0.018
268.75,0.079
269.531,-0.018
270.313,-0.115
271.094,0.079
271.875,0.03
272.656,-0.115
273.438,0.03
274.219,-0.018
275,0.079
275.781,-0.018
276.563,-0.115
277.344,-0.018
278.125,-0.018
278.906,-0.018
279.688,-0.018
280.469,0.03
281.25,0.079
282.031,-0.018
282.813,-0.018
283.594,0.079
284.375,-0.067
285.156,0.127
285.938,0.127
286.719,-0.115
287.5,-0.018
288.281,0.03
289.063,-0.067
289.844,-0.067
290.625,0.03
291.406,-0.018
292.188,-0.018
292.969,0.127
293.75,-0.067
294.531,-0.018
295.313,-0.018
296.094,-0.115
296.875,0.127
297.656,-0.018
298.438,-0.067
299.219,0.03
300,-0.115
300.781,0.03
301.563,0.127
302.344,-0.018
303.125,-0.115
303.906,0.079
304.688,-0.018
305.469,-0.067
306.25,0.03
307.031,-0.163
307.813,0.03
308.594,0.079
309.375,0.03
310.156,-0.067
310.938,-0.067
311.719,0.079
312.5,-0.115
313.281,0.03
314.063,-0.018
314.844,-0.018
315.625,0.03
316.406,-0.067
317.188,-0.067
317.969,-0.018
318.75,0.127
319.531,-0.115
320.313,-0.115
321.094,0.127
321.875,-0.067
322.656,-0.067
323.438,0.079
324.219,-0.067
325,-0.115
325.781,0.079
326.563,0.03
327.344,0.03
328.125,-0.067
328.906,-0.018
329.688,0.03
330.469,0.079
331.25,-0.018
332.031,-0.115
332.813,0.127
333.594,-0.115
334.375,0.03
335.156,0.176
335.938,-0.309
336.719,-0.018
337.5,0.079
338.281,-0.067
339.063,0.127
339.844,-0.067
340.625,-0.067
341.406,0.03
342.188,-0.018
342.969,0.03
343.75,0.03
344.531,-0.018
345.313,0.03
346.094,-0.018
346.875,0.03
347.656,0.03
348.438,-0.018
349.219,0.03
350,0.03
350.781,-0.067
351.563,-0.067
352.344,0.079
353.125,0.03
353.906,-0.018
354.688,0.03
355.469,-0.067
356.25,0.03
357.031,0.079
357.813,-0.018
358.594,0.03
359.375,0.03
360.156,0.03
360.938,-0.018
361.719,0.03
362.5,-0.067
363.281,-0.018
364.063,0.079
364.844,-0.018
365.625,0.079
366.406,0.03
367.188,-0.018
367.969,0.03
368.75,0.03
369.531,-0.018
370.313,0.03
371.094,0.079
371.875,-0.115
372.656,0.127
373.438,0.079
374.219,-0.115
375,0.176
375.781,-0.067
376.563,-0.018
377.344,-0.018
378.125,-0.018
378.906,0.176
379.688,-0.018
380.469,-0.018
381.25,0.03
382.031,-0.018
382.813,0.03
383.594,0.03
384.375,-0.067
385.156,0.03
385.938,-0.018
386.719,-0.115
387.5,0.03
388.281,0.03
389.063,0.079
389.844,-0.067
390.625,-0.115
391.406,0.127
392.188,0.03
392.969,-0.067
393.75,0.03
394.531,-0.018
395.313,-0.018
396.094,0.03
396.875,0.079
397.656,-0.067
398.438,-0.018
399.219,0.03
400,-0.067
400.781,0.079
401.563,-0.067
402.344,-0.018
403.125,0.03
403.906,-0.018
404.688,0.079
405.469,-0.067
406.25,0.079
407.031,0.127
407.813,-0.115
408.594,-0.067
409.375,0.03
410.156,-0.018
410.938,-0.018
411.719,0.079
412.5,-0.018
413.281,-0.018
414.063,-0.115
414.844,0.03
415.625,0.127
416.406,-0.067
417.188,0.079
417.969,-0.067
418.75,0.079
419.531,0.079
420.313,-0.115
421.094,0.03
421.875,-0.018
422.656,0.03
423.438,0.079
424.219,-0.067
425,-0.018
425.781,0.127
426.563,-0.067
427.344,-0.018
428.125,0.03
428.906,-0.067
429.688,0.079
430.469,-0.018
431.25,-0.067
432.031,0.079
432.813,-0.018
433.594,-0.018
434.375,-0.018
435.156,-0.018
435.938,0.03
436.719,-0.067
437.5,0.127
438.281,0.03
439.063,-0.115
439.844,0.079
440.625,-0.018
441.406,-0.018
442.188,0.03
442.969,-0.018
443.75,0.03
444.531,0.03
445.313,-0.067
446.094,-0.018
446.875,0.079
447.656,-0.067
448.438,-0.018
449.219,0.03
450,0.079
450.781,-0.018
451.563,-0.018
452.344,0.03
453.125,-0.067
453.906,0.079
454.688,-0.067
455.469,0.03
456.25,0.03
457.031,-0.115
457.813,0.127
458.594,0.03
459.375,-0.115
460.156,0.079
460.938,-0.018
461.719,-0.067
462.5,0.079
463.281,0.03
464.063,0.03
464.844,-0.018
465.625,-0.018
466.406,-0.018
467.188,0.03
467.969,0.03
468.75,-0.018
469.531,0.03
470.313,-0.018
471.094,0.03
471.875,-0.067
472.656,-0.018
473.438,0.079
474.219,-0.115
475,0.03
475.781,0.127
476.563,-0.018
477.344,0.079
478.125,-0.067
478.906,-0.018
479.688,0.03
480.469,-0.115
481.25,-0.018
482.031,0.079
482.813,0.03
483.594,-0.018
484.375,0.079
485.156,-0.067
485.938,-0.018
486.719,-0.018
487.5,-0.067
488.281,0.03
489.063,-0.018
489.844,-0.018
490.625,-0.018
491.406,-0.067
492.188,0.03
492.969,-0.018
493.75,0.03
494.531,-0.018
495.313,0.03
496.094,0.03
496.875,-0.212
497.656,0.079
498.438,0.079
499.219,-0.115
500,0.03
500.781,0.03
501.563,0.03
502.344,0.03
503.125,0.079
503.906,-0.018
504.688,0.03
505.469,-0.018
506.25,-0.018
507.031,0.03
507.813,-0.115
508.594,-0.018
509.375,0.03
510.156,-0.067
510.938,-0.018
511.719,0.03
512.5,-0.018
513.281,-0.067
514.063,0.127
514.844,0.03
515.625,-0.115
516.406,0.079
517.188,-0.115
517.969,-0.018
518.75,-0.018
519.531,0.079
520.313,0.127
521.094,-0.163
521.875,-0.067
522.656,0.03
523.438,-0.018
524.219,-0.115
525,0.079
525.781,0.03
526.563,-0.163
527.344,0.03
528.125,0.079
528.906,0.03
529.688,-0.018
530.469,0.03
531.25,-0.163
532.031,-0.018
532.813,0.127
533.594,-0.115
534.375,0.03
535.156,0.079
535.938,-0.115
536.719,-0.067
537.5,0.03
538.281,-0.018
539.063,0.03
539.844,0.079
540.625,-0.115
541.406,0.03
542.188,-0.067
542.969,-0.067
543.75,0.079
544.531,-0.018
545.313,-0.067
546.094,0.03
546.875,-0.018
547.656,0.03
548.438,-0.018
549.219,-0.115
550,0.079
550.781,-0.018
551.563,-0.018
552.344,0.03
553.125,-0.018
553.906,0.079
554.688,-0.018
555.469,0.079
556.25,-0.018
557.031,-0.067
557.813,0.127
558.594,-0.018
559.375,0.03
560.156,-0.018
560.938,-0.018
561.719,-0.018
562.5,0.03
563.281,0.079
564.063,-0.067
564.844,-0.018
565.625,0.079
566.406,-0.018
567.188,-0.067
567.969,0.127
568.75,0.079
569.531,-0.067
570.313,0.03
571.094,0.03
571.875,0.03
572.656,-0.018
573.438,-0.018
574.219,0.079
575,0.079
575.781,0.03
576.563,0.079
577.344,-0.018
578.125,-0.018
578.906,-0.018
579.688,-0.018
580.469,0.03
581.25,0.03
582.031,-0.018
582.813,-0.018
583.594,-0.018
584.375,0.03
585.156,-0.018
585.938,-0.067
586.719,-0.018
587.5,0.03
588.281,0.03
589.063,-0.067
589.844,0.03
590.625,0.03
591.406,-0.018
592.188,0.03
592.969,-0.067
593.75,-0.018
594.531,-0.018
595.313,-0.018
596.094,-0.115
596.875,0.03
597.656,0.079
598.438,-0.115
599.219,0.127
600,-0.018
600.781,-0.067
601.563,0.079
602.344,-0.067
603.125,-0.115
603.906,0.079
604.688,0.03
605.469,-0.067
606.25,-0.018
607.031,-0.018
607.813,0.079
608.594,0.03
609.375,0.03
610.156,-0.018
610.938,-0.115
611.719,0.03
612.5,0.03
613.281,0.03
614.063,0.03
614.844,-0.018
615.625,0.03
616.406,-0.018
617.188,-0.067
617.969,-0.067
618.75,0.03
619.531,-0.018
620.313,-0.067
621.094,0.03
621.875,0.079
622.656,0.03
623.438,-0.018
624.219,0.03
625,-0.018
625.781,0.03
626.563,-0.018
627.344,-0.018
628.125,0.03
628.906,-0.067
629.688,-0.018
630.469,0.079
631.25,0.03
632.031,-0.115
632.813,0.03
633.594,0.03
634.375,-0.018
635.156,0.03
635.938,0.03
636.719,-0.018
637.5,0.03
638.281,-0.018
639.063,-0.018
639.844,0.079
640.625,-0.115
641.406,0.03
642.188,-0.067
642.969,-0.018
643.75,0.127
644.531,-0.115
645.313,-0.018
646.094,0.079
646.875,-0.067
647.656,-0.018
648.438,0.03
649.219,-0.018
650,0.03
650.781,0.03
651.563,-0.018
652.344,-0.018
653.125,0.079
653.906,-0.115
654.688,-0.067
655.469,0.079
656.25,-0.163
657.031,0.079
657.813,0.079
658.594,-0.115
659.375,0.03
660.156,0.03
660.938,-0.018
661.719,-0.018
662.5,0.03
663.281,0.03
664.063,0.03
664.844,-0.067
665.625,-0.018
666.406,0.079
667.188,-0.067
667.969,-0.018
668.75,-0.018
669.531,-0.067
670.313,0.079
671.094,-0.018
671.875,-0.067
672.656,0.03
673.438,0.03
674.219,-0.067
675,0.03
675.781,-0.018
676.563,-0.163
677.344,0.079
678.125,-0.067
678.906,-0.115
679.688,0.127
680.469,-0.018
681.25,-0.018
682.031,-0.018
682.813,-0.018
683.594,0.03
684.375,-0.067
685.156,0.079
685.938,-0.067
686.719,-0.018
687.5,0.079
688.281,-0.067
689.063,0.079
689.844,-0.018
690.625,-0.067
691.406,0.079
692.188,0.03
692.969,-0.018
693.75,-0.018
694.531,-0.018
695.313,-0.018
696.094,-0.018
696.875,-0.018
697.656,0.03
698.438,-0.067
699.219,-0.067
700,-0.018
700.781,0.03
701.563,0.03
702.344,-0.115
703.125,0.079
703.906,0.079
704.688,-0.115
705.469,-0.018
706.25,-0.018
707.031,0.03
707.813,0.03
708.594,0.03
709.375,-0.018
710.156,0.079
710.938,-0.018
711.719,0.03
712.5,0.03
713.281,-0.163
714.063,0.176
714.844,-0.067
715.625,-0.018
716.406,0.079
717.188,-0.067
717.969,0.03
718.75,-0.067
719.531,0.03
720.313,0.03
721.094,0.03
721.875,-0.067
722.656,0.03
723.438,0.079
724.219,-0.067
725,0.03
725.781,-0.018
726.563,0.03
727.344,0.03
728.125,0.03
728.906,-0.018
729.688,-0.067
730.469,0.127
731.25,-0.018
732.031,-0.018
732.813,-0.018
733.594,-0.018
734.375,0.03
735.156,-0.115
735.938,0.127
736.719,0.03
737.5,-0.115
738.281,-0.018
739.063,-0.018
739.844,0.127
740.625,0.079
741.406,-0.067
742.188,0.03
742.969,-0.018
743.75,-0.115
744.531,0.03
745.313,0.079
746.094,-0.067
746.875,-0.067
747.656,-0.018
748.438,0.03
749.219,0.079
750,0.079
750.781,-0.018
751.563,-0.067
752.344,-0.018
753.125,0.03
753.906,0.03
754.688,-0.018
755.469,0.079
756.25,-0.067
757.031,-0.018
757.813,0.03
758.594,-0.067
759.375,-0.018
760.156,-0.018
760.938,0.127
761.719,-0.067
762.5,-0.018
763.281,0.079
764.063,-0.018
764.844,0.03
765.625,0.03
766.406,0.079
767.188,-0.067
767.969,-0.018
768.75,0.03
769.531,-0.018
770.313,0.03
771.094,0.127
771.875,-0.018
772.656,-0.067
773.438,0.03
774.219,0.03
775,-0.018
775.781,0.079
776.563,-0.018
777.344,-0.067
778.125,-0.018
778.906,0.079
779.688,0.03
780.469,-0.067
781.25,0.079
782.031,-0.018
782.813,-0.018
783.594,0.079
784.375,-0.115
785.156,-0.067
785.938,0.03
786.719,0.079
787.5,-0.067
788.281,-0.018
789.063,0.079
789.844,-0.067
790.625,0.03
791.406,0.03
792.188,-0.018
792.969,-0.018
793.75,-0.067
794.531,-0.018
795.313,0.079
796.094,-0.018
796.875,-0.018
797.656,0.079
798.438,-0.067
799.219,-0.067
800,-0.018
800.781,0.079
801.563,-0.115
802.344,-0.018
803.125,0.176
803.906,-0.067
804.688,0.03
805.469,0.03
806.25,-0.067
807.031,-0.018
807.813,-0.018
808.594,-0.018
809.375,0.079
810.156,-0.018
810.938,-0.115
811.719,0.079
812.5,-0.067
813.281,-0.115
814.063,0.03
814.844,0.03
815.625,0.03
816.406,0.079
817.188,-0.018
817.969,-0.018
818.75,-0.018
819.531,0.03
820.313,-0.018
821.094,-0.018
821.875,0.03
822.656,-0.067
823.438,-0.018
824.219,-0.018
825,0.079
825.781,-0.018
826.563,-0.018
827.344,-0.018
828.125,-0.115
828.906,0.079
829.688,-0.018
830.469,-0.067
831.25,0.03
832.031,-0.115
832.813,0.03
833.594,0.03
834.375,-0.018
835.156,-0.018
835.938,-0.067
836.719,0.03
837.5,0.079
838.281,0.03
839.063,0.03
839.844,-0.115
840.625,-0.067
841.406,0.03
842.188,0.03
842.969,0.03
843.75,-0.018
844.531,-0.067
845.313,0.03
846.094,0.079
846.875,-0.067
847.656,0.03
848.438,-0.018
849.219,-0.018
850,0.079
850.781,-0.018
851.563,-0.163
852.344,0.127
853.125,-0.067
853.906,-0.115
854.688,0.127
855.469,-0.018
856.25,0.079
857.031,-0.067
857.813,-0.067
858.594,0.079
859.375,0.03
860.156,0.03
860.938,-0.115
861.719,-0.018
862.5,0.03
863.281,-0.018
864.063,0.03
864.844,-0.067
865.625,0.079
866.406,0.127
867.188,-0.067
867.969,-0.018
868.75,0.079
869.531,-0.067
870.313,-0.212
871.094,0.176
871.875,0.03
872.656,-0.163
873.438,0.079
874.219,-0.018
875,0.03
875.781,-0.018
876.563,-0.115
877.344,0.03
878.125,0.03
878.906,-0.018
879.688,-0.067
880.469,0.03
881.25,-0.018
882.031,0.03
882.813,0.03
883.594,-0.115
884.375,0.03
885.156,0.03
885.938,-0.018
886.719,0.03
887.5,0.03
888.281,-0.018
889.063,0.03
889.844,-0.067
890.625,0.079
891.406,0.079
892.188,-0.115
892.969,-0.018
893.75,-0.018
894.531,-0.067
895.313,-0.018
896.094,0.03
896.875,-0.018
897.656,0.03
898.438,-0.115
899.219,-0.067
900,0.079
900.781,-0.067
901.563,-0.018
902.344,-0.018
903.125,-0.067
903.906,0.03
904.688,-0.018
905.469,0.03
906.25,0.079
907.031,-0.018
907.813,-0.067
908.594,0.127
909.375,0.03
910.156,-0.163
910.938,0.127
911.719,0.03
912.5,-0.115
913.281,0.03
914.063,0.03
914.844,0.03
915.625,-0.018
916.406,-0.018
917.188,-0.018
917.969,-0.018
918.75,-0.018
919.531,-0.115
920.313,-0.018
921.094,0.079
921.875,-0.067
922.656,0.079
923.438,-0.018
924.219,-0.115
925,0.127
925.781,-0.067
926.563,-0.067
927.344,0.03
928.125,-0.018
928.906,-0.018
929.688,0.03
930.469,-0.018
931.25,-0.018
932.031,0.03
932.813,-0.067
933.594,0.079
934.375,-0.067
935.156,0.03
935.938,0.079
936.719,-0.018
937.5,0.03
938.281,-0.067
939.063,0.03
939.844,-0.018
940.625,0.079
941.406,-0.018
942.188,-0.115
942.969,0.03
943.75,-0.067
944.531,0.03
945.313,0.03
946.094,-0.067
946.875,0.127
947.656,-0.067
948.438,0.03
949.219,0.03
950,-0.212
950.781,0.127
951.563,-0.018
952.344,-0.067
953.125,0.079
953.906,-0.115
954.688,-0.067
955.469,0.03
956.25,-0.018
957.031,-0.018
957.813,0.03
958.594,-0.018
959.375,-0.067
960.156,0.03
960.938,0.03
961.719,0.03
962.5,0.079
963.281,-0.018
964.063,-0.018
964.844,-0.067
965.625,0.03
966.406,0.079
967.188,-0.163
967.969,0.079
968.75,-0.067
969.531,-0.018
970.313,0.079
971.094,-0.163
971.875,0.079
972.656,-0.115
973.438,-0.115
974.219,0.079
975,-0.115
975.781,0.176
976.563,-0.018
977.344,-0.212
978.125,0.176
978.906,0.03
979.688,-0.163
980.469,0.03
981.25,-0.067
982.031,-0.018
982.813,0.079
983.594,-0.018
984.375,0.03
985.156,-0.018
985.938,-0.067
986.719,0.079
987.5,0.03
988.281,-0.115
989.063,-0.067
989.844,0.079
990.625,0.079
991.406,-0.115
992.188,-0.115
992.969,0.079
993.75,-0.018
994.531,-0.115
995.313,-0.018
996.094,0.079
996.875,-0.018
997.656,0.03
998.438,-0.067
999.219,-0.163
1000,0.079
1000.781,-0.018
1001.563,-0.115
1002.344,0.03
1003.125,-0.018
1003.906,-0.018
1004.688,0.03
1005.469,0.03
1006.25,0.03
1007.031,0.03
1007.813,0.03
1008.594,-0.067
1009.375,-0.018
1010.156,-0.018
1010.938,-0.067
1011.719,0.03
1012.5,-0.018
1013.281,-0.018
1014.063,-0.067
1014.844,0.03
1015.625,0.079
1016.406,-0.115
1017.188,-0.018
1017.969,-0.018
1018.75,0.03
1019.531,-0.018
1020.313,-0.115
1021.094,0.03
1021.875,-0.018
1022.656,-0.018
1023.438,0.03
1024.219,-0.115
1025,-0.115
1025.781,0.079
1026.563,0.03
1027.344,0.03
1028.125,-0.018
1028.906,-0.067
1029.688,0.079
1030.469,0.176
1031.25,-0.163
1032.031,-0.018
1032.813,0.224
1033.594,-0.163
1034.375,0.079
1035.156,-0.018
1035.938,-0.067
1036.719,0.176
1037.5,-0.163
1038.281,0.03
1039.063,-0.018
1039.844,-0.018
1040.625,0.176
1041.406,-0.115
1042.188,0.03
1042.969,0.03
1043.75,-0.018
1044.531,0.03
1045.313,-0.115
1046.094,0.127
1046.875,0.03
1047.656,-0.067
1048.438,0.079
1049.219,0.03
1050,-0.018
1050.781,-0.018
1051.563,0.03
1052.344,-0.018
1053.125,-0.018
1053.906,0.127
1054.688,0.03
1055.469,-0.115
1056.25,-0.018
1057.031,-0.018
1057.813,0.03
1058.594,-0.018
1059.375,0.03
1060.156,-0.018
1060.938,-0.018
1061.719,0.127
1062.5,-0.067
1063.281,0.079
1064.063,-0.067
1064.844,-0.018
1065.625,0.176
1066.406,-0.018
1067.188,-0.067
1067.969,-0.018
1068.75,-0.018
1069.531,0.079
1070.313,0.03
1071.094,-0.067
1071.875,0.03
1072.656,0.127
1073.438,-0.115
1074.219,-0.018
1075,0.03
1075.781,-0.067
1076.563,0.079
1077.344,0.03
1078.125,0.079
1078.906,-0.163
1079.688,-0.018
1080.469,0.224
1081.25,-0.115
1082.031,-0.067
1082.813,-0.018
1083.594,-0.018
1084.375,0.03
1085.156,-0.067
1085.938,-0.067
1086.719,-0.018
1087.5,0.127
1088.281,0.03
1089.063,-0.018
1089.844,-0.018
1090.625,-0.115
1091.406,0.079
1092.188,0.079
1092.969,-0.067
1093.75,-0.067
1094.531,-0.018
1095.313,0.079
1096.094,0.03
1096.875,-0.067
1097.656,-0.018
1098.438,0.03
1099.219,-0.018
1100,-0.018
1100.781,0.03
1101.563,0.127
1102.344,0.03
1103.125,-0.067
1103.906,0.079
1104.688,0.03
1105.469,-0.163
1106.25,0.127
1107.031,0.079
1107.813,-0.163
1108.594,0.079
1109.375,0.03
1110.156,-0.018
1110.938,0.127
1111.719,-0.018
1112.5,0.03
1113.281,-0.018
1114.063,-0.067
1114.844,0.079
1115.625,-0.018
1116.406,-0.067
1117.188,0.079
1117.969,-0.018
1118.75,-0.067
1119.531,0.127
1120.313,-0.018
1121.094,-0.115
1121.875,0.079
1122.656,-0.163
1123.438,-0.018
1124.219,0.127
1125,-0.115
1125.781,0.03
1126.563,0.127
1127.344,-0.115
1128.125,0.03
1128.906,-0.018
1129.688,-0.018
1130.469,0.127
1131.25,-0.018
1132.031,-0.018
1132.813,-0.018
1133.594,0.03
1134.375,0.127
1135.156,-0.018
1135.938,-0.067
1136.719,-0.115
1137.5,0.079
1138.281,0.079
1139.063,0.03
1139.844,-0.018
1140.625,-0.018
1141.406,0.127
1142.188,-0.018
1142.969,-0.067
1143.75,0.03
1144.531,0.03
1145.313,0.03
1146.094,0.03
1146.875,-0.018
1147.656,-0.018
1148.438,0.03
1149.219,0.079
1150,-0.067
1150.781,-0.115
1151.563,0.03
1152.344,0.03
1153.125,-0.018
1153.906,-0.018
1154.688,0.079
1155.469,-0.067
1156.25,0.03
1157.031,-0.018
1157.813,-0.163
1158.594,0.176
1159.375,-0.067
1160.156,-0.018
1160.938,0.03
1161.719,-0.163
1162.5,-0.018
1163.281,0.03
1164.063,0.03
1164.844,0.03
1165.625,-0.067
1166.406,0.03
1167.188,-0.018
1167.969,-0.018
1168.75,0.079
1169.531,-0.018
1170.313,0.079
1171.094,-0.018
1171.875,-0.018
1172.656,-0.018
1173.438,-0.067
1174.219,0.079
1175,-0.018
1175.781,-0.018
1176.563,-0.067
1177.344,-0.018
1178.125,0.03
1178.906,-0.067
1179.688,0.03
1180.469,-0.018
1181.25,0.03
1182.031,0.03
1182.813,-0.115
1183.594,-0.067
1184.375,0.03
1185.156,0.03
1185.938,-0.115
1186.719,-0.067
1187.5,-0.018
1188.281,-0.018
1189.063,0.079
1189.844,-0.115
1190.625,-0.163
1191.406,0.03
1192.188,0.03
1192.969,-0.067
1193.75,-0.115
1194.531,0.079
1195.313,-0.018
1196.094,-0.018
1196.875,0.03
1197.656,-0.067
1198.438,0.079
1199.219,-0.163
1200,-0.067
1200.781,0.273
1201.563,-0.115
1202.344,-0.115
1203.125,0.079
1203.906,-0.067
1204.688,0.127
1205.469,0.079
1206.25,-0.115
1207.031,0.03
1207.813,0.079
1208.594,0.127
1209.375,-0.067
1210.156,-0.115
1210.938,0.03
1211.719,0.03
1212.5,0.079
1213.281,-0.018
1214.063,-0.067
1214.844,-0.018
1215.625,-0.018
1216.406,-0.018
1217.188,-0.067
1217.969,0.127
1218.75,0.03
1219.531,-0.115
1220.313,0.079
1221.094,-0.018
1221.875,-0.163
1222.656,0.079
1223.438,0.03
1224.219,-0.067
1225,0.079
1225.781,0.03
1226.563,-0.067
1227.344,-0.018
1228.125,0.127
1228.906,-0.115
1229.688,0.03
1230.469,0.127
1231.25,-0.163
1232.031,0.127
1232.813,-0.018
1233.594,-0.067
1234.375,0.127
1235.156,-0.163
1235.938,0.127
1236.719,0.03
1237.5,-0.163
1238.281,0.224
1239.063,-0.115
1239.844,-0.018
1240.625,0.127
1241.406,-0.115
1242.188,0.03
1242.969,0.03
1243.75,-0.018
1244.531,-0.018
1245.313,-0.067
1246.094,0.127
1246.875,-0.018
1247.656,-0.018
1248.438,0.127
1249.219,-0.115
1250,0.079
1250.781,0.079
1251.563,0.03
1252.344,-0.018
1253.125,-0.018
1253.906,0.03
1254.688,-0.067
1255.469,-0.115
1256.25,-0.018
1257.031,0.176
1257.813,0.03
1258.594,-0.067
1259.375,0.176
1260.156,-0.018
1260.938,-0.115
1261.719,0.176
1262.5,-0.018
1263.281,-0.163
1264.063,-0.018
1264.844,0.079
1265.625,-0.018
1266.406,0.079
1267.188,-0.018
1267.969,-0.115
1268.75,0.176
1269.531,-0.067
1270.313,-0.067
1271.094,0.127
1271.875,-0.067
1272.656,-0.018
1273.438,0.03
1274.219,-0.018
1275,0.079
1275.781,0.079
1276.563,-0.018
1277.344,0.03
1278.125,-0.067
1278.906,0.03
1279.688,0.079
1280.469,-0.067
1281.25,0.03
1282.031,0.03
1282.813,-0.067
1283.594,0.03
1284.375,-0.018
1285.156,-0.018
1285.938,0.03
1286.719,-0.067
1287.5,0.03
1288.281,0.03
1289.063,-0.067
1289.844,-0.018
1290.625,0.079
1291.406,0.127
1292.188,-0.067
1292.969,-0.018
1293.75,-0.018
1294.531,-0.018
1295.313,0.03
1296.094,-0.067
1296.875,0.079
1297.656,0.03
1298.438,-0.018
1299.219,0.079
1300,-0.115
1300.781,0.03
1301.563,0.03
1302.344,-0.067
1303.125,-0.018
1303.906,0.079
1304.688,0.03
1305.469,-0.067
1306.25,-0.018
1307.031,0.03
1307.813,0.079
1308.594,-0.067
1309.375,-0.115
1310.156,0.176
1310.938,-0.115
1311.719,-0.115
1312.5,0.079
1313.281,-0.067
1314.063,0.03
1314.844,-0.018
1315.625,-0.067
1316.406,-0.018
1317.188,0.03
1317.969,0.03
1318.75,-0.067
1319.531,-0.018
1320.313,-0.018
1321.094,0.03
1321.875,-0.018
1322.656,-0.018
1323.438,0.03
1324.219,-0.018
1325,-0.115
1325.781,0.079
1326.563,0.127
1327.344,-0.067
1328.125,-0.018
1328.906,-0.067
1329.688,0.127
1330.469,0.03
1331.25,-0.163
1332.031,0.03
1332.813,0.03
1333.594,0.03
1334.375,-0.018
1335.156,-0.115
1335.938,0.03
1336.719,0.03
1337.5,-0.115
1338.281,0.079
1339.063,-0.067
1339.844,-0.018
1340.625,0.079
1341.406,-0.212
1342.188,0.03
1342.969,0.079
1343.75,-0.067
1344.531,0.079
1345.313,0.03
1346.094,-0.067
1346.875,-0.018
1347.656,-0.018
1348.438,0.03
1349.219,0.079
1350,0.03
1350.781,0.03
1351.563,-0.067
1352.344,0.03
1353.125,0.03
1353.906,-0.067
1354.688,-0.018
1355.469,0.03
1356.25,-0.018
1357.031,-0.067
1357.813,0.176
1358.594,-0.018
1359.375,-0.067
1360.156,0.127
1360.938,-0.018
1361.719,-0.018
1362.5,-0.018
1363.281,-0.067
1364.063,-0.067
1364.844,0.079
1365.625,-0.067
1366.406,0.03
1367.188,0.079
1367.969,-0.018
1368.75,0.03
1369.531,-0.018
1370.313,0.079
1371.094,0.03
1371.875,-0.018
1372.656,0.03
1373.438,-0.018
1374.219,-0.067
1375,0.079
1375.781,0.03
1376.563,-0.115
1377.344,-0.018
1378.125,-0.018
1378.906,-0.067
1379.688,0.03
1380.469,-0.018
1381.25,-0.018
1382.031,0.079
1382.813,-0.115
1383.594,-0.018
1384.375,0.03
1385.156,-0.018
1385.938,0.079
1386.719,-0.018
1387.5,-0.018
1388.281,0.03
1389.063,-0.067
1389.844,-0.018
1390.625,-0.018
1391.406,0.03
1392.188,-0.018
1392.969,0.079
1393.75,-0.018
1394.531,-0.115
1395.313,0.079
1396.094,-0.018
1396.875,-0.018
1397.656,0.079
1398.438,0.079
1399.219,-0.018
1400,-0.067
1400.781,0.079
1401.563,-0.018
1402.344,-0.115
1403.125,-0.018
1403.906,0.079
1404.688,-0.115
1405.469,0.03
1406.25,0.176
1407.031,-0.163
1407.813,0.03
1408.594,0.03
1409.375,-0.067
1410.156,0.03
1410.938,-0.067
1411.719,-0.067
1412.5,0.079
1413.281,0.079
1414.063,-0.067
1414.844,0.03
1415.625,0.03
1416.406,0.03
1417.188,-0.018
1417.969,-0.067
1418.75,0.03
1419.531,0.03
1420.313,-0.067
1421.094,-0.067
1421.875,0.03
1422.656,-0.067
1423.438,0.03
1424.219,0.03
1425,-0.115
1425.781,0.03
1426.563,-0.067
1427.344,-0.067
1428.125,0.127
1428.906,0.03
1429.688,-0.067
1430.469,-0.115
1431.25,0.03
1432.031,0.127
1432.813,-0.018
1433.594,0.03
1434.375,-0.018
1435.156,-0.018
1435.938,-0.018
1436.719,0.03
1437.5,0.127
1438.281,0.03
1439.063,-0.067
1439.844,0.079
1440.625,0.079
1441.406,-0.067
1442.188,0.079
1442.969,-0.115
1443.75,-0.018
1444.531,0.127
1445.313,-0.018
1446.094,0.079
1446.875,-0.018
1447.656,-0.018
1448.438,0.03
1449.219,-0.018
1450,0.079
1450.781,0.03
1451.563,0.03
1452.344,0.03
1453.125,-0.018
1453.906,0.127
1454.688,0.03
1455.469,-0.067
1456.25,0.079
1457.031,-0.067
1457.813,0.079
1458.594,0.127
1459.375,-0.115
1460.156,0.079
1460.938,0.127
1461.719,-0.018
1462.5,-0.067
1463.281,0.03
1464.063,0.03
1464.844,-0.067
1465.625,0.176
1466.406,-0.018
1467.188,-0.067
1467.969,0.127
1468.75,-0.067
1469.531,0.079
1470.313,0.127
1471.094,-0.067
1471.875,0.03
1472.656,0.03
1473.438,0.127
1474.219,0.079
1475,-0.163
1475.781,0.079
1476.563,0.03
1477.344,-0.067
1478.125,0.079
1478.906,-0.018
1479.688,0.03
1480.469,0.03
1481.25,-0.018
1482.031,0.079
1482.813,-0.018
1483.594,-0.018
1484.375,0.079
1485.156,-0.018
1485.938,0.03
1486.719,0.03
1487.5,0.03
1488.281,0.079
1489.063,-0.115
1489.844,-0.067
1490.625,0.03
1491.406,0.127
1492.188,-0.115
1492.969,-0.018
1493.75,0.079
1494.531,-0.163
1495.313,0.03
1496.094,0.03
1496.875,-0.018
1497.656,-0.018
1498.438,-0.018
1499.219,0.03
1500,0.03
1500.781,-0.067
1501.563,-0.018
1502.344,0.03
1503.125,-0.018
1503.906,0.03
1504.688,0.03
1505.469,-0.067
1506.25,-0.018
1507.031,0.079
1507.813,0.03
1508.594,-0.018
1509.375,-0.018
1510.156,-0.067
1510.938,-0.018
1511.719,0.03
1512.5,-0.018
1513.281,-0.067
1514.063,0.03
1514.844,0.03
1515.625,-0.018
1516.406,-0.067
1517.188,0.03
1517.969,-0.067
1518.75,-0.115
1519.531,0.079
1520.313,-0.067
1521.094,0.03
1521.875,-0.018
1522.656,0.03
1523.438,0.079
1524.219,-0.115
1525,0.079
1525.781,-0.115
1526.563,0.127
1527.344,0.079
1528.125,-0.067
1528.906,0.03
1529.688,0.03
1530.469,0.03
1531.25,-0.067
1532.031,-0.018
1532.813,0.03
1533.594,0.079
1534.375,-0.018
1535.156,-0.067
1535.938,0.079
1536.719,-0.067
1537.5,0.03
1538.281,0.127
1539.063,-0.163
1539.844,-0.018
1540.625,0.127
1541.406,-0.115
1542.188,0.03
1542.969,-0.018
1543.75,-0.115
1544.531,0.127
1545.313,0.03
1546.094,-0.067
1546.875,0.03
1547.656,0.03
1548.438,0.03
1549.219,0.079
1550,-0.067
1550.781,-0.067
1551.563,0.127
1552.344,0.03
1553.125,-0.018
1553.906,0.03
1554.688,0.079
1555.469,-0.067
1556.25,-0.018
1557.031,0.079
1557.813,-0.018
1558.594,0.03
1559.375,0.127
1560.156,-0.067
1560.938,-0.018
1561.719,0.079
1562.5,-0.115
1563.281,0.079
1564.063,0.079
1564.844,-0.018
1565.625,-0.067
1566.406,-0.018
1567.188,0.176
1567.969,-0.067
1568.75,-0.115
1569.531,0.127
1570.313,0.127
1571.094,-0.115
1571.875,0.03
1572.656,0.03
1573.438,-0.018
1574.219,0.03
1575,-0.067
1575.781,0.03
1576.563,0.03
1577.344,-0.018
1578.125,-0.018
1578.906,-0.018
1579.688,0.079
1580.469,0.03
1581.25,-0.018
1582.031,-0.018
1582.813,-0.067
1583.594,0.127
1584.375,0.03
1585.156,-0.018
1585.938,0.03
1586.719,-0.067
1587.5,0.03
1588.281,-0.018
1589.063,0.03
1589.844,0.079
1590.625,0.03
1591.406,-0.018
1592.188,0.079
1592.969,0.03
1593.75,-0.163
1594.531,0.176
1595.313,-0.067
1596.094,-0.067
1596.875,0.224
1597.656,-0.115
1598.438,0.079
1599.219,0.079

Machine Name,P29201A
Point Name,29VT-2001AY
Wf Amp,33.574
Number of Revs,8
X-Axis Unit,ms
Y-Axis Unit,µm 
Sample Speed, 3961 rpm
Sample Status,Valid
Timestamp,8/27/2023 11:37:13 AM
Variable,Disp Wf(256X/8revs).29KT-2014A
X-Axis Value,Y-Axis Value
0,9.681
0.059,9.584
0.118,9.487
0.178,9.391
0.237,9.1
0.296,9.875
0.355,9.875
0.414,9.778
0.473,9.73
0.533,9.536
0.592,10.263
0.651,10.747
0.71,11.038
0.769,11.328
0.828,10.698
0.888,10.989
0.947,11.183
1.006,11.571
1.065,11.91
1.124,11.183
1.183,11.571
1.243,11.667
1.302,11.958
1.361,12.055
1.42,11.377
1.479,11.571
1.538,11.716
1.598,11.958
1.657,12.346
1.716,12.2
1.775,12.879
1.834,13.411
1.893,13.702
1.953,14.72
2.012,14.865
2.071,15.446
2.13,15.64
2.189,15.349
2.248,15.253
2.308,14.913
2.367,15.882
2.426,16.415
2.485,15.689
2.544,14.72
2.604,14.138
2.663,14.913
2.722,16.318
2.781,16.706
2.84,16.561
2.899,15.689
2.959,15.349
3.018,16.367
3.077,16.948
3.136,17.239
3.195,15.64
3.254,14.962
3.314,16.028
3.373,16.754
3.432,16.464
3.491,14.526
3.55,13.024
3.609,11.91
3.669,10.941
3.728,11.667
3.787,11.667
3.846,10.844
3.905,10.311
3.964,9.972
4.024,10.456
4.083,10.263
4.142,9.391
4.201,8.567
4.26,7.792
4.319,8.373
4.379,8.518
4.438,8.034
4.497,7.501
4.556,6.387
4.615,6.338
4.674,6.435
4.734,6.048
4.793,5.805
4.852,4.546
4.911,4.74
4.97,4.788
5.03,4.11
5.089,3.964
5.148,3.044
5.207,2.753
5.266,2.511
5.325,2.366
5.385,2.366
5.444,1.445
5.503,0.912
5.562,0.912
5.621,0.525
5.68,0.331
5.74,-0.541
5.799,-1.026
5.858,-1.316
5.917,-1.946
5.976,-1.801
6.035,-2.431
6.095,-3.206
6.154,-3.69
6.213,-4.514
6.272,-4.32
6.331,-5.095
6.39,-5.628
6.45,-6.161
6.509,-6.597
6.568,-6.306
6.627,-6.742
6.686,-7.227
6.745,-7.857
6.805,-8.874
6.864,-8.341
6.923,-8.293
6.982,-8.825
7.041,-9.407
7.1,-10.424
7.16,-10.327
7.219,-10.473
7.278,-10.86
7.337,-11.151
7.396,-12.12
7.456,-12.12
7.515,-12.362
7.574,-12.653
7.633,-12.847
7.692,-13.719
7.751,-13.816
7.811,-13.961
7.87,-14.155
7.929,-14.494
7.988,-15.22
8.047,-14.978
8.106,-14.833
8.166,-14.93
8.225,-14.591
8.284,-14.881
8.343,-14.784
8.402,-14.494
8.461,-14.155
8.521,-13.961
8.58,-14.542
8.639,-14.688
8.698,-14.445
8.757,-14.494
8.816,-14.155
8.876,-14.445
8.935,-14.591
8.994,-14.736
9.053,-14.688
9.112,-13.961
9.171,-14.203
9.231,-14.397
9.29,-14.251
9.349,-14.106
9.408,-13.67
9.467,-14.009
9.526,-14.494
9.586,-14.591
9.645,-14.542
9.704,-13.912
9.763,-13.816
9.822,-13.767
9.882,-13.622
9.941,-13.864
10,-13.04
10.059,-12.653
10.118,-12.701
10.177,-12.314
10.237,-12.75
10.296,-12.071
10.355,-11.538
10.414,-11.248
10.473,-10.424
10.532,-10.667
10.592,-10.134
10.651,-9.649
10.71,-9.358
10.769,-8.874
10.828,-9.407
10.887,-8.632
10.947,-8.293
11.006,-8.05
11.065,-7.566
11.124,-7.857
11.183,-7.857
11.242,-7.566
11.302,-7.517
11.361,-7.227
11.42,-7.857
11.479,-8.438
11.538,-8.196
11.597,-8.099
11.657,-7.808
11.716,-8.583
11.775,-8.68
11.834,-8.632
11.893,-8.632
11.952,-8.05
12.012,-8.389
12.071,-8.438
12.13,-8.293
12.189,-8.147
12.248,-7.178
12.307,-7.178
12.367,-7.227
12.426,-6.791
12.485,-6.548
12.544,-5.725
12.603,-5.483
12.663,-4.901
12.722,-3.545
12.781,-3.109
12.84,-2.576
12.899,-2.527
12.958,-1.365
13.018,0.04
13.077,0.379
13.136,1.784
13.195,1.978
13.254,2.366
13.313,3.432
13.373,4.643
13.432,6.193
13.491,5.805
13.55,4.74
13.609,5.272
13.668,6.581
13.728,7.889
13.787,7.017
13.846,5.951
13.905,6.338
13.964,6.29
14.023,7.017
14.083,7.695
14.142,7.695
14.201,8.082
14.26,8.034
14.319,8.615
14.378,9.391
14.438,9.584
14.497,9.197
14.556,8.276
14.615,9.003
14.674,10.263
14.733,10.795
14.793,10.989
14.852,9.681
14.911,9.439
14.97,9.391
15.029,9.294
15.089,9.875
15.148,9.633
15.207,9.584
15.266,9.827
15.325,10.117
15.384,10.505
15.444,10.069
15.503,10.214
15.562,10.359
15.621,10.02
15.68,10.698
15.739,10.844
15.799,10.892
15.858,11.231
15.917,10.989
15.976,11.522
16.035,11.183
16.094,11.183
16.154,11.328
16.213,11.231
16.272,11.764
16.331,11.571
16.39,11.425
16.449,11.667
16.509,11.377
16.568,11.861
16.627,11.813
16.686,11.813
16.745,12.346
16.804,11.958
16.864,12.733
16.923,13.751
16.982,14.187
17.041,14.526
17.1,14.429
17.159,15.398
17.219,16.367
17.278,16.367
17.337,15.882
17.396,14.913
17.455,15.253
17.515,16.367
17.574,16.9
17.633,16.464
17.692,14.429
17.751,13.848
17.81,14.962
17.87,16.367
17.929,17.287
17.988,16.028
18.047,15.107
18.106,15.301
18.165,16.028
18.225,17.287
18.284,16.706
18.343,15.398
18.402,14.865
18.461,15.689
18.52,17.626
18.58,16.561
18.639,14.235
18.698,12.879
18.757,11.716
18.816,11.716
18.875,11.667
18.935,11.328
18.994,10.505
19.053,9.923
19.112,10.505
19.171,10.311
19.23,9.972
19.29,9.342
19.349,8.082
19.408,8.422
19.467,8.664
19.526,8.325
19.585,8.082
19.645,7.017
19.704,7.307
19.763,7.114
19.822,6.677
19.881,6.484
19.941,5.612
20,5.563
20.059,5.272
20.118,5.224
20.177,5.079
20.236,3.771
20.296,3.674
20.355,3.528
20.414,3.141
20.473,2.899
20.532,1.688
20.591,1.494
20.651,1.542
20.71,1.155
20.769,1.058
20.828,-0.25
20.887,-0.929
20.946,-1.171
21.006,-1.365
21.065,-1.219
21.124,-2.237
21.183,-3.157
21.242,-3.448
21.301,-3.787
21.361,-3.835
21.42,-4.998
21.479,-5.628
21.538,-5.822
21.597,-6.209
21.656,-6.016
21.716,-6.5
21.775,-6.984
21.834,-7.469
21.893,-8.099
21.952,-7.614
22.011,-8.099
22.071,-8.341
22.13,-8.777
22.189,-9.358
22.248,-9.261
22.307,-9.891
22.367,-10.182
22.426,-10.424
22.485,-11.006
22.544,-10.715
22.603,-10.86
22.662,-11.151
22.722,-11.49
22.781,-12.314
22.84,-11.781
22.899,-12.023
22.958,-12.265
23.017,-12.653
23.077,-13.67
23.136,-13.719
23.195,-13.67
23.254,-13.525
23.313,-13.622
23.372,-14.445
23.432,-14.009
23.491,-13.476
23.55,-13.67
23.609,-13.428
23.668,-14.251
23.727,-14.251
23.787,-14.058
23.846,-14.058
23.905,-13.767
23.964,-14.397
24.023,-14.445
24.082,-14.3
24.142,-14.009
24.201,-13.525
24.26,-14.058
24.319,-14.106
24.378,-13.961
24.437,-13.428
24.497,-13.089
24.556,-13.38
24.615,-13.283
24.674,-13.719
24.733,-13.719
24.793,-13.089
24.852,-13.186
24.911,-13.283
24.97,-13.137
25.029,-13.186
25.088,-12.556
25.148,-12.604
25.207,-12.701
25.266,-12.507
25.325,-12.459
25.384,-12.023
25.443,-11.878
25.503,-11.926
25.562,-11.635
25.621,-11.684
25.68,-10.86
25.739,-10.667
25.798,-10.763
25.858,-10.618
25.917,-10.715
25.976,-10.279
26.035,-10.134
26.094,-9.504
26.153,-9.213
26.213,-9.746
26.272,-9.455
26.331,-9.068
26.39,-8.632
26.449,-8.874
26.508,-9.601
26.568,-9.407
26.627,-9.213
26.686,-9.407
26.745,-9.213
26.804,-9.843
26.863,-9.698
26.923,-9.601
26.982,-9.407
27.041,-8.777
27.1,-8.971
27.159,-9.116
27.219,-8.825
27.278,-8.535
27.337,-7.517
27.396,-7.469
27.455,-7.372
27.514,-6.888
27.574,-6.5
27.633,-5.434
27.692,-5.58
27.751,-5.24
27.81,-4.175
27.869,-3.351
27.929,-2.188
27.988,-2.527
28.047,-2.479
28.106,-1.462
28.165,-0.299
28.224,1.3
28.284,1.688
28.343,1.348
28.402,1.784
28.461,2.414
28.52,4.643
28.579,5.66
28.639,4.982
28.698,3.577
28.757,3.48
28.816,5.951
28.875,6.968
28.934,5.902
28.994,4.836
29.053,4.352
29.112,5.369
29.171,6.29
29.23,6.435
29.289,6.484
29.349,6.193
29.408,6.871
29.467,7.598
29.526,8.034
29.585,8.712
29.645,7.549
29.704,7.21
29.763,8.082
29.822,9.294
29.881,10.02
29.94,9.003
30,8.422
30.059,8.373
30.118,8.228
30.177,8.373
30.236,7.889
30.295,8.034
30.355,8.373
30.414,8.664
30.473,9.342
30.532,8.954
30.591,9.003
30.65,9.197
30.71,9.342
30.769,10.311
30.828,9.875
30.887,9.923
30.946,10.166
31.005,10.795
31.065,11.716
31.124,11.038
31.183,10.553
31.242,11.038
31.301,11.183
31.36,11.91
31.42,11.667
31.479,11.328
31.538,11.231
31.597,10.941
31.656,11.667
31.715,11.571
31.775,11.28
31.834,10.989
31.893,10.844
31.952,11.958
32.011,12.346
32.07,12.782
32.13,13.169
32.189,12.927
32.248,13.896
32.307,14.623
32.366,15.107
32.426,15.156
32.485,14.09
32.544,13.751
32.603,14.138
32.662,15.301
32.721,15.64
32.781,14.09
32.84,13.072
32.899,12.782
32.958,13.751
33.017,15.253
33.076,15.349
33.136,14.72
33.195,14.041
33.254,14.38
33.313,15.495
33.372,15.785
33.431,15.543
33.491,14.574
33.55,14.284
33.609,15.737
33.668,16.173
33.727,15.446
33.786,13.702
33.846,12.443
33.905,12.007
33.964,10.989
34.023,11.086
34.082,11.086
34.141,10.117
34.201,10.359
34.26,10.166
34.319,9.584
34.378,9.1
34.437,8.276
34.496,8.034
34.556,7.259
34.615,7.114
34.674,7.017
34.733,6.338
34.792,6.338
34.852,5.902
34.911,5.612
34.97,5.224
35.029,4.546
35.088,4.691
35.147,4.497
35.207,4.11
35.266,3.868
35.325,2.947
35.384,3.189
35.443,2.947
35.502,2.511
35.562,2.414
35.621,1.3
35.68,1.3
35.739,1.155
35.798,1.009
35.857,0.719
35.917,-0.59
35.976,-1.122
36.035,-1.51
36.094,-1.898
36.153,-2.237
36.212,-3.109
36.272,-3.593
36.331,-3.932
36.39,-4.562
36.449,-4.611
36.508,-5.773
36.567,-6.306
36.627,-6.597
36.686,-6.984
36.745,-6.645
36.804,-7.566
36.863,-7.953
36.922,-8.099
36.982,-8.438
37.041,-8.583
37.1,-9.261
37.159,-9.504
37.218,-9.455
37.278,-9.988
37.337,-9.94
37.396,-10.473
37.455,-11.054
37.514,-11.345
37.573,-11.635
37.633,-11.199
37.692,-11.781
37.751,-12.023
37.81,-12.459
37.869,-12.798
37.928,-12.459
37.988,-12.701
38.047,-12.798
38.106,-13.137
38.165,-14.155
38.224,-13.719
38.283,-13.767
38.343,-14.009
38.402,-13.912
38.461,-14.445
38.52,-13.767
38.579,-13.67
38.638,-13.864
38.698,-13.573
38.757,-14.058
38.816,-13.961
38.875,-14.058
38.934,-13.864
38.993,-14.009
39.053,-14.784
39.112,-14.494
39.171,-14.155
39.23,-14.251
39.289,-14.009
39.348,-14.445
39.408,-14.445
39.467,-14.203
39.526,-14.106
39.585,-13.476
39.644,-13.961
39.704,-14.009
39.763,-13.816
39.822,-13.961
39.881,-13.719
39.94,-14.058
39.999,-13.719
40.059,-13.38
40.118,-13.428
40.177,-12.847
40.236,-12.798
40.295,-13.283
40.354,-13.089
40.414,-12.895
40.473,-11.732
40.532,-11.926
40.591,-12.507
40.65,-12.12
40.709,-11.635
40.769,-10.812
40.828,-10.909
40.887,-10.715
40.946,-10.57
41.005,-10.715
41.064,-9.988
41.124,-9.746
41.183,-9.504
41.242,-9.31
41.301,-9.698
41.36,-8.971
41.419,-8.535
41.479,-8.825
41.538,-8.583
41.597,-9.165
41.656,-8.68
41.715,-8.632
41.774,-8.777
41.834,-8.874
41.893,-9.261
41.952,-9.116
42.011,-8.971
42.07,-8.825
42.13,-8.729
42.189,-9.213
42.248,-8.922
42.307,-8.583
42.366,-8.244
42.425,-7.711
42.485,-7.905
42.544,-7.469
42.603,-6.936
42.662,-6.5
42.721,-5.531
42.78,-5.628
42.84,-5.434
42.899,-4.901
42.958,-3.739
43.017,-2.285
43.076,-2.285
43.135,-2.382
43.195,-2.091
43.254,-0.783
43.313,1.009
43.372,1.784
43.431,2.172
43.49,2.269
43.55,2.463
43.609,4.304
43.668,5.902
43.727,6.387
43.786,5.612
43.845,4.401
43.905,5.321
43.964,7.065
44.023,7.598
44.082,6.774
44.141,5.369
44.2,5.951
44.26,6.387
44.319,7.065
44.378,7.501
44.437,6.92
44.496,7.21
44.556,7.598
44.615,8.325
44.674,8.518
44.733,7.937
44.792,8.082
44.851,8.082
44.911,8.422
44.97,9.439
45.029,9.536
45.088,9.342
45.147,9.051
45.206,8.47
45.266,8.373
45.325,7.84
45.384,7.937
45.443,8.325
45.502,8.712
45.561,9.197
45.621,8.518
45.68,8.712
45.739,9.051
45.798,9.342
45.857,9.778
45.916,9.051
45.976,9.245
46.035,9.875
46.094,10.214
46.153,10.941
46.212,10.65
46.271,10.698
46.331,10.65
46.39,10.844
46.449,11.958
46.508,11.619
46.567,11.522
46.626,11.474
46.686,11.667
46.745,12.491
46.804,12.297
46.863,12.055
46.922,12.007
46.982,12.007
47.041,12.83
47.1,13.024
47.159,13.024
47.218,13.508
47.277,13.654
47.337,14.623
47.396,14.817
47.455,15.446
47.514,15.785
47.573,15.495
47.632,15.834
47.692,15.156
47.751,15.156
47.81,16.221
47.869,16.27
47.928,15.737
47.987,14.574
48.047,14.187
48.106,15.156
48.165,15.689
48.224,16.851
48.283,16.27
48.342,15.543
48.402,15.495
48.461,15.689
48.52,17.045
48.579,16.851
48.638,15.446
48.697,15.107
48.757,15.446
48.816,16.609
48.875,15.737
48.934,13.799
48.993,12.927
49.052,11.28
49.112,10.456
49.171,10.941
49.23,10.989
49.289,10.553
49.348,9.439
49.408,9.439
49.467,9.584
49.526,9.148
49.585,8.858
49.644,7.549
49.703,7.21
49.763,7.356
49.822,7.114
49.881,7.356
49.94,6.581
49.999,5.805
50.058,5.466
50.118,5.127
50.177,5.66
50.236,4.885
50.295,4.013
50.354,4.013
50.413,3.577
50.473,3.625
50.532,3.189
50.591,2.705
50.65,2.317
50.709,1.688
50.768,1.978
50.828,1.591
50.887,1.106
50.946,1.009
51.005,0.137
51.064,0.137
51.123,-0.347
51.183,-0.88
51.242,-1.316
51.301,-2.237
51.36,-2.285
51.419,-2.673
51.478,-3.254
51.538,-3.739
51.597,-4.901
51.656,-5.095
51.715,-5.386
51.774,-5.87
51.834,-6.112
51.893,-6.984
51.952,-7.13
52.011,-7.324
52.07,-7.469
52.129,-7.76
52.189,-8.922
52.248,-9.31
52.307,-9.261
52.366,-9.068
52.425,-9.019
52.484,-10.521
52.544,-10.86
52.603,-10.957
52.662,-11.006
52.721,-11.054
52.78,-11.732
52.839,-12.023
52.899,-12.314
52.958,-12.653
53.017,-12.265
53.076,-12.992
53.135,-13.573
53.194,-13.864
53.254,-14.203
53.313,-14.009
53.372,-14.494
53.431,-15.075
53.49,-15.124
53.549,-15.317
53.609,-14.978
53.668,-15.124
53.727,-15.172
53.786,-15.366
53.845,-15.608
53.904,-15.124
53.964,-15.366
54.023,-15.511
54.082,-15.753
54.141,-15.947
54.2,-15.56
54.259,-15.366
54.319,-15.366
54.378,-15.269
54.437,-15.85
54.496,-14.978
54.555,-14.784
54.615,-14.784
54.674,-14.688
54.733,-14.978
54.792,-14.494
54.851,-14.3
54.91,-14.348
54.97,-14.251
55.029,-14.881
55.088,-14.784
55.147,-14.397
55.206,-13.961
55.265,-13.428
55.325,-14.106
55.384,-13.767
55.443,-13.38
55.502,-13.137
55.561,-12.314
55.62,-12.75
55.68,-12.362
55.739,-12.265
55.798,-11.926
55.857,-11.006
55.916,-10.812
55.975,-10.909
56.035,-10.618
56.094,-10.667
56.153,-9.794
56.212,-9.746
56.271,-9.988
56.33,-9.601
56.39,-9.601
56.449,-8.777
56.508,-8.922
56.567,-8.777
56.626,-8.874
56.685,-9.068
56.745,-8.293
56.804,-8.583
56.863,-8.68
56.922,-8.922
56.981,-9.165
57.041,-8.583
57.1,-8.535
57.159,-8.777
57.218,-8.729
57.277,-9.116
57.336,-8.632
57.396,-8.438
57.455,-8.244
57.514,-8.002
57.573,-8.535
57.632,-7.711
57.691,-6.984
57.751,-6.645
57.81,-6.306
57.869,-6.597
57.928,-5.822
57.987,-5.337
58.046,-4.95
58.106,-4.175
58.165,-3.69
58.224,-2.77
58.283,-2.77
58.342,-2.431
58.401,-0.832
58.461,-0.202
58.52,1.009
58.579,1.736
58.638,1.978
58.697,2.85
58.756,3.528
58.816,4.982
58.875,6.484
58.934,6.048
58.993,5.224
59.052,5.176
59.111,7.162
59.171,8.373
59.23,7.307
59.289,6.726
59.348,6.581
59.407,7.017
59.467,7.549
59.526,7.889
59.585,8.422
59.644,8.325
59.703,8.325
59.762,8.809
59.822,9.245
59.881,9.972
59.94,9.391
59.999,8.567
60.058,9.197
60.117,9.972
60.177,11.086
60.236,10.698
60.295,9.681
60.354,9.148
60.413,8.615
60.472,9.391
60.532,9.197
60.591,9.245
60.65,9.294
60.709,9.051
60.768,9.681
60.827,9.778
60.887,9.633
60.946,9.73
61.005,9.294
61.064,9.827
61.123,9.875
61.182,10.311
61.242,10.602
61.301,10.263
61.36,10.941
61.419,10.989
61.478,10.747
61.537,11.328
61.597,10.795
61.656,11.038
61.715,11.231
61.774,11.135
61.833,11.377
61.893,11.086
61.952,11.231
62.011,11.377
62.07,11.231
62.129,11.91
62.188,11.764
62.248,11.861
62.307,12.394
62.366,13.508
62.425,14.138
62.484,13.799
62.543,14.235
62.603,15.301
62.662,15.785
62.721,16.464
62.78,15.543
62.839,14.962
62.898,15.059
62.958,15.882
63.017,16.803
63.076,15.882
63.135,14.284
63.194,13.799
63.253,14.477
63.313,16.609
63.372,16.948
63.431,15.834
63.49,15.01
63.549,14.962
63.608,16.367
63.668,16.851
63.727,16.464
63.786,15.107
63.845,14.041
63.904,15.592
63.963,16.706
64.023,15.737
64.082,13.654
64.141,11.716
64.2,11.135
64.259,10.892
64.319,10.892
64.378,10.698
64.437,9.439
64.496,9.536
64.555,9.633
64.614,9.633
64.674,9.439
64.733,8.082
64.792,7.646
64.851,7.501
64.91,7.84
64.969,8.131
65.029,7.017
65.088,6.677
65.147,6.581
65.206,6.387
65.265,6.29
65.324,5.515
65.384,5.176
65.443,4.885
65.502,4.74
65.561,5.079
65.62,3.964
65.679,3.335
65.739,3.189
65.798,2.705
65.857,2.995
65.916,2.123
65.975,1.397
66.034,1.058
66.094,0.428
66.153,0.622
66.212,0.04
66.271,-0.686
66.33,-1.122
66.389,-1.995
66.449,-1.704
66.508,-2.188
66.567,-2.915
66.626,-3.496
66.685,-4.223
66.745,-4.223
66.804,-4.853
66.863,-5.531
66.922,-6.064
66.981,-6.839
67.04,-6.645
67.1,-6.936
67.159,-7.13
67.218,-7.614
67.277,-8.729
67.336,-8.777
67.395,-8.777
67.455,-9.019
67.514,-9.261
67.573,-10.23
67.632,-10.23
67.691,-10.521
67.75,-11.102
67.81,-11.102
67.869,-11.926
67.928,-12.023
67.987,-12.168
68.046,-12.217
68.105,-12.168
68.165,-12.943
68.224,-13.04
68.283,-13.089
68.342,-13.137
68.401,-12.992
68.46,-13.912
68.52,-14.203
68.579,-14.3
68.638,-14.348
68.697,-13.912
68.756,-14.494
68.815,-14.784
68.875,-14.591
68.934,-14.494
68.993,-13.961
69.052,-14.445
69.111,-14.784
69.171,-14.93
69.23,-15.172
69.289,-14.542
69.348,-14.591
69.407,-14.881
69.466,-15.22
69.526,-15.22
69.585,-14.591
69.644,-14.639
69.703,-14.93
69.762,-14.978
69.821,-14.833
69.881,-13.961
69.94,-13.864
69.999,-13.816
70.058,-13.767
70.117,-14.445
70.176,-13.864
70.236,-13.67
70.295,-13.38
70.354,-13.234
70.413,-13.816
70.472,-13.234
70.531,-12.943
70.591,-13.04
70.65,-12.604
70.709,-12.798
70.768,-12.314
70.827,-12.12
70.886,-12.071
70.946,-11.781
71.005,-11.878
71.064,-11.248
71.123,-10.812
71.182,-10.763
71.241,-10.473
71.301,-10.86
71.36,-10.521
71.419,-10.424
71.478,-10.037
71.537,-9.455
71.597,-9.552
71.656,-9.649
71.715,-9.552
71.774,-9.261
71.833,-8.729
71.892,-9.601
71.952,-9.794
72.011,-9.649
72.07,-9.891
72.129,-9.552
72.188,-9.843
72.247,-10.085
72.307,-10.134
72.366,-10.23
72.425,-9.504
72.484,-9.407
72.543,-9.504
72.602,-9.455
72.662,-9.31
72.721,-8.293
72.78,-7.905
72.839,-7.808
72.898,-7.711
72.957,-7.227
73.017,-6.161
73.076,-5.967
73.135,-5.725
73.194,-5.192
73.253,-4.708
73.312,-3.109
73.372,-2.479
73.431,-2.624
73.49,-2.382
73.549,-1.704
73.608,0.089
73.667,1.251
73.727,1.639
73.786,1.591
73.845,1.348
73.904,2.705
73.963,4.449
74.023,5.321
74.082,4.74
74.141,2.802
74.2,3.577
74.259,5.805
74.318,6.968
74.378,6.193
74.437,4.061
74.496,4.497
74.555,5.466
74.614,6.096
74.673,6.629
74.733,6.387
74.792,6.338
74.851,6.968
74.91,7.792
74.969,8.664
75.028,8.373
75.088,7.84
75.147,7.549
75.206,8.373
75.265,10.069
75.324,9.923
75.383,9.391
75.443,8.858
75.502,8.422
75.561,8.809
75.62,8.47
75.679,8.422
75.738,8.47
75.798,8.567
75.857,9.294
75.916,9.391
75.975,9.342
76.034,9.342
76.093,8.858
76.153,9.875
76.212,9.972
76.271,9.875
76.33,10.069
76.389,10.166
76.448,11.328
76.508,11.619
76.567,11.28
76.626,11.086
76.685,11.28
76.744,11.958
76.804,12.249
76.863,12.443
76.922,12.346
76.981,11.91
77.04,12.394
77.099,12.927
77.159,13.024
77.218,12.782
77.277,12.152
77.336,12.733
77.395,13.315
77.454,13.702
77.514,14.235
77.573,14.041
77.632,14.332
77.691,15.059
77.75,15.64
77.809,16.464
77.869,16.028
77.928,15.349
77.987,14.768
78.046,15.253
78.105,16.609
78.164,16.318
78.224,15.156
78.283,13.993
78.342,13.702
78.401,14.962
78.46,15.689
78.519,16.125
78.579,15.301
78.638,14.526
78.697,15.107
78.756,15.64
78.815,16.125
78.874,15.737
78.934,13.993
78.993,14.429
79.052,15.107
79.111,16.028
79.17,14.962
79.23,12.782
79.289,12.2
79.348,11.135
79.407,10.359
79.466,10.65
79.525,10.117
79.585,9.875
79.644,9.536
79.703,9.536
79.762,9.342
79.821,8.664
79.88,8.373
79.94,8.034
79.999,7.549
80.058,7.792
80.117,7.453
80.176,7.453
80.235,7.017
80.295,6.581
80.354,6.581
80.413,5.563
80.472,5.563
80.531,5.418
80.59,5.272
80.65,5.176
80.709,4.061
80.768,3.964
80.827,3.722
80.886,3.432
80.945,3.528
81.005,2.608
81.064,2.269
81.123,2.123
81.182,1.881
81.241,2.027
81.3,1.542
81.36,0.67
81.419,0.186
81.478,-0.25
81.537,-0.202
81.596,-1.365
81.656,-1.801
81.715,-2.479
81.774,-3.06
81.833,-3.254
81.892,-4.223
81.951,-4.998
82.011,-5.58
82.07,-6.452
82.129,-5.919
82.188,-6.548
82.247,-7.13
82.306,-7.663
82.366,-8.002
82.425,-7.905
82.484,-8.68
82.543,-9.068
82.602,-9.116
82.661,-9.698
82.721,-9.649
82.78,-10.085
82.839,-10.473
82.898,-10.957
82.957,-11.635
83.016,-11.248
83.076,-11.538
83.135,-12.023
83.194,-12.071
83.253,-12.75
83.312,-12.604
83.371,-12.895
83.431,-12.895
83.49,-12.701
83.549,-13.767
83.608,-13.525
83.667,-13.622
83.726,-13.67
83.786,-13.67
83.845,-14.445
83.904,-14.203
83.963,-13.864
84.022,-13.864
84.082,-13.525
84.141,-14.058
84.2,-14.009
84.259,-14.203
84.318,-14.203
84.377,-13.719
84.437,-14.494
84.496,-14.591
84.555,-14.736
84.614,-14.591
84.673,-14.155
84.732,-14.736
84.792,-14.639
84.851,-14.591
84.91,-14.736
84.969,-13.912
85.028,-14.058
85.087,-14.203
85.147,-14.155
85.206,-14.3
85.265,-13.816
85.324,-13.961
85.383,-13.864
85.442,-13.67
85.502,-13.622
85.561,-12.992
85.62,-12.895
85.679,-12.701
85.738,-12.653
85.797,-12.847
85.857,-11.781
85.916,-11.442
85.975,-11.684
86.034,-11.635
86.093,-11.781
86.152,-10.763
86.212,-10.618
86.271,-10.376
86.33,-10.134
86.389,-10.715
86.448,-10.037
86.508,-9.698
86.567,-9.455
86.626,-9.213
86.685,-9.698
86.744,-9.31
86.803,-8.825
86.863,-8.583
86.922,-8.535
86.981,-8.874
87.04,-8.874
87.099,-8.68
87.158,-8.68
87.218,-8.486
87.277,-9.116
87.336,-9.068
87.395,-9.116
87.454,-9.019
87.513,-8.535
87.573,-9.116
87.632,-9.213
87.691,-8.825
87.75,-8.535
87.809,-8.147
87.868,-8.341
87.928,-8.002
87.987,-7.421
88.046,-7.324
88.105,-6.209
88.164,-6.258
88.223,-6.161
88.283,-5.87
88.342,-5.434
88.401,-3.787
88.46,-3.012
88.519,-2.867
88.578,-2.721
88.638,-2.624
88.697,-0.977
88.756,0.525
88.815,1.203
88.874,1.784
88.934,1.445
88.993,2.559
89.052,3.819
89.111,5.563
89.17,6.241
89.229,5.079
89.289,4.982
89.348,5.612
89.407,7.404
89.466,8.373
89.525,6.92
89.584,6.387
89.644,6.581
89.703,7.065
89.762,7.792
89.821,7.598
89.88,7.695
89.939,7.985
89.999,8.47
90.058,9.1
90.117,8.906
90.176,8.954
90.235,8.858
90.294,8.567
90.354,9.342
90.413,9.73
90.472,10.311
90.531,10.311
90.59,9.536
90.649,9.487
90.709,9.148
90.768,9.1
90.827,9.197
90.886,9.294
90.945,10.069
91.004,9.972
91.064,9.875
91.123,9.73
91.182,10.02
91.241,10.65
91.3,10.263
91.36,10.069
91.419,10.311
91.478,10.65
91.537,11.425
91.596,11.377
91.655,11.474
91.715,11.328
91.774,10.941
91.833,11.716
91.892,11.958
91.951,12.104
92.01,12.055
92.07,11.571
92.129,12.394
92.188,12.443
92.247,12.491
92.306,12.249
92.365,11.764
92.425,12.491
92.484,12.733
92.543,12.83
92.602,13.363
92.661,13.46
92.72,14.187
92.78,14.526
92.839,14.962
92.898,15.931
92.957,15.689
93.016,15.979
93.075,15.64
93.135,15.107
93.194,15.592
93.253,15.931
93.312,16.561
93.371,15.689
93.43,14.38
93.49,14.526
93.549,14.623
93.608,16.125
93.667,16.851
93.726,16.221
93.786,15.834
93.845,15.301
93.904,16.173
93.963,17.045
94.022,16.754
94.081,16.028
94.141,15.156
94.2,16.173
94.259,17.19
94.318,16.173
94.377,14.671
94.436,13.315
94.496,11.861
94.555,11.28
94.614,11.667
94.673,12.2
94.732,10.844
94.791,10.311
94.851,10.408
94.91,10.214
94.969,10.359
95.028,9.536
95.087,8.567
95.146,8.276
95.206,7.792
95.265,8.325
95.324,7.792
95.383,7.307
95.442,6.774
95.501,5.951
95.561,6.29
95.62,6.096
95.679,5.466
95.738,5.127
95.797,4.352
95.856,4.546
95.916,4.207
95.975,3.577
96.034,3.383
96.093,2.317
96.152,2.269
96.211,1.93
96.271,1.591
96.33,1.397
96.389,0.525
96.448,0.379
96.507,0.331
96.567,-0.493
96.626,-0.638
96.685,-1.607
96.744,-1.849
96.803,-2.188
96.862,-2.673
96.922,-2.673
96.981,-3.739
97.04,-4.175
97.099,-4.756
97.158,-5.192
97.217,-5.24
97.277,-6.161
97.336,-6.5
97.395,-6.742
97.454,-6.984
97.513,-6.936
97.572,-7.614
97.632,-8.341
97.691,-8.68
97.75,-8.971
97.809,-8.293
97.868,-9.165
97.927,-9.843
97.987,-10.182
98.046,-10.812
98.105,-10.327
98.164,-10.763
98.223,-11.296
98.282,-11.442
98.342,-12.12
98.401,-11.878
98.46,-11.974
98.519,-12.411
98.578,-12.847
98.637,-13.476
98.697,-13.234
98.756,-13.428
98.815,-14.058
98.874,-14.445
98.933,-14.93
98.993,-14.736
99.052,-14.688
99.111,-14.639
99.17,-14.591
99.229,-15.124
99.288,-14.784
99.348,-14.445
99.407,-14.639
99.466,-14.833
99.525,-15.22
99.584,-15.172
99.643,-14.978
99.703,-15.027
99.762,-14.639
99.821,-15.22
99.88,-15.22
99.939,-14.639
99.998,-14.542
100.058,-14.155
100.117,-14.591
100.176,-14.251
100.235,-13.816
100.294,-13.767
100.353,-13.283
100.413,-13.767
100.472,-13.816
100.531,-13.622
100.59,-13.428
100.649,-12.362
100.708,-12.556
100.768,-12.701
100.827,-12.411
100.886,-12.314
100.945,-11.248
101.004,-11.538
101.063,-11.49
101.123,-11.248
101.182,-11.49
101.241,-10.618
101.3,-10.376
101.359,-10.23
101.419,-10.182
101.478,-10.279
101.537,-9.698
101.596,-9.358
101.655,-9.504
101.714,-9.407
101.774,-9.649
101.833,-8.777
101.892,-8.438
101.951,-8.68
102.01,-8.535
102.069,-8.825
102.129,-8.438
102.188,-8.293
102.247,-8.341
102.306,-8.389
102.365,-9.116
102.424,-8.729
102.484,-8.389
102.543,-8.486
102.602,-8.244
102.661,-8.777
102.72,-8.438
102.779,-8.05
102.839,-7.953
102.898,-7.275
102.957,-8.05
103.016,-7.711
103.075,-7.13
103.134,-6.548
103.194,-5.87
103.253,-6.452
103.312,-6.161
103.371,-5.628
103.43,-5.24
103.489,-4.514
103.549,-4.029
103.608,-3.109
103.667,-2.527
103.726,-2.77
103.785,-1.801
103.845,-0.929
103.904,0.282
103.963,1.203
104.022,1.784
104.081,2.511
104.14,2.656
104.2,3.577
104.259,5.224
104.318,6.338
104.377,6.145
104.436,4.74
104.495,5.03
104.555,6.92
104.614,7.404
104.673,6.871
104.732,5.757
104.791,5.854
104.85,6.387
104.91,6.387
104.969,7.259
105.028,7.501
105.087,7.404
105.146,7.792
105.205,7.695
105.265,8.567
105.324,8.858
105.383,8.034
105.442,7.743
105.501,7.695
105.56,9.148
105.62,9.633
105.679,9.197
105.738,8.858
105.797,7.646
105.856,7.792
105.915,8.082
105.975,8.179
106.034,8.615
106.093,8.276
106.152,8.664
106.211,8.954
106.27,9.342
106.33,9.584
106.389,9.197
106.448,9.536
106.507,9.778
106.566,9.875
106.625,10.602
106.685,10.505
106.744,10.747
106.803,11.183
106.862,10.892
106.921,11.377
106.98,11.425
107.039,11.474
107.099,11.619
107.158,11.571
107.217,11.861
107.276,11.716
107.335,11.474
107.394,11.716
107.454,11.377
107.513,11.861
107.572,11.861
107.631,11.716
107.69,12.007
107.749,12.055
107.809,13.411
107.868,13.702
107.927,13.702
107.986,14.09
108.045,14.574
108.104,15.592
108.163,15.543
108.223,15.107
108.282,14.623
108.341,14.332
108.4,15.737
108.459,16.221
108.518,15.253
108.578,13.848
108.637,12.927
108.696,14.332
108.755,15.882
108.814,15.931
108.873,15.349
108.932,13.944
108.992,14.429
109.051,15.107
109.11,15.785
109.169,15.785
109.228,14.09
109.287,13.363
109.347,14.526
109.406,15.785
109.465,15.253
109.524,12.588
109.583,11.135
109.642,10.359
109.701,9.778
109.761,10.505
109.82,9.73
109.879,8.809
109.938,8.615
109.997,8.567
110.056,9.003
110.116,8.422
110.175,7.598
110.234,6.823
110.293,6.435
110.352,7.065
110.411,6.871
110.471,6.193
110.53,5.515
110.589,5.224
110.648,5.612
110.707,5.224
110.766,4.74
110.825,4.304
110.885,3.674
110.944,4.207
111.003,4.11
111.062,3.432
111.121,3.044
111.18,2.269
111.24,2.511
111.299,2.172
111.358,1.833
111.417,1.3
111.476,0.379
111.535,0.622
111.594,0.137
111.654,-0.541
111.713,-1.219
111.772,-2.382
111.831,-2.576
111.89,-2.915
111.949,-3.303
112.009,-3.787
112.068,-5.144
112.127,-5.24
112.186,-5.531
112.245,-6.016
112.304,-6.5
112.363,-7.566
112.423,-7.905
112.482,-8.05
112.541,-8.293
112.6,-8.099
112.659,-9.019
112.718,-9.552
112.778,-10.037
112.837,-10.23
112.896,-9.891
112.955,-10.715
113.014,-11.199
113.073,-11.538
113.133,-12.071
113.192,-11.974
113.251,-12.459
113.31,-12.895
113.369,-13.283
113.428,-13.476
113.487,-13.089
113.547,-13.525
113.606,-13.912
113.665,-14.058
113.724,-14.348
113.783,-13.961
113.842,-14.445
113.902,-14.881
113.961,-15.269
114.02,-15.705
114.079,-15.027
114.138,-14.881
114.197,-15.463
114.256,-15.511
114.316,-15.802
114.375,-15.269
114.434,-14.784
114.493,-14.978
114.552,-15.124
114.611,-15.753
114.671,-15.511
114.73,-15.317
114.789,-15.269
114.848,-15.317
114.907,-15.85
114.966,-15.608
115.026,-15.172
115.085,-15.027
115.144,-14.93
115.203,-15.463
115.262,-15.075
115.321,-14.688
115.38,-14.639
115.44,-14.155
115.499,-14.784
115.558,-15.124
115.617,-14.978
115.676,-14.688
115.735,-13.864
115.795,-14.397
115.854,-14.397
115.913,-14.106
115.972,-13.912
116.031,-13.573
116.09,-13.719
116.149,-13.428
116.209,-13.089
116.268,-12.992
116.327,-12.507
116.386,-12.507
116.445,-12.168
116.504,-11.732
116.564,-11.829
116.623,-10.909
116.682,-11.199
116.741,-11.006
116.8,-10.909
116.859,-11.151
116.918,-10.037
116.978,-9.94
117.037,-9.746
117.096,-9.794
117.155,-9.988
117.214,-9.068
117.273,-8.874
117.333,-9.068
117.392,-9.31
117.451,-9.698
117.51,-9.165
117.569,-9.213
117.628,-9.31
117.688,-9.261
117.747,-9.843
117.806,-9.358
117.865,-9.068
117.924,-8.825
117.983,-8.68
118.042,-9.31
118.102,-8.535
118.161,-8.002
118.22,-7.711
118.279,-7.372
118.338,-7.663
118.397,-6.742
118.457,-6.016
118.516,-5.773
118.575,-5.144
118.634,-5.144
118.693,-4.126
118.752,-2.915
118.811,-2.431
118.871,-1.752
118.93,-2.188
118.989,-1.219
119.048,0.476
119.107,1.591
119.166,2.559
119.226,1.978
119.285,2.123
119.344,3.528
119.403,5.321
119.462,6.435
119.521,5.515
119.58,4.304
119.64,4.74
119.699,6.484
119.758,7.985
119.817,6.726
119.876,5.515
119.935,5.418
119.995,5.757
120.054,7.065
120.113,7.21
120.172,6.774
120.231,6.823
120.29,7.017
120.35,8.228
120.409,8.422
120.468,8.422
120.527,7.937
120.586,7.21
120.645,8.422
120.704,9.584
120.764,9.972
120.823,9.681
120.882,8.422
120.941,8.325
121,8.325
121.059,8.422
121.119,8.276

Machine Name,P29201A
Point Name,29VT-2001AY
Wf Amp,33.089
Number of Revs,105.599998474121
X-Axis Unit,ms
Y-Axis Unit,µm 
Sample Speed, 3960 rpm
Sample Status,Valid
Timestamp,8/27/2023 11:37:11 AM
Variable,Disp Wf(500Hz)
X-Axis Value,Y-Axis Value
0,-9.085
0.781,-9.182
1.563,-3.901
2.344,5.061
3.125,8.55
3.906,9.518
4.688,10.827
5.469,11.941
6.25,14.654
7.031,16.301
7.813,11.408
8.594,6.176
9.375,2.445
10.156,-4.289
10.938,-9.715
11.719,-13.155
12.5,-14.269
13.281,-13.881
14.063,-13.155
14.844,-9.909
15.625,-8.988
16.406,-6.663
17.188,2.155
17.969,7.871
18.75,8.646
19.531,9.47
20.313,11.166
21.094,14.072
21.875,16.931
22.656,14.072
23.438,8.162
24.219,3.947
25,-2.109
25.781,-7.632
26.563,-11.507
27.344,-14.317
28.125,-14.172
28.906,-13.494
29.688,-10.829
30.469,-8.504
31.25,-8.31
32.031,-1.818
32.813,6.418
33.594,8.695
34.375,9.179
35.156,10.536
35.938,12.764
36.719,15.574
37.5,14.993
38.281,10.051
39.063,5.691
39.844,0.459
40.625,-5.694
41.406,-9.909
42.188,-13.542
42.969,-14.656
43.75,-13.881
44.531,-12.137
45.313,-9.23
46.094,-8.504
46.875,-5.016
47.656,3.124
48.438,7.726
49.219,9.082
50,10.245
50.781,11.747
51.563,14.557
52.344,16.059
53.125,11.892
53.906,7.193
54.688,2.978
55.469,-4.386
56.25,-9.037
57.031,-11.895
57.813,-14.608
58.594,-14.899
59.375,-13.688
60.156,-10.054
60.938,-8.649
61.719,-7.147
62.5,0.217
63.281,6.757
64.063,9.179
64.844,10.778
65.625,11.941
66.406,12.861
67.188,16.253
67.969,15.235
68.75,8.501
69.531,4.868
70.313,-0.704
71.094,-7.341
71.875,-10.538
72.656,-13.155
73.438,-13.93
74.219,-13.591
75,-10.829
75.781,-8.116
76.563,-8.504
77.344,-3.465
78.125,5.158
78.906,8.55
79.688,9.47
80.469,11.263
81.25,12.474
82.031,14.799
82.813,16.253
83.594,11.069
84.375,5.304
85.156,1.428
85.938,-4.58
86.719,-10.151
87.5,-14.027
88.281,-15.964
89.063,-15.674
89.844,-13.881
90.625,-10.248
91.406,-9.279
92.188,-7.486
92.969,1.234
93.75,7.629
94.531,8.598
95.313,9.518
96.094,10.875
96.875,13.104
97.656,15.623
98.438,13.2
99.219,7.338
100,2.881
100.781,-2.739
101.563,-8.213
102.344,-11.653
103.125,-14.802
103.906,-15.383
104.688,-13.542
105.469,-10.635
106.25,-8.601
107.031,-7.729
107.813,-1.431
108.594,6.272
109.375,8.453
110.156,8.985
110.938,10.73
111.719,13.152
112.5,15.768
113.281,14.702
114.063,8.985
114.844,5.449
115.625,1.186
116.406,-6.178
117.188,-10.732
117.969,-13.494
118.75,-14.608
119.531,-13.3
120.313,-11.217
121.094,-9.812
121.875,-9.667
122.656,-4.434
123.438,4.044
124.219,7.823
125,8.937
125.781,10.391
126.563,12.135
127.344,14.605
128.125,16.156
128.906,11.941
129.688,6.466
130.469,2.833
131.25,-3.95
132.031,-9.667
132.813,-13.155
133.594,-15.528
134.375,-15.044
135.156,-13.688
135.938,-10.635
136.719,-9.57
137.5,-7.68
138.281,0.168
139.063,6.612
139.844,8.501
140.625,9.422
141.406,11.214
142.188,12.764
142.969,14.702
143.75,13.636
144.531,7.484
145.313,3.317
146.094,-1.77
146.875,-8.261
147.656,-11.459
148.438,-14.608
149.219,-15.335
150,-13.445
150.781,-11.168
151.563,-8.794
152.344,-8.261
153.125,-2.448
153.906,6.127
154.688,8.695
155.469,9.712
156.25,10.972
157.031,12.377
157.813,15.623
158.594,16.107
159.375,10.633
160.156,5.643
160.938,1.622
161.719,-4.967
162.5,-9.279
163.281,-12.283
164.063,-14.656
164.844,-13.881
165.625,-11.653
166.406,-8.649
167.188,-8.165
167.969,-5.306
168.75,3.075
169.531,8.259
170.313,9.858
171.094,10.875
171.875,12.28
172.656,14.411
173.438,16.107
174.219,13.249
175,7.532
175.781,3.753
176.563,-2.254
177.344,-8.698
178.125,-12.089
178.906,-14.172
179.688,-14.511
180.469,-13.3
181.25,-10.248
182.031,-8.649
182.813,-7.874
183.594,-1.091
184.375,5.982
185.156,8.21
185.938,9.47
186.719,10.778
187.5,11.989
188.281,14.46
189.063,14.315
189.844,8.501
190.625,3.656
191.406,-0.898
192.188,-7.486
192.969,-11.507
193.75,-14.027
194.531,-15.335
195.313,-14.656
196.094,-11.701
196.875,-8.504
197.656,-8.455
198.438,-4.095
199.219,4.771
200,8.695
200.781,9.276
201.563,10.487
202.344,12.183
203.125,14.315
203.906,15.526
204.688,11.505
205.469,5.74
206.25,2.688
207.031,-3.126
207.813,-9.86
208.594,-13.203
209.375,-14.511
210.156,-14.124
210.938,-12.428
211.719,-9.473
212.5,-8.504
213.281,-6.808
214.063,1.379
214.844,7.871
215.625,8.889
216.406,9.761
217.188,11.263
217.969,13.346
218.75,15.768
219.531,13.636
220.313,7.629
221.094,3.075
221.875,-2.157
222.656,-7.68
223.438,-11.653
224.219,-14.802
225,-15.383
225.781,-14.317
226.563,-10.732
227.344,-8.019
228.125,-8.407
228.906,-2.884
229.688,5.401
230.469,8.598
231.25,9.809
232.031,10.875
232.813,12.522
233.594,15.865
234.375,16.204
235.156,10.439
235.938,5.061
236.719,0.75
237.5,-5.306
238.281,-9.957
239.063,-13.058
239.844,-14.172
240.625,-13.881
241.406,-12.089
242.188,-9.182
242.969,-9.473
243.75,-5.984
244.531,2.397
245.313,6.999
246.094,8.598
246.875,9.615
247.656,11.795
248.438,14.605
249.219,16.301
250,12.716
250.781,6.902
251.563,3.317
252.344,-2.69
253.125,-8.504
253.906,-12.04
254.688,-14.027
255.469,-13.93
256.25,-12.815
257.031,-9.86
257.813,-8.698
258.594,-7.341
259.375,-0.074
260.156,6.272
260.938,8.307
261.719,9.664
262.5,11.311
263.281,13.104
264.063,15.187
264.844,14.46
265.625,9.325
266.406,4.771
267.188,0.023
267.969,-6.663
268.75,-10.538
269.531,-12.719
270.313,-13.93
271.094,-13.784
271.875,-11.75
272.656,-8.698
273.438,-8.407
274.219,-3.998
275,4.141
275.781,7.823
276.563,9.47
277.344,11.214
278.125,12.764
278.906,15.332
279.688,16.543
280.469,11.505
281.25,6.079
282.031,2.3
282.813,-4.58
283.594,-9.812
284.375,-13.058
285.156,-14.996
285.938,-14.947
286.719,-13.251
287.5,-9.473
288.281,-9.182
289.063,-7.002
289.844,2.106
290.625,7.823
291.406,8.598
292.188,10.245
292.969,12.28
293.75,14.072
294.531,16.349
295.313,14.363
296.094,8.162
296.875,4.092
297.656,-1.237
298.438,-7.874
299.219,-11.604
300,-14.269
300.781,-14.802
301.563,-14.172
302.344,-11.847
303.125,-9.521
303.906,-9.085
304.688,-2.496
305.469,5.255
306.25,7.387
307.031,8.404
307.813,10.487
308.594,13.152
309.375,15.72
310.156,15.477
310.938,10.1
311.719,5.788
312.5,1.525
313.281,-5.306
314.063,-10.006
314.844,-13.203
315.625,-14.366
316.406,-13.784
317.188,-11.75
317.969,-8.843
318.75,-9.037
319.531,-5.452
320.313,3.317
321.094,7.968
321.875,8.985
322.656,9.809
323.438,11.408
324.219,14.411
325,16.01
325.781,12.522
326.563,7.338
327.344,2.833
328.125,-3.756
328.906,-9.521
329.688,-13.106
330.469,-14.996
331.25,-15.238
332.031,-14.753
332.813,-11.653
333.594,-9.957
334.375,-8.552
335.156,-0.946
335.938,6.079
336.719,8.307
337.5,10.1
338.281,11.892
339.063,12.861
339.844,15.429
340.625,14.799
341.406,8.259
342.188,4.189
342.969,-0.074
343.75,-7.002
344.531,-11.12
345.313,-13.542
346.094,-14.56
346.875,-13.784
347.656,-11.023
348.438,-8.698
349.219,-9.134
350,-4.386
350.781,4.286
351.563,8.162
352.344,8.404
353.125,9.518
353.906,11.698
354.688,14.266
355.469,15.72
356.25,11.02
357.031,4.964
357.813,1.186
358.594,-5.5
359.375,-10.635
360.156,-13.494
360.938,-15.771
361.719,-15.383
362.5,-13.736
363.281,-11.023
364.063,-10.054
364.844,-7.293
365.625,1.331
366.406,7.29
367.188,8.55
367.969,9.518
368.75,11.602
369.531,13.976
370.313,16.253
371.094,13.249
371.875,6.805
372.656,3.172
373.438,-2.739
374.219,-8.843
375,-12.137
375.781,-14.899
376.563,-14.705
377.344,-13.106
378.125,-10.684
378.906,-9.279
379.688,-8.746
380.469,-1.963
381.25,6.03
382.031,8.598
382.813,8.937
383.594,10.197
384.375,12.764
385.156,15.284
385.938,14.605
386.719,9.179
387.5,4.528
388.281,0.411
389.063,-6.081
389.844,-11.071
390.625,-13.688
391.406,-14.075
392.188,-13.542
392.969,-11.556
393.75,-9.23
394.531,-9.134
395.313,-4.58
396.094,3.85
396.875,8.114
397.656,9.034
398.438,10.148
399.219,12.231
400,14.411
400.781,15.962
401.563,12.231
402.344,5.885
403.125,2.251
403.906,-3.611
404.688,-9.23
405.469,-12.089
406.25,-14.317
407.031,-14.608
407.813,-13.009
408.594,-9.812
409.375,-9.327
410.156,-8.213
410.938,-0.074
411.719,6.369
412.5,8.598
413.281,9.858
414.063,10.875
414.844,13.54
415.625,16.059
416.406,14.508
417.188,8.55
417.969,3.899
418.75,-0.995
419.531,-6.953
420.313,-10.538
421.094,-13.445
421.875,-13.978
422.656,-13.494
423.438,-10.974
424.219,-7.874
425,-7.729
425.781,-2.448
426.563,5.449
427.344,8.743
428.125,9.858
428.906,11.02
429.688,12.716
430.469,14.654
431.25,14.993
432.031,10.584
432.813,5.788
433.594,1.137
434.375,-5.597
435.156,-9.812
435.938,-13.155
436.719,-14.656
437.5,-13.833
438.281,-12.67
439.063,-8.891
439.844,-7.632
440.625,-4.919
441.406,3.22
442.188,8.259
442.969,9.906
443.75,10.73
444.531,11.892
445.313,14.605
446.094,16.737
446.875,13.007
447.656,7.096
448.438,3.511
449.219,-2.254
450,-7.777
450.781,-11.604
451.563,-14.608
452.344,-14.608
453.125,-13.542
453.906,-10.635
454.688,-9.037
455.469,-8.746
456.25,-1.431
457.031,5.885
457.813,7.532
458.594,8.259
459.375,9.228
460.156,11.456
460.938,14.557
461.719,14.605
462.5,9.761
463.281,5.449
464.063,0.168
464.844,-6.857
465.625,-10.151
466.406,-13.009
467.188,-14.608
467.969,-13.591
468.75,-11.847
469.531,-9.23
470.313,-9.085
471.094,-4.919
471.875,3.802
472.656,7.823
473.438,8.695
474.219,9.954
475,11.698
475.781,14.46
476.563,16.204
477.344,12.086
478.125,6.418
478.906,2.494
479.688,-3.659
480.469,-8.891
481.25,-12.331
482.031,-14.899
482.813,-14.656
483.594,-12.767
484.375,-9.909
485.156,-9.23
485.938,-7.486
486.719,0.992
487.5,7.726
488.281,8.743
489.063,9.858
489.844,12.086
490.625,14.46
491.406,16.834
492.188,14.218
492.969,7.92
493.75,4.577
494.531,-0.462
495.313,-6.953
496.094,-11.362
496.875,-14.124
497.656,-13.736
498.438,-12.961
499.219,-11.12
500,-9.085
500.781,-8.455
501.563,-2.399
502.344,5.546
503.125,8.404
503.906,8.889
504.688,10.633
505.469,13.249
506.25,15.865
507.031,16.107
507.813,10.391
508.594,4.819
509.375,0.75
510.156,-5.452
510.938,-10.006
511.719,-13.203
512.5,-14.802
513.281,-14.075
514.063,-12.331
514.844,-9.182
515.625,-8.746
516.406,-5.888
517.188,2.784
517.969,8.162
518.75,9.47
519.531,10.245
520.313,11.456
521.094,14.121
521.875,16.301
522.656,12.861
523.438,7.145
524.219,3.124
525,-2.932
525.781,-8.213
526.563,-11.943
527.344,-14.56
528.125,-14.317
528.906,-13.155
529.688,-10.006
530.469,-8.31
531.25,-7.535
532.031,0.168
532.813,7.193
533.594,9.034
534.375,10.245
535.156,11.02
535.938,13.007
536.719,16.253
537.5,15.041
538.281,9.082
539.063,4.916
539.844,-0.268
540.625,-6.711
541.406,-10.49
542.188,-13.736
542.969,-14.705
543.75,-13.784
544.531,-10.926
545.313,-8.213
546.094,-8.698
546.875,-3.708
547.656,5.158
548.438,8.55
549.219,9.373
550,11.069
550.781,12.619
551.563,14.702
552.344,16.592
553.125,11.989
553.906,5.837
554.688,2.058
555.469,-4.047
556.25,-8.891
557.031,-12.331
557.813,-14.172
558.594,-13.494
559.375,-12.573
560.156,-9.376
560.938,-8.504
561.719,-6.905
562.5,1.961
563.281,7.968
564.063,8.598
564.844,9.858
565.625,11.553
566.406,13.588
567.188,16.059
567.969,13.733
568.75,7.581
569.531,3.511
570.313,-2.157
571.094,-8.552
571.875,-12.234
572.656,-14.899
573.438,-15.335
574.219,-13.93
575,-11.168
575.781,-9.23
576.563,-8.213
577.344,-1.576
578.125,6.272
578.906,9.325
579.688,10.197
580.469,10.923
581.25,12.377
582.031,15.768
582.813,15.913
583.594,10.003
584.375,5.837
585.156,0.846
585.938,-6.081
586.719,-10.442
587.5,-14.317
588.281,-15.238
589.063,-14.027
589.844,-11.895
590.625,-9.327
591.406,-8.988
592.188,-4.386
592.969,3.802
593.75,8.017
594.531,9.422
595.313,10.972
596.094,12.571
596.875,14.557
597.656,16.592
598.438,12.571
599.219,6.224
600,2.155
600.781,-4.095
601.563,-9.473
602.344,-12.815
603.125,-15.044
603.906,-15.189
604.688,-13.978
605.469,-10.345
606.25,-9.182
607.031,-8.455
607.813,-0.995
608.594,6.079
609.375,8.21
610.156,9.228
610.938,10.536
611.719,12.619
612.5,15.477
613.281,14.363
614.063,8.21
614.844,3.656
615.625,-1.188
616.406,-7.196
617.188,-11.362
617.969,-14.56
618.75,-15.141
619.531,-14.366
620.313,-11.943
621.094,-9.424
621.875,-9.473
622.656,-3.998
623.438,4.48
624.219,7.726
625,8.55
625.781,10.003
626.563,12.183
627.344,14.363
628.125,14.654
628.906,10.391
629.688,5.788
630.469,1.428
631.25,-5.694
632.031,-10.49
632.813,-13.591
633.594,-15.238
634.375,-14.56
635.156,-12.864
635.938,-9.667
636.719,-9.327
637.5,-6.566
638.281,1.961
639.063,7.241
639.844,8.646
640.625,9.761
641.406,11.166
642.188,13.588
642.969,16.253
643.75,13.636
644.531,7.387
645.313,3.124
646.094,-2.351
646.875,-8.261
647.656,-11.847
648.438,-14.124
649.219,-14.656
650,-13.348
650.781,-10.49
651.563,-8.843
652.344,-7.729
653.125,-1.043
653.906,6.612
654.688,8.937
655.469,9.373
656.25,10.487
657.031,12.377
657.813,15.477
658.594,15.284
659.375,9.422
660.156,4.916
660.938,0.459
661.719,-6.517
662.5,-10.345
663.281,-12.622
664.063,-14.366
664.844,-13.639
665.625,-11.071
666.406,-9.085
667.188,-9.279
667.969,-4.483
668.75,4.528
669.531,9.082
670.313,9.615
671.094,10.487
671.875,12.377
672.656,15.477
673.438,17.076
674.219,12.377
675,6.902
675.781,3.414
676.563,-2.884
677.344,-8.601
678.125,-11.847
678.906,-14.124
679.688,-14.317
680.469,-13.009
681.25,-10.296
682.031,-8.794
682.813,-7.099
683.594,0.653
684.375,6.854
685.156,8.501
685.938,10.536
686.719,11.844
687.5,13.443
688.281,15.768
689.063,14.072
689.844,8.792
690.625,4.722
691.406,-0.801
692.188,-6.953
692.969,-10.587
693.75,-13.251
694.531,-14.027
695.313,-13.397
696.094,-10.732
696.875,-8.213
697.656,-7.777
698.438,-1.721
699.219,6.563
700,9.179
700.781,10.051
701.563,11.263
702.344,12.958
703.125,16.107
703.906,16.543
704.688,11.069
705.469,5.352
706.25,1.137
707.031,-4.676
707.813,-9.424
708.594,-12.719
709.375,-14.608
710.156,-13.881
710.938,-11.362
711.719,-8.407
712.5,-8.94
713.281,-6.469
714.063,2.639
714.844,8.017
715.625,9.373
716.406,10.487
717.188,11.602
717.969,14.46
718.75,17.028
719.531,13.249
720.313,7.096
721.094,3.85
721.875,-1.721
722.656,-7.486
723.438,-11.362
724.219,-14.075
725,-13.978
725.781,-12.961
726.563,-10.345
727.344,-9.182
728.125,-7.825
728.906,-0.316
729.688,5.982
730.469,7.726
731.25,9.034
732.031,10.73
732.813,12.28
733.594,14.654
734.375,14.169
735.156,8.743
735.938,4.964
736.719,-0.122
737.5,-6.905
738.281,-10.926
739.063,-13.784
739.844,-14.608
740.625,-14.317
741.406,-11.992
742.188,-9.182
742.969,-9.134
743.75,-4.386
744.531,4.432
745.313,8.259
746.094,8.598
746.875,10.1
747.656,12.474
748.438,14.508
749.219,15.284
750,10.972
750.781,5.497
751.563,1.476
752.344,-5.016
753.125,-9.86
753.906,-12.767
754.688,-14.366
755.469,-14.22
756.25,-13.155
757.031,-9.57
757.813,-8.891
758.594,-7.632
759.375,0.75
760.156,7.484
760.938,8.937
761.719,10.1
762.5,11.747
763.281,13.491
764.063,16.156
764.844,14.46
765.625,8.453
766.406,3.705
767.188,-2.012
767.969,-7.389
768.75,-10.974
769.531,-13.784
770.313,-14.317
771.094,-13.542
771.875,-10.587
772.656,-8.213
773.438,-8.019
774.219,-2.157
775,5.449
775.781,8.307
776.563,9.615
777.344,10.73
778.125,12.231
778.906,14.896
779.688,15.235
780.469,10.197
781.25,5.885
782.031,1.186
782.813,-5.694
783.594,-9.521
784.375,-12.622
785.156,-14.56
785.938,-14.075
786.719,-12.428
787.5,-9.57
788.281,-8.601
789.063,-5.064
789.844,3.172
790.625,7.92
791.406,9.131
792.188,10.439
792.969,11.844
793.75,14.605
794.531,17.028
795.313,13.2
796.094,6.951
796.875,3.075
797.656,-2.981
798.438,-8.698
799.219,-12.525
800,-15.141
800.781,-14.85
801.563,-13.3
802.344,-10.442
803.125,-9.279
803.906,-8.068
804.688,-0.995
805.469,6.272
806.25,8.646
807.031,9.664
807.813,11.117
808.594,12.813
809.375,15.913
810.156,15.041
810.938,8.84
811.719,4.432
812.5,-0.607
813.281,-6.566
814.063,-10.538
814.844,-13.833
815.625,-14.366
816.406,-13.688
817.188,-11.411
817.969,-8.649
818.75,-8.407
819.531,-3.562
820.313,4.432
821.094,7.726
821.875,8.501
822.656,10.245
823.438,12.183
824.219,14.218
825,14.702
825.781,9.809
826.563,4.674
827.344,1.137
828.125,-5.161
828.906,-10.393
829.688,-13.542
830.469,-15.141
831.25,-14.705
832.031,-13.106
832.813,-10.199
833.594,-9.618
834.375,-7.05
835.156,1.379
835.938,7.338
836.719,8.937
837.5,10.003
838.281,11.408
839.063,13.685
839.844,16.01
840.625,13.54
841.406,8.162
842.188,4.432
842.969,-2.06
843.75,-8.019
844.531,-10.684
845.313,-13.688
846.094,-14.172
846.875,-12.864
847.656,-10.054
848.438,-7.777
849.219,-7.244
850,-1.188
850.781,5.933
851.563,8.889
852.344,10.197
853.125,10.972
853.906,12.813
854.688,15.526
855.469,15.284
856.25,9.518
857.031,5.061
857.813,0.992
858.594,-5.791
859.375,-10.151
860.156,-13.445
860.938,-14.899
861.719,-13.978
862.5,-11.507
863.281,-8.794
864.063,-9.134
864.844,-4.919
865.625,3.705
866.406,8.114
867.188,8.695
867.969,9.422
868.75,11.747
869.531,14.702
870.313,16.689
871.094,12.764
871.875,6.612
872.656,2.542
873.438,-3.804
874.219,-9.037
875,-12.137
875.781,-14.366
876.563,-14.075
877.344,-12.622
878.125,-9.327
878.906,-8.698
879.688,-7.486
880.469,0.701
881.25,7.484
882.031,9.082
882.813,9.664
883.594,11.553
884.375,13.249
885.156,15.623
885.938,15.332
886.719,9.131
887.5,4.238
888.281,-1.091
889.063,-7.438
889.844,-10.974
890.625,-13.833
891.406,-14.656
892.188,-14.124
892.969,-11.556
893.75,-8.698
894.531,-9.473
895.313,-4.676
896.094,4.141
896.875,7.871
897.656,8.743
898.438,9.422
899.219,11.602
900,14.896
900.781,15.962
901.563,11.359
902.344,5.933
903.125,1.379
903.906,-5.209
904.688,-9.23
905.469,-12.476
906.25,-14.753
907.031,-14.463
907.813,-12.283
908.594,-8.601
909.375,-8.746
910.156,-6.372
910.938,2.009
911.719,8.065
912.5,9.761
913.281,10.148
914.063,12.038
914.844,14.508
915.625,16.01
916.406,12.91
917.188,7.338
917.969,3.753
918.75,-2.302
919.531,-8.261
920.313,-11.556
921.094,-14.608
921.875,-14.947
922.656,-13.348
923.438,-10.587
924.219,-9.715
925,-8.552
925.781,-1.091
926.563,5.885
927.344,8.453
928.125,9.567
928.906,10.875
929.688,13.152
930.469,16.156
931.25,15.138
932.031,9.276
932.813,5.401
933.594,0.265
934.375,-6.324
935.156,-10.635
935.938,-14.172
936.719,-15.093
937.5,-14.414
938.281,-12.137
939.063,-8.94
939.844,-8.407
940.625,-3.998
941.406,3.899
942.188,7.629
942.969,9.567
943.75,11.069
944.531,12.135
945.313,14.411
946.094,16.204
946.875,12.474
947.656,6.805
948.438,2.445
949.219,-4.144
950,-9.618
950.781,-13.251
951.563,-15.238
952.344,-14.996
953.125,-13.639
953.906,-9.909
954.688,-9.134
955.469,-8.165
956.25,-0.026
957.031,6.66
957.813,8.065
958.594,8.889
959.375,10.197
960.156,12.183
960.938,15.138
961.719,13.636
962.5,7.338
963.281,3.269
964.063,-1.867
964.844,-8.116
965.625,-11.75
966.406,-14.753
967.188,-14.656
967.969,-13.445
968.75,-11.12
969.531,-8.213
970.313,-8.019
971.094,-2.545
971.875,5.837
972.656,8.985
973.438,9.518
974.219,10.487
975,12.328
975.781,14.944
976.563,16.01
977.344,11.214
978.125,6.03
978.906,1.476
979.688,-5.403
980.469,-9.618
981.25,-12.912
982.031,-14.608
982.813,-13.736
983.594,-12.38
984.375,-9.037
985.156,-8.116
985.938,-5.209
986.719,3.172
987.5,7.968
988.281,9.664
989.063,10.875
989.844,11.505
990.625,13.782
991.406,16.156
992.188,12.764
992.969,6.999
993.75,3.608
994.531,-2.448
995.313,-8.407
996.094,-11.847
996.875,-14.463
997.656,-14.511
998.438,-13.348
999.219,-10.49
1000,-9.085
1000.781,-7.971
1001.563,-0.704
1002.344,6.466
1003.125,9.131
1003.906,10.148
1004.688,10.875
1005.469,12.861
1006.25,16.253
1007.031,15.09
1007.813,8.743
1008.594,4.286
1009.375,-1.091
1010.156,-7.825
1010.938,-11.75
1011.719,-14.899
1012.5,-15.722
1013.281,-14.85
1014.063,-12.476
1014.844,-9.279
1015.625,-9.473
1016.406,-4.386
1017.188,4.577
1017.969,7.92
1018.75,8.501
1019.531,9.664
1020.313,11.795
1021.094,13.976
1021.875,15.138
1022.656,11.02
1023.438,5.401
1024.219,1.67
1025,-4.822
1025.781,-9.812
1026.563,-12.815
1027.344,-14.56
1028.125,-14.172
1028.906,-13.203
1029.688,-9.812
1030.469,-8.601
1031.25,-6.324
1032.031,2.251
1032.813,7.823
1033.594,8.985
1034.375,10.294
1035.156,12.038
1035.938,14.169
1036.719,16.253
1037.5,14.121
1038.281,8.646
1039.063,4.286
1039.844,-1.963
1040.625,-7.874
1041.406,-11.653
1042.188,-14.753
1042.969,-15.093
1043.75,-14.366
1044.531,-11.75
1045.313,-9.86
1046.094,-9.618
1046.875,-3.126
1047.656,4.432
1048.438,7.338
1049.219,9.082
1050,10.197
1050.781,11.941
1051.563,15.187
1052.344,15.284
1053.125,9.518
1053.906,4.771
1054.688,0.265
1055.469,-6.227
1056.25,-10.151
1057.031,-13.494
1057.813,-15.286
1058.594,-14.996
1059.375,-12.912
1060.156,-9.909
1060.938,-9.909
1061.719,-5.984
1062.5,2.688
1063.281,6.951
1064.063,8.162
1064.844,10.197
1065.625,11.747
1066.406,13.54
1067.188,15.38
1067.969,11.844
1068.75,6.224
1069.531,1.815
1070.313,-4.24
1071.094,-9.327
1071.875,-12.67
1072.656,-15.335
1073.438,-15.771
1074.219,-13.93
1075,-10.538
1075.781,-9.812
1076.563,-8.988
1077.344,-1.237
1078.125,6.079
1078.906,8.017
1079.688,8.792
1080.469,10.584
1081.25,12.958
1082.031,15.817
1082.813,14.557
1083.594,7.823
1084.375,3.753
1085.156,-0.946
1085.938,-7.341
1086.719,-11.653
1087.5,-15.674
1088.281,-15.868
1089.063,-14.317
1089.844,-12.283
1090.625,-9.957
1091.406,-9.957
1092.188,-4.725
1092.969,3.511
1093.75,7.581
1094.531,8.307
1095.313,8.743
1096.094,11.602
1096.875,15.187
1097.656,15.671
1098.438,10.342
1099.219,5.255
1100,1.234
1100.781,-5.888
1101.563,-10.393
1102.344,-13.058
1103.125,-14.947
1103.906,-14.463
1104.688,-12.767
1105.469,-10.006
1106.25,-9.521
1107.031,-6.324
1107.813,2.106
1108.594,7.096
1109.375,8.889
1110.156,10.439
1110.938,11.989
1111.719,14.266
1112.5,15.671
1113.281,12.522
1114.063,6.66
1114.844,2.639
1115.625,-3.562
1116.406,-9.812
1117.188,-13.009
1117.969,-15.335
1118.75,-15.335
1119.531,-13.639
1120.313,-10.684
1121.094,-9.424
1121.875,-8.601
1122.656,-1.285
1123.438,6.127
1124.219,8.259
1125,8.937
1125.781,11.02
1126.563,13.394
1127.344,15.38
1128.125,15.041
1128.906,9.325
1129.688,4.238
1130.469,-0.607
1131.25,-6.711
1132.031,-10.296
1132.813,-14.075
1133.594,-15.577
1134.375,-14.22
1135.156,-11.943
1135.938,-8.794
1136.719,-8.746
1137.5,-4.773
1138.281,3.753
1139.063,7.484
1139.844,8.55
1140.625,10.003
1141.406,11.698
1142.188,14.218
1142.969,15.72
1143.75,11.553
1144.531,5.982
1145.313,1.961
1146.094,-4.483
1146.875,-9.521
1147.656,-12.476
1148.438,-14.705
1149.219,-14.511
1150,-12.864
1150.781,-9.812
1151.563,-8.601
1152.344,-6.614
1153.125,1.089
1153.906,7.048
1154.688,8.743
1155.469,9.712
1156.25,11.359
1157.031,13.927
1157.813,16.349
1158.594,14.169
1159.375,7.871
1160.156,3.559
1160.938,-1.431
1161.719,-7.293
1162.5,-11.459
1163.281,-14.366
1164.063,-14.802
1164.844,-13.591
1165.625,-10.684
1166.406,-8.794
1167.188,-9.134
1167.969,-3.368
1168.75,5.11
1169.531,8.065
1170.313,8.889
1171.094,10.003
1171.875,11.892
1172.656,14.508
1173.438,14.848
1174.219,10.245
1175,5.546
1175.781,0.265
1176.563,-6.76
1177.344,-10.49
1178.125,-13.591
1178.906,-14.947
1179.688,-13.881
1180.469,-12.864
1181.25,-10.054
1182.031,-9.57
1182.813,-6.275
1183.594,2.833
1184.375,7.774
1185.156,8.598
1185.938,9.47
1186.719,11.311
1187.5,14.46
1188.281,15.865
1189.063,11.941
1189.844,6.757
1190.625,3.172
1191.406,-2.69
1192.188,-8.698
1192.969,-12.622
1193.75,-15.335
1194.531,-15.383
1195.313,-13.155
1196.094,-10.006
1196.875,-9.327
1197.656,-8.31
1198.438,-0.898
1199.219,6.321
1200,8.792
1200.781,9.179
1201.563,10.633
1202.344,13.2
1203.125,15.429
1203.906,14.315
1204.688,8.307
1205.469,4.432
1206.25,-0.316
1207.031,-7.486
1207.813,-10.926
1208.594,-13.445
1209.375,-14.269
1210.156,-13.639
1210.938,-11.943
1211.719,-9.279
1212.5,-8.552
1213.281,-3.417
1214.063,4.189
1214.844,7.581
1215.625,9.373
1216.406,11.02
1217.188,12.28
1217.969,14.46
1218.75,15.623
1219.531,11.747
1220.313,6.418
1221.094,1.767
1221.875,-4.24
1222.656,-9.23
1223.438,-12.815
1224.219,-14.753
1225,-15.286
1225.781,-13.251
1226.563,-8.891
1227.344,-8.504
1228.125,-6.324
1228.906,1.525
1229.688,6.805
1230.469,8.743
1231.25,9.954
1232.031,10.972
1232.813,12.813
1233.594,15.332
1234.375,13.249
1235.156,7.193
1235.938,2.736
1236.719,-2.739
1237.5,-8.165
1238.281,-11.992
1239.063,-14.656
1239.844,-14.85
1240.625,-14.172
1241.406,-11.362
1242.188,-9.134
1242.969,-8.988
1243.75,-2.835
1244.531,5.497
1245.313,8.404
1246.094,9.276
1246.875,10.633
1247.656,12.619
1248.438,15.235
1249.219,14.944
1250,9.954
1250.781,5.207
1251.563,0.411
1252.344,-5.403
1253.125,-9.812
1253.906,-13.348
1254.688,-13.833
1255.469,-12.912
1256.25,-11.217
1257.031,-8.261
1257.813,-8.261
1258.594,-4.531
1259.375,4.141
1260.156,8.646
1260.938,9.906
1261.719,11.117
1262.5,12.716
1263.281,15.72
1264.063,17.125
1264.844,12.813
1265.625,7.193
1266.406,3.027
1267.188,-3.514
1267.969,-9.037
1268.75,-12.186
1269.531,-14.075
1270.313,-13.784
1271.094,-12.67
1271.875,-9.667
1272.656,-8.601
1273.438,-7.099
1274.219,0.75
1275,6.999
1275.781,8.985
1276.563,10.1
1277.344,11.359
1278.125,13.346
1278.906,16.01
1279.688,14.557
1280.469,8.453
1281.25,3.802
1282.031,-1.576
1282.813,-7.389
1283.594,-10.926
1284.375,-13.784
1285.156,-15.044
1285.938,-14.317
1286.719,-11.507
1287.5,-9.667
1288.281,-9.812
1289.063,-4.289
1289.844,3.608
1290.625,7.096
1291.406,8.646
1292.188,10.051
1292.969,11.505
1293.75,13.879
1294.531,15.09
1295.313,10.342
1296.094,4.819
1296.875,0.895
1297.656,-5.645
1298.438,-10.151
1299.219,-12.428
1300,-14.463
1300.781,-14.656
1301.563,-13.203
1302.344,-9.473
1303.125,-8.552
1303.906,-6.372
1304.688,2.688
1305.469,8.21
1306.25,9.034
1307.031,10.294
1307.813,11.795
1308.594,14.46
1309.375,16.882
1310.156,13.733
1310.938,7.677
1311.719,3.511
1312.5,-2.399
1313.281,-8.261
1314.063,-11.75
1314.844,-14.269
1315.625,-14.463
1316.406,-13.058
1317.188,-10.006
1317.969,-8.649
1318.75,-7.971
1319.531,-0.801
1320.313,6.515
1321.094,8.598
1321.875,8.985
1322.656,10.633
1323.438,13.443
1324.219,15.817
1325,15.284
1325.781,9.47
1326.563,4.625
1327.344,-0.365
1328.125,-7.341
1328.906,-10.974
1329.688,-13.833
1330.469,-14.656
1331.25,-13.639
1332.031,-11.507
1332.813,-8.794
1333.594,-8.794
1334.375,-3.804
1335.156,4.383
1335.938,8.356
1336.719,10.536
1337.5,11.263
1338.281,12.425
1339.063,15.187
1339.844,16.495
1340.625,12.231
1341.406,6.224
1342.188,2.009
1342.969,-4.434
1343.75,-9.763
1344.531,-12.38
1345.313,-14.463
1346.094,-14.317
1346.875,-12.622
1347.656,-9.279
1348.438,-8.019
1349.219,-7.099
1350,0.653
1350.781,7.581
1351.563,9.228
1352.344,10.439
1353.125,11.941
1353.906,13.733
1354.688,16.301
1355.469,14.557
1356.25,8.646
1357.031,4.577
1357.813,-0.946
1358.594,-7.535
1359.375,-11.701
1360.156,-14.075
1360.938,-14.317
1361.719,-13.688
1362.5,-10.538
1363.281,-8.165
1364.063,-7.874
1364.844,-1.915
1365.625,5.304
1366.406,8.646
1367.188,9.712
1367.969,10.391
1368.75,12.425
1369.531,14.848
1370.313,15.671
1371.094,10.681
1371.875,4.819
1372.656,0.943
1373.438,-5.5
1374.219,-10.781
1375,-13.542
1375.781,-14.414
1376.563,-13.93
1377.344,-11.604
1378.125,-8.358
1378.906,-8.552
1379.688,-5.112
1380.469,3.463
1381.25,8.55
1382.031,10.1
1382.813,10.923
1383.594,12.522
1384.375,15.138
1385.156,16.689
1385.938,13.007
1386.719,7.29
1387.5,3.172
1388.281,-2.981
1389.063,-8.94
1389.844,-12.622
1390.625,-14.269
1391.406,-14.463
1392.188,-13.639
1392.969,-10.199
1393.75,-8.698
1394.531,-7.389
1395.313,0.071
1396.094,7.241
1396.875,9.228
1397.656,9.567
1398.438,10.73
1399.219,13.2
1400,16.156
1400.781,14.799
1401.563,8.743
1402.344,4.335
1403.125,-0.413
1403.906,-6.469
1404.688,-10.878
1405.469,-13.784
1406.25,-14.511
1407.031,-13.688
1407.813,-11.023
1408.594,-9.23
1409.375,-9.327
1410.156,-3.417
1410.938,4.819
1411.719,8.453
1412.5,9.422
1413.281,10.148
1414.063,12.571
1414.844,15.235
1415.625,15.817
1416.406,11.408
1417.188,6.176
1417.969,2.203
1418.75,-4.531
1419.531,-10.102
1420.313,-13.106
1421.094,-14.802
1421.875,-14.85
1422.656,-12.67
1423.438,-10.199
1424.219,-10.102
1425,-6.566
1425.781,1.379
1426.563,6.612
1427.344,8.307
1428.125,9.518
1428.906,11.166
1429.688,13.394
1430.469,15.671
1431.25,13.491
1432.031,7.774
1432.813,3.995
1433.594,-1.963
1434.375,-8.794
1435.156,-12.186
1435.938,-13.978
1436.719,-14.608
1437.5,-13.881
1438.281,-10.878
1439.063,-9.037
1439.844,-7.777
1440.625,-1.285
1441.406,5.401
1442.188,8.114
1442.969,9.082
1443.75,10.294
1444.531,12.667
1445.313,15.09
1446.094,14.508
1446.875,9.422
1447.656,5.061
1448.438,0.701
1449.219,-6.178
1450,-10.635
1450.781,-13.106
1451.563,-14.656
1452.344,-14.124
1453.125,-11.798
1453.906,-8.552
1454.688,-8.31
1455.469,-4.628
1456.25,4.044
1457.031,8.453
1457.813,9.615
1458.594,10.633
1459.375,12.28
1460.156,14.896
1460.938,16.156
1461.719,11.65
1462.5,5.933
1463.281,2.542
1464.063,-3.998
1464.844,-10.102
1465.625,-13.639
1466.406,-15.238
1467.188,-14.85
1467.969,-13.736
1468.75,-10.345
1469.531,-9.23
1470.313,-7.099
1471.094,1.282
1471.875,7.338
1472.656,9.034
1473.438,10.197
1474.219,11.844
1475,13.927
1475.781,16.64
1476.563,15.09
1477.344,8.356
1478.125,3.85
1478.906,-0.995
1479.688,-7.196
1480.469,-11.507
1481.25,-14.027
1482.031,-14.366
1482.813,-14.269
1483.594,-11.459
1484.375,-8.698
1485.156,-9.23
1485.938,-3.853
1486.719,4.238
1487.5,7.532
1488.281,9.034
1489.063,10.294
1489.844,12.183
1490.625,14.993
1491.406,15.526
1492.188,10.633
1492.969,5.255
1493.75,1.234
1494.531,-5.209
1495.313,-9.86
1496.094,-13.009
1496.875,-15.335
1497.656,-14.705
1498.438,-12.476
1499.219,-9.182
1500,-9.279
1500.781,-6.905
1501.563,1.961
1502.344,7.677
1503.125,9.373
1503.906,9.518
1504.688,10.923
1505.469,14.411
1506.25,16.204
1507.031,12.571
1507.813,6.902
1508.594,3.463
1509.375,-2.399
1510.156,-8.843
1510.938,-12.622
1511.719,-15.093
1512.5,-15.335
1513.281,-14.027
1514.063,-10.635
1514.844,-8.988
1515.625,-8.165
1516.406,-0.995
1517.188,6.321
1517.969,8.985
1518.75,10.342
1519.531,11.117
1520.313,12.91
1521.094,16.107
1521.875,15.429
1522.656,9.809
1523.438,5.11
1524.219,-0.268
1525,-6.227
1525.781,-9.86
1526.563,-13.445
1527.344,-15.286
1528.125,-14.172
1528.906,-10.974
1529.688,-8.988
1530.469,-9.618
1531.25,-4.773
1532.031,3.511
1532.813,7.435
1533.594,8.889
1534.375,10.148
1535.156,12.377
1535.938,15.72
1536.719,16.689
1537.5,11.456
1538.281,6.272
1539.063,2.445
1539.844,-4.386
1540.625,-9.424
1541.406,-12.912
1542.188,-14.85
1542.969,-14.124
1543.75,-12.719
1544.531,-9.618
1545.313,-9.376
1546.094,-6.953
1546.875,1.912
1547.656,7.871
1548.438,9.615
1549.219,10.439
1550,12.28
1550.781,14.557
1551.563,16.543
1552.344,14.848
1553.125,8.356
1553.906,4.044
1554.688,-1.091
1555.469,-7.341
1556.25,-10.926
1557.031,-14.463
1557.813,-15.286
1558.594,-13.978
1559.375,-11.604
1560.156,-9.473
1560.938,-9.085
1561.719,-3.175
1562.5,5.158
1563.281,8.162
1564.063,8.792
1564.844,10.148
1565.625,11.747
1566.406,14.218
1567.188,14.363
1567.969,9.276
1568.75,4.868
1569.531,-0.413
1570.313,-7.099
1571.094,-10.829
1571.875,-13.881
1572.656,-15.335
1573.438,-15.044
1574.219,-12.864
1575,-9.57
1575.781,-8.891
1576.563,-5.5
1577.344,2.591
1578.125,7.774
1578.906,8.646
1579.688,9.761
1580.469,12.038
1581.25,14.363
1582.031,15.768
1582.813,12.038
1583.594,6.418
1584.375,2.397
1585.156,-4.047
1585.938,-9.57
1586.719,-12.815
1587.5,-15.528
1588.281,-15.141
1589.063,-13.106
1589.844,-10.635
1590.625,-9.134
1591.406,-7.922
1592.188,-0.898
1592.969,6.66
1593.75,8.598
1594.531,9.518
1595.313,11.311
1596.094,13.491
1596.875,16.301
1597.656,14.46
1598.438,7.968
1599.219,4.577

Machine Name,P29201A
Point Name,29VT-2003AY
Wf Amp,40.405
Number of Revs,8
X-Axis Unit,ms
Y-Axis Unit,µm 
Sample Speed, 3961 rpm
Sample Status,Valid
Timestamp,8/27/2023 11:37:13 AM
Variable,Disp Wf(256X/8revs).29KT-2014A
X-Axis Value,Y-Axis Value
0,15.138
0.059,15.041
0.118,15.186
0.178,15.38
0.237,15.331
0.296,14.799
0.355,15.041
0.414,15.138
0.473,15.089
0.533,15.089
0.592,15.186
0.651,15.428
0.71,15.428
0.769,15.525
0.828,15.961
0.888,16.01
0.947,15.913
1.006,15.719
1.065,15.671
1.124,15.767
1.183,15.283
1.243,15.186
1.302,15.477
1.361,15.428
1.42,15.138
1.479,14.799
1.538,14.508
1.598,14.653
1.657,14.75
1.716,15.525
1.775,15.089
1.834,14.605
1.893,14.072
1.953,15.041
2.012,15.235
2.071,15.283
2.13,13.975
2.189,13.684
2.248,13.781
2.308,14.556
2.367,14.217
2.426,13.927
2.485,12.764
2.544,12.473
2.604,12.667
2.663,13.49
2.722,13.006
2.781,12.715
2.84,11.892
2.899,12.473
2.959,12.425
3.018,13.49
3.077,12.909
3.136,12.715
3.195,11.262
3.254,11.456
3.314,11.456
3.373,12.037
3.432,11.262
3.491,10.971
3.55,9.905
3.609,9.809
3.669,9.082
3.728,9.469
3.787,9.324
3.846,9.276
3.905,7.725
3.964,8.064
4.024,7.871
4.083,9.276
4.142,8.016
4.201,7.435
4.26,5.933
4.319,6.563
4.379,5.933
4.438,6.611
4.497,5.255
4.556,3.995
4.615,1.815
4.674,2.009
4.734,1.718
4.793,2.251
4.852,0.991
4.911,0.846
4.97,-0.22
5.03,0.265
5.089,0.313
5.148,1.621
5.207,-0.075
5.266,-0.947
5.325,-2.255
5.385,-1.286
5.444,-1.625
5.503,-1.334
5.562,-3.369
5.621,-3.756
5.68,-5.646
5.74,-4.968
5.799,-5.452
5.858,-4.435
5.917,-6.13
5.976,-6.954
6.035,-8.068
6.095,-6.76
6.154,-6.76
6.213,-6.227
6.272,-6.954
6.331,-7.487
6.39,-8.407
6.45,-7.051
6.509,-6.276
6.568,-5.21
6.627,-6.179
6.686,-5.985
6.745,-6.566
6.805,-6.276
6.864,-8.311
6.923,-7.342
6.982,-7.923
7.041,-8.214
7.1,-10.2
7.16,-9.861
7.219,-10.394
7.278,-10.684
7.337,-12.961
7.396,-13.591
7.456,-14.076
7.515,-13.446
7.574,-14.56
7.633,-15.093
7.692,-16.062
7.751,-16.062
7.811,-16.401
7.87,-15.965
7.929,-16.643
7.988,-16.886
8.047,-18.291
8.106,-17.467
8.166,-17.273
8.225,-16.498
8.284,-17.225
8.343,-17.322
8.402,-18.533
8.461,-18.145
8.521,-18.097
8.58,-17.031
8.639,-17.128
8.698,-16.982
8.757,-17.515
8.816,-17.225
8.876,-17.515
8.935,-17.273
8.994,-17.225
9.053,-16.643
9.112,-16.982
9.171,-17.176
9.231,-18
9.29,-17.37
9.349,-17.661
9.408,-17.418
9.467,-17.612
9.526,-17.467
9.586,-17.854
9.645,-17.758
9.704,-17.661
9.763,-16.547
9.822,-16.837
9.882,-16.789
9.941,-17.031
10,-16.11
10.059,-15.529
10.118,-15.335
10.177,-15.432
10.237,-15.238
10.296,-15.19
10.355,-15.141
10.414,-14.899
10.473,-14.512
10.532,-14.948
10.592,-15.19
10.651,-14.802
10.71,-13.979
10.769,-13.785
10.828,-13.737
10.887,-13.494
10.947,-12.574
11.006,-12.089
11.065,-11.46
11.124,-11.411
11.183,-11.024
11.242,-11.072
11.302,-10.539
11.361,-9.667
11.42,-9.037
11.479,-8.94
11.538,-8.795
11.597,-8.02
11.657,-7.196
11.716,-6.857
11.775,-6.857
11.834,-6.712
11.893,-6.373
11.952,-5.84
12.012,-5.065
12.071,-4.193
12.13,-3.999
12.189,-4.435
12.248,-3.95
12.307,-2.885
12.367,-1.964
12.426,-1.819
12.485,-1.528
12.544,-1.431
12.603,-0.85
12.663,0.652
12.722,1.718
12.781,2.445
12.84,2.105
12.899,2.735
12.958,3.22
13.018,4.383
13.077,4.625
13.136,5.158
13.195,4.77
13.254,3.947
13.313,3.898
13.373,5.497
13.432,7.047
13.491,7.725
13.55,7.289
13.609,7.822
13.668,8.888
13.728,10.148
13.787,10.051
13.846,10.584
13.905,10.777
13.964,11.456
14.023,11.553
14.083,13.006
14.142,13.006
14.201,12.958
14.26,12.279
14.319,13.394
14.378,13.975
14.438,15.138
14.497,14.847
14.556,14.896
14.615,13.83
14.674,13.878
14.733,13.781
14.793,15.235
14.852,14.847
14.911,14.314
14.97,13.49
15.029,14.217
15.089,14.411
15.148,15.283
15.207,14.944
15.266,15.331
15.325,14.411
15.384,14.75
15.444,14.605
15.503,15.961
15.562,15.38
15.621,15.671
15.68,14.411
15.739,15.041
15.799,14.992
15.858,16.446
15.917,15.719
15.976,15.767
16.035,14.363
16.094,15.477
16.154,15.38
16.213,16.107
16.272,15.186
16.331,15.671
16.39,15.041
16.449,15.331
16.509,15.041
16.568,16.397
16.627,15.913
16.686,15.767
16.745,14.363
16.804,15.235
16.864,15.913
16.923,16.688
16.982,15.283
17.041,15.428
17.1,14.605
17.159,15.622
17.219,15.186
17.278,16.01
17.337,14.847
17.396,14.847
17.455,13.927
17.515,15.331
17.574,14.847
17.633,14.992
17.692,13.636
17.751,14.072
17.81,13.781
17.87,14.314
17.929,13.878
17.988,14.12
18.047,13.394
18.106,13.587
18.165,13.2
18.225,13.442
18.284,12.618
18.343,13.006
18.402,11.94
18.461,12.134
18.52,10.729
18.58,11.165
18.639,10.632
18.698,11.31
18.757,9.76
18.816,9.324
18.875,8.258
18.935,8.791
18.994,8.307
19.053,8.743
19.112,7.774
19.171,7.096
19.23,6.417
19.29,6.756
19.349,6.514
19.408,5.933
19.467,4.576
19.526,4.528
19.585,3.704
19.645,3.704
19.704,2.299
19.763,1.815
19.822,0.701
19.881,0.507
19.941,-0.317
20,0.071
20.059,-0.123
20.118,-0.075
20.177,-1.043
20.236,-0.704
20.296,-0.462
20.355,-1.14
20.414,-2.303
20.473,-2.206
20.532,-2.545
20.591,-3.272
20.651,-4.435
20.71,-4.774
20.769,-5.404
20.828,-5.937
20.887,-7.148
20.946,-7.487
21.006,-7.923
21.065,-7.826
21.124,-8.795
21.183,-9.037
21.242,-9.715
21.301,-9.57
21.361,-9.619
21.42,-9.376
21.479,-10.151
21.538,-10.684
21.597,-10.588
21.656,-9.861
21.716,-9.425
21.775,-9.183
21.834,-9.183
21.893,-9.183
21.952,-10.103
22.011,-11.072
22.071,-10.684
22.13,-10.345
22.189,-11.363
22.248,-11.896
22.307,-11.992
22.367,-11.944
22.426,-13.058
22.485,-14.173
22.544,-14.705
22.603,-14.802
22.662,-15.287
22.722,-15.674
22.781,-15.917
22.84,-16.45
22.899,-17.128
22.958,-17.031
23.017,-16.934
23.077,-17.467
23.136,-17.951
23.195,-18.436
23.254,-18.048
23.313,-17.951
23.372,-17.903
23.432,-17.758
23.491,-17.951
23.55,-18.872
23.609,-19.744
23.668,-19.066
23.727,-18
23.787,-18
23.846,-18.436
23.905,-18.484
23.964,-18.339
24.023,-18.436
24.082,-18.242
24.142,-18
24.201,-17.37
24.26,-17.758
24.319,-17.661
24.378,-17.661
24.437,-16.789
24.497,-17.079
24.556,-16.643
24.615,-16.547
24.674,-16.062
24.733,-16.353
24.793,-15.965
24.852,-15.578
24.911,-14.754
24.97,-15.045
25.029,-14.996
25.088,-14.851
25.148,-14.221
25.207,-13.397
25.266,-13.349
25.325,-13.979
25.384,-14.076
25.443,-14.415
25.503,-13.349
25.562,-13.155
25.621,-13.252
25.68,-14.802
25.739,-14.318
25.798,-14.173
25.858,-12.719
25.917,-12.913
25.976,-12.622
26.035,-13.446
26.094,-12.622
26.153,-12.332
26.213,-10.878
26.272,-11.169
26.331,-11.072
26.39,-11.896
26.449,-10.878
26.508,-10.345
26.568,-9.037
26.627,-9.425
26.686,-8.407
26.745,-8.747
26.804,-7.923
26.863,-7.778
26.923,-5.985
26.982,-6.034
27.041,-5.791
27.1,-6.373
27.159,-4.774
27.219,-4.193
27.278,-2.836
27.337,-3.466
27.396,-2.788
27.455,-3.369
27.514,-1.77
27.574,-1.431
27.633,-0.026
27.692,-0.704
27.751,-0.317
27.81,-0.075
27.869,1.912
27.929,2.251
27.988,3.365
28.047,2.881
28.106,3.462
28.165,3.074
28.224,4.673
28.284,4.964
28.343,5.594
28.402,3.753
28.461,4.286
28.52,4.286
28.579,6.611
28.639,6.708
28.698,8.307
28.757,8.452
28.816,9.13
28.875,8.597
28.934,10.002
28.994,10.584
29.053,12.086
29.112,11.746
29.171,12.425
29.23,11.843
29.289,12.812
29.349,12.812
29.408,14.072
29.467,13.781
29.526,14.023
29.585,13.733
29.645,15.331
29.704,15.428
29.763,15.477
29.822,14.169
29.881,14.896
29.94,14.75
30,15.525
30.059,14.847
30.118,15.574
30.177,14.944
30.236,15.089
30.295,14.556
30.355,15.331
30.414,15.235
30.473,15.671
30.532,14.799
30.591,14.75
30.65,14.169
30.71,14.992
30.769,15.235
30.828,15.235
30.887,14.363
30.946,14.605
31.005,14.75
31.065,15.525
31.124,15.235
31.183,15.816
31.242,14.896
31.301,15.041
31.36,14.363
31.42,15.38
31.479,15.331
31.538,15.138
31.597,14.12
31.656,14.702
31.715,14.992
31.775,15.38
31.834,14.411
31.893,14.169
31.952,14.508
32.011,14.896
32.07,14.944
32.13,14.896
32.189,14.411
32.248,14.556
32.307,14.508
32.366,14.944
32.426,14.266
32.485,14.169
32.544,13.733
32.603,14.411
32.662,14.023
32.721,13.442
32.781,12.522
32.84,12.57
32.899,12.57
32.958,12.328
33.017,11.698
33.076,11.65
33.136,11.553
33.195,11.456
33.254,11.843
33.313,11.843
33.372,11.601
33.431,11.117
33.491,11.359
33.55,11.746
33.609,11.698
33.668,11.456
33.727,10.826
33.786,11.117
33.846,11.02
33.905,11.117
33.964,10.39
34.023,10.293
34.082,9.809
34.141,10.148
34.201,10.148
34.26,9.76
34.319,9.324
34.378,9.276
34.437,9.566
34.496,8.694
34.556,8.307
34.615,8.064
34.674,7.919
34.733,7.096
34.792,6.32
34.852,5.594
34.911,4.818
34.97,3.995
35.029,3.171
35.088,2.978
35.147,2.881
35.207,2.832
35.266,2.59
35.325,2.299
35.384,2.493
35.443,2.154
35.502,1.96
35.562,1.718
35.621,1.766
35.68,0.797
35.739,0.555
35.798,-0.026
35.857,0.216
35.917,-0.608
35.976,-1.043
36.035,-2.158
36.094,-2.594
36.153,-2.981
36.212,-2.255
36.272,-2.933
36.331,-3.514
36.39,-4.629
36.449,-4.629
36.508,-4.289
36.567,-3.756
36.627,-4.725
36.686,-5.113
36.745,-5.598
36.804,-5.113
36.863,-5.016
36.922,-4.241
36.982,-4.629
37.041,-4.532
37.1,-6.663
37.159,-7.584
37.218,-8.117
37.278,-6.906
37.337,-8.262
37.396,-9.183
37.455,-10.83
37.514,-11.024
37.573,-12.235
37.633,-12.138
37.692,-13.494
37.751,-13.979
37.81,-15.045
37.869,-15.141
37.928,-15.723
37.988,-15.674
38.047,-16.256
38.106,-15.917
38.165,-16.982
38.224,-16.934
38.283,-17.37
38.343,-16.304
38.402,-17.128
38.461,-16.643
38.52,-17.515
38.579,-16.062
38.638,-17.176
38.698,-17.031
38.757,-18.145
38.816,-17.418
38.875,-18.097
38.934,-17.758
38.993,-18.097
39.053,-17.128
39.112,-18
39.171,-18.533
39.23,-19.889
39.289,-19.017
39.348,-18.678
39.408,-17.806
39.467,-18.775
39.526,-18.92
39.585,-20.083
39.644,-19.599
39.704,-19.163
39.763,-17.612
39.822,-18.872
39.881,-19.114
39.94,-20.18
39.999,-18.678
40.059,-18.242
40.118,-16.886
40.177,-18
40.236,-17.758
40.295,-18.387
40.354,-16.595
40.414,-16.11
40.473,-15.529
40.532,-16.353
40.591,-16.062
40.65,-16.353
40.709,-15.287
40.769,-15.384
40.828,-14.948
40.887,-15.723
40.946,-15.141
41.005,-15.432
41.064,-13.785
41.124,-13.591
41.183,-12.622
41.242,-13.494
41.301,-12.38
41.36,-12.671
41.419,-11.46
41.479,-11.75
41.538,-11.024
41.597,-11.556
41.656,-11.363
41.715,-11.411
41.774,-9.958
41.834,-9.57
41.893,-9.183
41.952,-9.909
42.011,-9.134
42.07,-8.747
42.13,-7.923
42.189,-8.02
42.248,-6.906
42.307,-6.954
42.366,-6.324
42.425,-5.937
42.485,-4.919
42.544,-4.871
42.603,-4.096
42.662,-3.853
42.721,-3.03
42.78,-3.175
42.84,-2.594
42.899,-1.77
42.958,-0.268
43.017,-0.123
43.076,0.41
43.135,0.701
43.195,2.057
43.254,2.493
43.313,2.832
43.372,3.171
43.431,3.85
43.49,3.462
43.55,3.365
43.609,3.414
43.668,4.237
43.727,4.818
43.786,5.981
43.845,6.32
43.905,7.241
43.964,7.483
44.023,8.016
44.082,8.113
44.141,8.791
44.2,9.276
44.26,10.535
44.319,10.681
44.378,10.971
44.437,10.826
44.496,11.601
44.556,11.795
44.615,12.037
44.674,12.861
44.733,13.539
44.792,14.508
44.851,14.217
44.911,14.12
44.97,14.072
45.029,14.314
45.088,14.799
45.147,15.235
45.206,15.331
45.266,15.428
45.325,15.574
45.384,15.477
45.443,16.107
45.502,16.349
45.561,16.736
45.621,16.979
45.68,16.882
45.739,16.543
45.798,16.494
45.857,17.027
45.916,17.657
45.976,17.463
46.035,16.543
46.094,17.027
46.153,17.512
46.212,17.851
46.271,17.657
46.331,17.705
46.39,17.512
46.449,17.366
46.508,17.415
46.567,17.657
46.626,17.948
46.686,17.56
46.745,17.366
46.804,17.318
46.863,17.609
46.922,17.705
46.982,17.512
47.041,17.512
47.1,17.318
47.159,17.705
47.218,17.657
47.277,17.996
47.337,17.512
47.396,17.754
47.455,17.415
47.514,17.705
47.573,16.833
47.632,16.688
47.692,17.172
47.751,17.269
47.81,16.155
47.869,15.622
47.928,15.38
47.987,15.671
48.047,15.235
48.106,15.138
48.165,14.314
48.224,14.023
48.283,13.297
48.342,14.217
48.402,14.556
48.461,14.508
48.52,13.2
48.579,12.958
48.638,12.618
48.697,13.587
48.757,13.006
48.816,13.103
48.875,11.746
48.934,11.31
48.993,10.971
49.052,12.037
49.112,11.262
49.171,10.681
49.23,9.082
49.289,9.421
49.348,9.373
49.408,10.099
49.467,9.324
49.526,9.033
49.585,7.677
49.644,7.289
49.703,6.805
49.763,7.774
49.822,6.514
49.881,5.933
49.94,4.237
49.999,3.995
50.058,2.638
50.118,3.074
50.177,1.766
50.236,1.815
50.295,0.216
50.354,0.652
50.413,0.555
50.473,1.234
50.532,0.313
50.591,0.119
50.65,-1.334
50.709,-1.431
50.768,-2.012
50.828,-1.334
50.887,-2.303
50.946,-3.224
51.005,-5.549
51.064,-4.968
51.123,-5.307
51.183,-5.065
51.242,-7.002
51.301,-7.293
51.36,-8.407
51.419,-7.681
51.478,-8.601
51.538,-7.681
51.597,-8.601
51.656,-8.601
51.715,-9.812
51.774,-8.989
51.834,-9.134
51.893,-8.262
51.952,-8.795
52.011,-8.359
52.07,-8.601
52.129,-7.632
52.189,-8.117
52.248,-8.165
52.307,-9.909
52.366,-9.764
52.425,-10.103
52.484,-9.861
52.544,-10.781
52.603,-10.394
52.662,-11.944
52.721,-12.428
52.78,-14.221
52.839,-14.076
52.899,-14.269
52.958,-13.737
53.017,-15.335
53.076,-16.159
53.135,-17.612
53.194,-16.256
53.254,-16.256
53.313,-16.11
53.372,-17.661
53.431,-18.097
53.49,-18.727
53.549,-17.903
53.609,-17.322
53.668,-16.643
53.727,-18
53.786,-18.291
53.845,-19.308
53.904,-18.387
53.964,-18.291
54.023,-17.467
54.082,-18.145
54.141,-18
54.2,-18.775
54.259,-18.145
54.319,-18.242
54.378,-17.709
54.437,-18.387
54.496,-18.291
54.555,-18.194
54.615,-17.564
54.674,-17.661
54.733,-17.854
54.792,-18.097
54.851,-17.564
54.91,-17.564
54.97,-17.128
55.029,-17.322
55.088,-16.982
55.147,-17.612
55.206,-17.176
55.265,-16.595
55.325,-16.159
55.384,-16.692
55.443,-16.789
55.502,-16.304
55.561,-15.384
55.62,-15.723
55.68,-15.626
55.739,-15.626
55.798,-15.287
55.857,-15.529
55.916,-15.045
55.975,-15.19
56.035,-15.045
56.094,-15.093
56.153,-14.318
56.212,-14.076
56.271,-13.737
56.33,-13.688
56.39,-13.204
56.449,-12.525
56.508,-12.041
56.567,-11.75
56.626,-11.508
56.685,-11.314
56.745,-10.781
56.804,-10.539
56.863,-9.715
56.922,-9.134
56.981,-8.698
57.041,-8.02
57.1,-7.293
57.159,-7.293
57.218,-7.002
57.277,-6.809
57.336,-5.888
57.396,-5.501
57.455,-5.307
57.514,-4.822
57.573,-4.435
57.632,-3.66
57.691,-3.611
57.751,-2.885
57.81,-2.497
57.869,-2.158
57.928,-1.867
57.987,-0.995
58.046,0.119
58.106,0.797
58.165,1.185
58.224,1.912
58.283,2.493
58.342,3.026
58.401,3.656
58.461,4.14
58.52,4.673
58.579,4.673
58.638,4.237
58.697,4.286
58.756,4.479
58.816,5.642
58.875,5.884
58.934,7.096
58.993,7.58
59.052,8.84
59.111,9.712
59.171,10.293
59.23,10.196
59.289,10.729
59.348,11.746
59.407,13.297
59.467,13.587
59.526,13.345
59.585,13.297
59.644,13.587
59.703,13.975
59.762,15.089
59.822,15.477
59.881,16.058
59.94,15.428
59.999,16.3
60.058,16.397
60.117,17.269
60.177,16.736
60.236,17.657
60.295,17.705
60.354,17.948
60.413,17.657
60.472,19.013
60.532,19.013
60.591,19.159
60.65,18.141
60.709,18.674
60.768,18.868
60.827,19.304
60.887,18.432
60.946,18.19
61.005,17.802
61.064,17.899
61.123,17.415
61.182,18.432
61.242,18.287
61.301,18.529
61.36,17.221
61.419,17.948
61.478,17.899
61.537,18.868
61.597,17.705
61.656,18.044
61.715,17.027
61.774,17.318
61.833,16.833
61.893,17.269
61.952,16.446
62.011,16.688
62.07,15.574
62.129,15.816
62.188,15.138
62.248,16.058
62.307,15.719
62.366,16.155
62.425,14.75
62.484,14.847
62.543,14.847
62.603,16.397
62.662,15.525
62.721,15.138
62.78,13.394
62.839,14.266
62.898,14.023
62.958,14.944
63.017,13.2
63.076,12.425
63.135,10.729
63.194,11.601
63.253,11.65
63.313,12.182
63.372,10.438
63.431,9.76
63.49,9.324
63.549,10.341
63.608,10.148
63.668,10.535
63.727,8.985
63.786,8.694
63.845,7.289
63.904,8.404
63.963,8.064
64.023,8.404
64.082,6.853
64.141,6.805
64.2,5.933
64.259,6.369
64.319,5.739
64.378,6.466
64.437,5.884
64.496,5.787
64.555,4.479
64.614,5.303
64.674,5.448
64.733,6.03
64.792,4.479
64.851,3.704
64.91,2.832
64.969,3.414
65.029,3.026
65.088,2.881
65.147,0.604
65.206,-0.365
65.265,-1.286
65.324,-0.704
65.384,-1.383
65.443,-1.237
65.502,-2.255
65.561,-2.012
65.62,-2.885
65.679,-1.819
65.739,-1.673
65.798,-1.77
65.857,-3.708
65.916,-3.708
65.975,-4.047
66.034,-3.563
66.094,-4.774
66.153,-5.307
66.212,-6.13
66.271,-6.518
66.33,-7.729
66.389,-7.584
66.449,-7.438
66.508,-7.487
66.567,-8.747
66.626,-9.279
66.685,-9.134
66.745,-8.359
66.804,-8.65
66.863,-8.553
66.922,-9.328
66.981,-9.183
67.04,-9.231
67.1,-7.971
67.159,-7.584
67.218,-7.535
67.277,-8.068
67.336,-7.438
67.395,-8.068
67.455,-9.183
67.514,-9.473
67.573,-9.328
67.632,-9.619
67.691,-10.151
67.75,-10.539
67.81,-10.927
67.869,-11.896
67.928,-12.768
67.987,-13.737
68.046,-13.301
68.105,-13.688
68.165,-14.076
68.224,-15.287
68.283,-15.529
68.342,-15.868
68.401,-15.481
68.46,-15.723
68.52,-16.11
68.579,-17.176
68.638,-17.515
68.697,-17.225
68.756,-16.401
68.815,-16.401
68.875,-16.692
68.934,-17.37
68.993,-18.242
69.052,-18.581
69.111,-17.806
69.171,-17.273
69.23,-17.564
69.289,-18.339
69.348,-18.678
69.407,-18.145
69.466,-17.709
69.526,-18.291
69.585,-18.775
69.644,-18.581
69.703,-17.951
69.762,-17.854
69.821,-17.951
69.881,-18.097
69.94,-18.339
69.999,-18.194
70.058,-17.709
70.117,-16.886
70.176,-17.176
70.236,-17.661
70.295,-17.758
70.354,-16.934
70.413,-16.498
70.472,-16.11
70.531,-16.45
70.591,-15.965
70.65,-15.917
70.709,-15.723
70.768,-15.868
70.827,-15.093
70.886,-14.705
70.946,-14.996
71.005,-15.384
71.064,-15.19
71.123,-15.335
71.182,-15.141
71.241,-14.754
71.301,-14.027
71.36,-13.979
71.419,-14.027
71.478,-13.737
71.537,-12.235
71.597,-11.944
71.656,-11.169
71.715,-11.944
71.774,-11.072
71.833,-10.927
71.892,-9.667
71.952,-9.473
72.011,-8.698
72.07,-8.747
72.129,-8.165
72.188,-7.342
72.247,-6.324
72.307,-6.179
72.366,-5.549
72.425,-5.791
72.484,-5.016
72.543,-5.016
72.602,-3.514
72.662,-3.175
72.721,-2.739
72.78,-3.563
72.839,-2.642
72.898,-2.061
72.957,-0.317
73.017,-1.14
73.076,-0.414
73.135,-1.237
73.194,0.119
73.253,0.652
73.312,2.881
73.372,2.881
73.431,3.074
73.49,2.202
73.549,3.753
73.608,4.576
73.667,5.981
73.727,5.545
73.786,5.206
73.845,3.85
73.904,4.77
73.963,5.594
74.023,7.919
74.082,8.161
74.141,8.549
74.2,7.919
74.259,10.051
74.318,10.002
74.378,11.407
74.437,11.214
74.496,12.182
74.555,11.65
74.614,13.006
74.673,12.861
74.733,14.266
74.792,13.49
74.851,13.781
74.91,13.297
74.969,14.556
75.028,15.235
75.088,16.397
75.147,15.477
75.206,14.992
75.265,13.781
75.324,15.186
75.383,15.574
75.443,16.494
75.502,14.799
75.561,14.896
75.62,14.411
75.679,15.864
75.738,15.138
75.798,16.155
75.857,15.235
75.916,15.622
75.975,14.653
76.034,15.767
76.093,15.719
76.153,16.397
76.212,15.767
76.271,15.864
76.33,15.477
76.389,16.349
76.448,16.736
76.508,17.609
76.567,16.979
76.626,16.736
76.685,15.767
76.744,16.93
76.804,17.124
76.863,17.512
76.922,16.446
76.981,16.3
77.04,15.767
77.099,16.591
77.159,16.494
77.218,16.93
77.277,15.719
77.336,15.331
77.395,14.992
77.454,16.3
77.514,16.203
77.573,15.864
77.632,14.944
77.691,14.847
77.75,14.702
77.809,15.138
77.869,14.411
77.928,14.266
77.987,13.587
78.046,13.781
78.105,13.539
78.164,13.442
78.224,12.425
78.283,12.522
78.342,12.279
78.401,12.618
78.46,11.698
78.519,11.989
78.579,11.795
78.638,12.086
78.697,11.843
78.756,11.989
78.815,11.843
78.874,11.31
78.934,10.923
78.993,11.02
79.052,10.923
79.111,10.535
79.17,9.857
79.23,10.051
79.289,9.421
79.348,9.227
79.407,8.452
79.466,8.452
79.525,8.355
79.585,8.113
79.644,7.58
79.703,7.483
79.762,7.047
79.821,7.144
79.88,6.417
79.94,6.03
79.999,5.109
80.058,4.576
80.117,4.286
80.176,3.753
80.235,3.123
80.295,1.573
80.354,0.701
80.413,0.071
80.472,-0.268
80.531,-0.656
80.59,-0.704
80.65,-0.656
80.709,-0.995
80.768,-1.286
80.827,-1.043
80.886,-0.608
80.945,-1.479
81.005,-1.916
81.064,-2.352
81.123,-2.497
81.182,-2.933
81.241,-3.369
81.3,-3.95
81.36,-4.822
81.419,-5.501
81.478,-6.13
81.537,-6.034
81.596,-6.034
81.656,-6.566
81.715,-7.148
81.774,-7.39
81.833,-7.681
81.892,-7.438
81.951,-7.342
82.011,-7.245
82.07,-8.214
82.129,-8.747
82.188,-8.456
82.247,-7.487
82.306,-7.39
82.366,-7.535
82.425,-7.729
82.484,-7.487
82.543,-8.504
82.602,-9.473
82.661,-9.279
82.721,-8.843
82.78,-10.055
82.839,-10.927
82.898,-11.411
82.957,-10.975
83.016,-12.041
83.076,-13.058
83.135,-14.512
83.194,-14.366
83.253,-14.851
83.312,-14.56
83.371,-15.384
83.431,-15.917
83.49,-17.031
83.549,-16.595
83.608,-16.595
83.667,-16.159
83.726,-17.37
83.786,-17.709
83.845,-18.194
83.904,-17.515
83.963,-17.612
84.022,-17.225
84.082,-17.951
84.141,-18.727
84.2,-19.744
84.259,-19.066
84.318,-18.727
84.377,-18.145
84.437,-19.26
84.496,-18.727
84.555,-19.986
84.614,-19.55
84.673,-20.277
84.732,-18.969
84.792,-19.453
84.851,-19.26
84.91,-20.471
84.969,-19.841
85.028,-20.035
85.087,-19.211
85.147,-19.599
85.206,-19.066
85.265,-20.083
85.324,-19.744
85.383,-19.986
85.442,-18.242
85.502,-18.484
85.561,-18.533
85.62,-19.502
85.679,-18.291
85.738,-18
85.797,-16.547
85.857,-17.273
85.916,-16.789
85.975,-17.467
86.034,-16.498
86.093,-16.401
86.152,-14.802
86.212,-15.481
86.271,-15.529
86.33,-16.643
86.389,-15.141
86.448,-14.318
86.508,-13.155
86.567,-13.64
86.626,-13.543
86.685,-13.882
86.744,-12.622
86.803,-11.896
86.863,-10.588
86.922,-11.46
86.981,-11.12
87.04,-11.799
87.099,-9.764
87.158,-9.328
87.218,-7.438
87.277,-8.165
87.336,-7.342
87.395,-7.729
87.454,-6.082
87.513,-5.549
87.573,-4.338
87.632,-5.21
87.691,-4.435
87.75,-4.047
87.809,-2.448
87.868,-2.206
87.928,-1.286
87.987,-1.479
88.046,-0.656
88.105,-0.365
88.164,1.137
88.223,1.427
88.283,2.687
88.342,2.396
88.401,3.753
88.46,3.947
88.519,5.4
88.578,5.448
88.638,6.708
88.697,6.224
88.756,6.369
88.815,6.32
88.874,7.822
88.934,7.241
88.993,6.853
89.052,6.224
89.111,7.338
89.17,8.5
89.229,9.712
89.289,10.148
89.348,11.068
89.407,11.068
89.466,11.456
89.525,11.456
89.584,12.812
89.644,12.958
89.703,13.733
89.762,13.345
89.821,13.83
89.88,13.684
89.939,14.217
89.999,14.169
90.058,14.896
90.117,14.896
90.176,15.671
90.235,16.252
90.294,16.446
90.354,16.203
90.413,16.3
90.472,16.252
90.531,16.833
90.59,16.736
90.649,16.93
90.709,16.833
90.768,17.027
90.827,16.494
90.886,16.688
90.945,16.688
91.004,16.882
91.064,16.446
91.123,16.349
91.182,15.767
91.241,16.058
91.3,15.864
91.36,16.397
91.419,15.961
91.478,15.525
91.537,15.961
91.596,16.591
91.655,16.64
91.715,16.203
91.774,15.961
91.833,16.01
91.892,16.397
91.951,16.203
92.01,15.961
92.07,15.913
92.129,15.622
92.188,15.138
92.247,15.428
92.306,16.058
92.365,15.816
92.425,15.331
92.484,14.75
92.543,15.331
92.602,15.961
92.661,16.203
92.72,16.252
92.78,15.913
92.839,15.816
92.898,15.864
92.957,16.107
93.016,16.155
93.075,15.816
93.135,15.38
93.194,15.622
93.253,15.477
93.312,15.283
93.371,15.041
93.43,14.75
93.49,14.556
93.549,14.266
93.608,14.12
93.667,14.314
93.726,14.023
93.786,13.927
93.845,14.12
93.904,14.314
93.963,13.781
94.022,13.442
94.081,13.442
94.141,13.733
94.2,12.812
94.259,12.715
94.318,12.231
94.377,12.57
94.436,11.94
94.496,11.892
94.555,11.407
94.614,11.068
94.673,10.293
94.732,10.826
94.791,10.826
94.851,10.681
94.91,9.179
94.969,9.227
95.028,9.13
95.087,9.373
95.146,8.113
95.206,7.677
95.265,6.708
95.324,6.611
95.383,5.642
95.442,5.4
95.501,3.947
95.561,3.607
95.62,1.815
95.679,2.009
95.738,1.815
95.797,2.396
95.856,1.573
95.916,1.621
95.975,0.507
96.034,1.185
96.093,0.022
96.152,0.458
96.211,-0.511
96.271,-0.753
96.33,-2.352
96.389,-2.4
96.448,-3.321
96.507,-2.788
96.567,-3.611
96.626,-4.193
96.685,-6.082
96.744,-5.743
96.803,-5.84
96.862,-5.113
96.922,-6.324
96.981,-6.906
97.04,-8.02
97.099,-7.148
97.158,-7.342
97.217,-6.663
97.277,-7.826
97.336,-7.487
97.395,-8.456
97.454,-7.002
97.513,-6.954
97.572,-5.743
97.632,-7.051
97.691,-7.875
97.75,-9.667
97.809,-8.504
97.868,-8.795
97.927,-8.698
97.987,-10.103
98.046,-10.491
98.105,-12.089
98.164,-12.332
98.223,-13.252
98.282,-13.01
98.342,-14.463
98.401,-14.754
98.46,-16.401
98.519,-15.917
98.578,-16.692
98.637,-16.062
98.697,-17.225
98.756,-17.322
98.815,-18.92
98.874,-18.63
98.933,-18.872
98.993,-17.758
99.052,-18.823
99.111,-18.872
99.17,-19.647
99.229,-19.211
99.288,-20.131
99.348,-20.083
99.407,-20.228
99.466,-20.035
99.525,-20.858
99.584,-20.228
99.643,-20.374
99.703,-19.55
99.762,-20.664
99.821,-20.471
99.88,-21.1
99.939,-19.841
99.998,-20.035
100.058,-19.114
100.117,-20.277
100.176,-20.277
100.235,-21.052
100.294,-19.599
100.353,-19.163
100.413,-18.969
100.472,-20.18
100.531,-20.18
100.59,-20.035
100.649,-19.017
100.708,-18.63
100.768,-18.097
100.827,-18.823
100.886,-18.63
100.945,-17.903
101.004,-16.498
101.063,-16.74
101.123,-16.498
101.182,-17.079
101.241,-16.304
101.3,-16.014
101.359,-15.432
101.419,-15.917
101.478,-15.723
101.537,-15.771
101.596,-14.851
101.655,-14.463
101.714,-13.349
101.774,-13.446
101.833,-13.155
101.892,-12.719
101.951,-11.508
102.01,-11.314
102.069,-11.024
102.129,-10.539
102.188,-9.812
102.247,-9.667
102.306,-9.279
102.365,-8.456
102.424,-7.196
102.484,-7.342
102.543,-6.906
102.602,-6.809
102.661,-5.888
102.72,-5.549
102.779,-5.113
102.839,-4.725
102.898,-4.047
102.957,-3.563
103.016,-2.836
103.075,-2.352
103.134,-2.109
103.194,-1.722
103.253,-1.092
103.312,-0.462
103.371,-0.075
103.43,0.119
103.489,0.701
103.549,1.67
103.608,2.348
103.667,2.978
103.726,3.559
103.785,3.947
103.845,4.14
103.904,4.334
103.963,5.4
104.022,5.981
104.081,5.497
104.14,4.964
104.2,5.448
104.259,6.078
104.318,6.902
104.377,8.161
104.436,8.985
104.495,9.712
104.555,9.712
104.614,10.196
104.673,10.584
104.732,11.359
104.791,11.94
104.85,12.57
104.91,12.57
104.969,12.473
105.028,12.328
105.087,13.151
105.146,13.587
105.205,13.49
105.265,13.297
105.324,13.781
105.383,14.459
105.442,14.411
105.501,13.975
105.56,13.927
105.62,13.345
105.679,13.733
105.738,13.636
105.797,13.975
105.856,13.733
105.915,13.781
105.975,13.248
106.034,13.49
106.093,13.442
106.152,14.217
106.211,13.975
106.27,14.411
106.33,13.442
106.389,13.442
106.448,13.83
106.507,14.653
106.566,14.266
106.625,14.023
106.685,13.878
106.744,14.459
106.803,14.023
106.862,15.041
106.921,14.847
106.98,14.944
107.039,13.539
107.099,14.169
107.158,14.508
107.217,15.913
107.276,14.459
107.335,14.556
107.394,14.072
107.454,15.186
107.513,14.896
107.572,15.671
107.631,15.041
107.69,15.041
107.749,14.508
107.809,15.283
107.868,15.428
107.927,15.961
107.986,14.992
108.045,15.477
108.104,14.653
108.163,15.041
108.223,14.411
108.282,15.913
108.341,15.671
108.4,15.913
108.459,14.363
108.518,14.702
108.578,14.75
108.637,16.058
108.696,15.331
108.755,15.477
108.814,13.83
108.873,14.556
108.932,14.653
108.992,16.3
109.051,15.428
109.11,14.944
109.169,13.49
109.228,14.411
109.287,14.363
109.347,14.992
109.406,13.878
109.465,13.587
109.524,12.473
109.583,13.2
109.642,12.909
109.701,13.394
109.761,11.795
109.82,11.65
109.879,10.777
109.938,11.504
109.997,10.341
110.056,10.777
110.116,9.712
110.175,9.663
110.234,7.58
110.293,7.822
110.352,7.58
110.411,8.016
110.471,6.078
110.53,5.594
110.589,3.947
110.648,3.704
110.707,2.978
110.766,3.51
110.825,2.299
110.885,1.96
110.944,0.797
111.003,1.912
111.062,1.96
111.121,2.493
111.18,1.185
111.24,0.555
111.299,-0.365
111.358,0.022
111.417,-0.511
111.476,-0.462
111.535,-1.916
111.594,-2.691
111.654,-3.805
111.713,-3.466
111.772,-4.096
111.831,-4.532
111.89,-5.452
111.949,-5.549
112.009,-6.615
112.068,-6.566
112.127,-6.76
112.186,-6.469
112.245,-7.293
112.304,-7.535
112.363,-8.311
112.423,-7.971
112.482,-8.068
112.541,-7.584
112.6,-7.875
112.659,-7.729
112.718,-8.262
112.778,-7.778
112.837,-9.037
112.896,-9.861
112.955,-10.733
113.014,-10.394
113.073,-11.072
113.133,-11.314
113.192,-12.332
113.251,-12.865
113.31,-13.688
113.369,-14.657
113.428,-15.384
113.487,-16.014
113.547,-16.014
113.606,-16.498
113.665,-17.515
113.724,-17.806
113.783,-17.951
113.842,-17.564
113.902,-18.242
113.961,-18.581
114.02,-19.163
114.079,-19.066
114.138,-19.26
114.197,-18.823
114.256,-18.727
114.316,-18.63
114.375,-19.695
114.434,-20.131
114.493,-20.228
114.552,-19.647
114.611,-19.647
114.671,-20.083
114.73,-19.938
114.789,-19.938
114.848,-19.792
114.907,-19.986
114.966,-20.18
115.026,-19.986
115.085,-20.035
115.144,-19.502
115.203,-19.114
115.262,-19.308
115.321,-19.792
115.38,-19.55
115.44,-19.017
115.499,-18.048
115.558,-18.242
115.617,-18.339
115.676,-18.387
115.735,-17.951
115.795,-16.934
115.854,-16.256
115.913,-15.723
115.972,-16.062
116.031,-15.481
116.09,-14.705
116.149,-14.027
116.209,-13.785
116.268,-13.543
116.327,-13.252
116.386,-13.204
116.445,-13.494
116.504,-13.01
116.564,-12.525
116.623,-12.768
116.682,-13.204
116.741,-12.865
116.8,-11.944
116.859,-11.169
116.918,-11.314
116.978,-10.975
117.037,-10.83
117.096,-10.491
117.155,-10.636
117.214,-9.522
117.273,-9.183
117.333,-9.086
117.392,-10.006
117.451,-8.989
117.51,-8.262
117.569,-6.906
117.628,-7.051
117.688,-6.712
117.747,-6.76
117.806,-6.179
117.865,-5.84
117.924,-4.241
117.983,-3.756
118.042,-3.369
118.102,-3.611
118.161,-2.352
118.22,-1.964
118.279,-0.947
118.338,-0.656
118.397,0.701
118.457,0.071
118.516,0.604
118.575,0.846
118.634,2.638
118.693,3.171
118.752,3.947
118.811,3.171
118.871,4.334
118.93,4.818
118.989,6.078
119.048,5.884
119.107,6.466
119.166,5.594
119.226,6.078
119.285,5.206
119.344,6.369
119.403,6.175
119.462,7.096
119.521,7.192
119.58,8.258
119.64,8.646
119.699,9.857
119.758,9.518
119.817,9.76
119.876,9.13
119.935,11.02
119.995,11.456
120.054,12.667
120.113,11.504
120.172,12.134
120.231,11.601
120.29,12.715
120.35,12.667
120.409,14.459
120.468,14.314
120.527,14.702
120.586,13.587
120.645,14.266
120.704,14.508
120.764,15.525
120.823,14.75
120.882,15.331
120.941,13.975
121,14.847
121.059,15.041
121.119,16.203

