Machine Name,P29201A
Point Name,29VT-2007Y
Wf Amp,18.458
Number of Revs,8
X-Axis Unit,ms
Y-Axis Unit,µm 
Sample Speed, 4762 rpm
Sample Status,Valid
Timestamp,7/25/2026 1:40:10 PM
Variable,Disp Wf(256X/8revs).29KT-2014A
X-Axis Value,Y-Axis Value
0,3.24
0.049,3.143
0.098,4.257
0.148,4.257
0.197,4.548
0.246,4.16
0.295,3.724
0.345,4.16
0.394,4.742
0.443,5.032
0.492,5.662
0.541,5.953
0.591,6.534
0.64,7.455
0.689,6.825
0.738,7.455
0.787,7.552
0.837,8.23
0.886,9.441
0.935,8.569
0.984,8.617
1.034,8.23
1.083,8.23
1.132,8.182
1.181,7.842
1.23,6.68
1.28,6.777
1.329,6.244
1.378,6.534
1.427,6.534
1.477,6.098
1.526,7.552
1.575,7.939
1.624,8.86
1.673,8.714
1.723,8.278
1.772,7.988
1.821,7.697
1.87,7.067
1.919,6.873
1.969,6.728
2.018,7.358
2.067,7.503
2.116,6.68
2.166,7.6
2.215,7.213
2.264,7.406
2.313,8.036
2.362,7.309
2.412,7.503
2.461,7.455
2.51,7.745
2.559,8.23
2.609,8.182
2.658,7.891
2.707,7.794
2.756,6.97
2.805,7.455
2.855,7.019
2.904,5.856
2.953,6.098
3.002,5.42
3.052,5.808
3.101,5.517
3.15,4.742
3.199,5.323
3.248,4.79
3.298,4.693
3.347,4.79
3.396,4.548
3.445,4.839
3.494,5.081
3.544,4.742
3.593,5.129
3.642,4.403
3.691,4.645
3.741,4.79
3.79,3.87
3.839,4.015
3.888,3.434
3.937,3.676
3.987,4.403
4.036,3.918
4.085,3.676
4.134,3.385
4.184,2.949
4.233,3.143
4.282,2.755
4.331,1.786
4.38,1.835
4.43,1.06
4.479,0.818
4.528,-0.49
4.577,-1.653
4.626,-1.556
4.676,-1.459
4.725,-0.248
4.774,-0.006
4.823,0.188
4.873,1.06
4.922,0.866
4.971,0.769
5.02,0.963
5.069,0.382
5.119,0.236
5.168,0.769
5.217,0.527
5.266,1.108
5.316,0.478
5.365,0.478
5.414,0.963
5.463,0.721
5.512,0.914
5.562,0.575
5.611,0.721
5.66,0.866
5.709,0.236
5.758,0.042
5.808,0.43
5.857,-0.151
5.906,0.624
5.955,-0.2
6.005,-1.12
6.054,-0.587
6.103,-1.217
6.152,-0.975
6.201,-1.072
6.251,-1.459
6.3,-1.217
6.349,-1.362
6.398,-1.605
6.448,-1.556
6.497,-2.041
6.546,-1.459
6.595,-0.927
6.644,-1.411
6.694,-1.023
6.743,-1.653
6.792,-1.023
6.841,-0.781
6.89,-1.217
6.94,-0.684
6.989,-0.878
7.038,-0.684
7.087,-0.151
7.137,-0.539
7.186,-1.072
7.235,-1.023
7.284,-1.508
7.333,-1.314
7.383,-1.992
7.432,-2.525
7.481,-2.041
7.53,-1.459
7.58,-0.297
7.629,-0.878
7.678,-1.992
7.727,-2.525
7.776,-3.446
7.826,-3.446
7.875,-3.591
7.924,-4.124
7.973,-4.318
8.022,-5.044
8.072,-5.48
8.121,-4.851
8.17,-5.48
8.219,-4.221
8.269,-3.349
8.318,-4.221
8.367,-4.221
8.416,-4.948
8.465,-5.19
8.515,-4.851
8.564,-5.335
8.613,-5.529
8.662,-6.304
8.712,-6.159
8.761,-5.626
8.81,-6.353
8.859,-7.031
8.908,-7.079
8.958,-8.145
9.007,-7.612
9.056,-7.564
9.105,-7.176
9.155,-6.353
9.204,-7.321
9.253,-7.418
9.302,-7.709
9.351,-7.951
9.401,-7.467
9.45,-7.467
9.499,-7.612
9.548,-7.37
9.597,-7.709
9.647,-7.273
9.696,-6.74
9.745,-6.934
9.794,-6.304
9.844,-6.982
9.893,-6.401
9.942,-6.304
9.991,-6.74
10.04,-6.449
10.09,-7.079
10.139,-7.273
10.188,-6.789
10.237,-6.692
10.287,-7.079
10.336,-6.74
10.385,-7.079
10.434,-6.401
10.483,-6.643
10.533,-6.837
10.582,-6.013
10.631,-6.304
10.68,-5.674
10.729,-6.256
10.779,-6.546
10.828,-6.353
10.877,-6.789
10.926,-6.304
10.976,-5.529
11.025,-5.384
11.074,-4.802
11.123,-4.754
11.172,-6.643
11.222,-6.982
11.271,-7.321
11.32,-6.013
11.369,-4.705
11.419,-3.93
11.468,-3.155
11.517,-3.543
11.566,-3.397
11.615,-2.671
11.665,-2.913
11.714,-2.913
11.763,-2.525
11.812,-2.671
11.861,-1.508
11.911,-1.653
11.96,-1.169
12.009,-0.684
12.058,-0.733
12.108,0.333
12.157,-0.394
12.206,-0.733
12.255,0.624
12.304,0.721
12.354,0.818
12.403,0.624
12.452,0.382
12.501,1.69
12.551,2.562
12.6,2.319
12.649,2.755
12.698,2.562
12.747,3.337
12.797,4.16
12.846,3.337
12.895,3.579
12.944,3.385
12.993,4.209
13.043,4.936
13.092,4.79
13.141,5.323
13.19,5.323
13.24,5.856
13.289,6.631
13.338,6.534
13.387,6.534
13.436,7.6
13.486,7.649
13.535,8.036
13.584,7.503
13.633,6.777
13.683,7.164
13.732,6.873
13.781,7.164
13.83,6.292
13.879,5.614
13.929,5.904
13.978,6.195
14.027,6.437
14.076,6.583
14.125,6.825
14.175,8.23
14.224,9.247
14.273,8.957
14.322,9.054
14.372,7.697
14.421,7.649
14.47,7.6
14.519,6.728
14.568,7.261
14.618,7.455
14.667,7.164
14.716,7.213
14.765,7.261
14.815,6.97
14.864,7.261
14.913,6.825
14.962,7.164
15.011,6.68
15.061,6.631
15.11,7.019
15.159,6.728
15.208,7.649
15.258,7.406
15.307,6.437
15.356,6.583
15.405,6.777
15.454,6.437
15.504,6.292
15.553,5.275
15.602,5.565
15.651,5.904
15.7,5.178
15.75,5.42
15.799,4.548
15.848,4.936
15.897,5.129
15.947,4.79
15.996,4.984
16.045,4.596
16.094,4.645
16.143,4.742
16.193,3.967
16.242,3.87
16.291,4.112
16.34,3.918
16.39,3.918
16.439,2.949
16.488,2.707
16.537,3.288
16.586,2.707
16.636,2.998
16.685,2.368
16.734,1.883
16.783,1.932
16.832,1.544
16.882,1.399
16.931,1.06
16.98,0.382
17.029,0.285
17.079,-0.2
17.128,-1.217
17.177,-1.847
17.226,-2.816
17.275,-1.459
17.325,-0.006
17.374,0.042
17.423,1.205
17.472,0.963
17.522,1.447
17.571,1.544
17.62,1.011
17.669,0.624
17.718,0.382
17.768,0.624
17.817,1.447
17.866,0.818
17.915,0.139
17.964,0.333
18.014,-0.151
18.063,0.527
18.112,-0.103
18.161,-0.394
18.211,0.285
18.26,-0.151
18.309,0.139
18.358,-0.248
18.407,-0.684
18.457,-0.248
18.506,0.042
18.555,-0.442
18.604,-0.636
18.654,-1.459
18.703,-0.927
18.752,-0.587
18.801,-1.314
18.85,-0.83
18.9,-1.992
18.949,-1.459
18.998,-1.12
19.047,-1.75
19.096,-1.799
19.146,-2.138
19.195,-1.411
19.244,-0.781
19.293,-1.556
19.343,-1.702
19.392,-1.169
19.441,-1.508
19.49,-0.684
19.539,-0.927
19.589,-1.362
19.638,-0.927
19.687,-1.459
19.736,-1.169
19.786,-1.653
19.835,-2.089
19.884,-1.702
19.933,-1.992
19.982,-2.089
20.032,-2.138
20.081,-2.622
20.13,-1.217
20.179,-0.539
20.229,-0.733
20.278,-1.217
20.327,-3.01
20.376,-3.01
20.425,-2.767
20.475,-3.252
20.524,-3.107
20.573,-4.608
20.622,-5.432
20.671,-4.996
20.721,-5.335
20.77,-5.529
20.819,-4.512
20.868,-4.076
20.918,-3.93
20.967,-4.996
21.016,-5.48
21.065,-5.432
21.114,-6.013
21.164,-5.432
21.213,-6.498
21.262,-7.128
21.311,-6.498
21.361,-6.885
21.41,-7.031
21.459,-7.321
21.508,-8.145
21.557,-8.29
21.607,-8.29
21.656,-7.806
21.705,-6.498
21.754,-6.885
21.803,-6.692
21.853,-6.643
21.902,-7.031
21.951,-6.595
22,-7.273
22.05,-6.74
22.099,-6.304
22.148,-6.546
22.197,-6.401
22.246,-6.449
22.296,-5.868
22.345,-5.432
22.394,-6.11
22.443,-6.207
22.493,-5.771
22.542,-6.498
22.591,-6.013
22.64,-6.692
22.689,-7.031
22.739,-6.885
22.788,-7.176
22.837,-6.304
22.886,-6.934
22.935,-7.225
22.985,-6.643
23.034,-6.498
23.083,-6.498
23.132,-6.013
23.182,-6.353
23.231,-5.529
23.28,-5.432
23.329,-5.626
23.378,-5.432
23.428,-6.401
23.477,-6.062
23.526,-5.238
23.575,-4.657
23.625,-4.172
23.674,-4.269
23.723,-4.269
23.772,-4.948
23.821,-6.353
23.871,-6.449
23.92,-5.238
23.969,-4.124
24.018,-2.428
24.067,-2.719
24.117,-3.446
24.166,-3.058
24.215,-2.913
24.264,-2.428
24.314,-2.961
24.363,-2.913
24.412,-2.138
24.461,-1.992
24.51,-1.653
24.56,-1.169
24.609,-1.556
24.658,-0.684
24.707,-0.49
24.757,-0.733
24.806,-0.297
24.855,-0.49
24.904,0.527
24.953,0.866
25.003,0.527
25.052,0.963
25.101,1.011
25.15,2.174
25.199,2.852
25.249,2.755
25.298,2.998
25.347,3.337
25.396,3.724
25.446,4.064
25.495,3.288
25.544,3.046
25.593,3.967
25.642,4.015
25.692,5.178
25.741,5.081
25.79,5.226
25.839,5.953
25.888,6.05
25.938,6.437
25.987,6.583
26.036,6.777
26.085,7.697
26.134,7.649
26.184,7.358
26.233,7.6
26.282,6.777
26.331,7.116
26.38,7.213
26.43,6.292
26.479,6.534
26.528,5.468
26.577,6.05
26.627,6.583
26.676,6.583
26.725,7.067
26.774,8.085
26.823,8.811
26.873,9.393
26.922,8.569
26.971,7.649
27.02,7.455
27.069,6.777
27.119,7.164
27.168,6.583
27.217,6.922
27.266,6.825
27.315,6.389
27.365,6.97
27.414,6.534
27.463,6.292
27.512,6.97
27.561,6.68
27.611,6.631
27.66,7.067
27.709,6.437
27.758,7.213
27.807,7.358
27.857,7.261
27.906,7.261
27.955,6.389
28.004,7.067
28.054,6.97
28.103,6.147
28.152,5.953
28.201,5.372
28.25,5.662
28.3,5.904
28.349,5.032
28.398,4.936
28.447,5.081
28.496,4.887
28.546,5.468
28.595,4.693
28.644,4.403
28.693,4.839
28.742,4.403
28.792,4.645
28.841,3.918
28.89,3.724
28.939,4.112
28.988,3.482
29.038,2.998
29.087,2.755
29.136,2.223
29.185,2.998
29.235,3.24
29.284,2.61
29.333,2.659
29.382,1.69
29.431,2.271
29.481,2.126
29.53,1.351
29.579,1.157
29.628,0.042
29.677,-0.151
29.727,-0.539
29.776,-1.895
29.825,-2.574
29.874,-1.75
29.923,-0.684
29.973,0.575
30.022,0.236
30.071,0.333
30.12,0.769
30.169,0.624
30.219,1.254
30.268,-0.006
30.317,-0.151
30.366,0.382
30.415,0.43
30.465,0.769
30.514,-0.006
30.563,-0.733
30.612,-0.006
30.662,0.139
30.711,-0.297
30.76,0.091
30.809,-0.733
30.858,0.042
30.908,-0.006
30.957,-0.151
31.006,0.091
31.055,-0.587
31.104,0.236
31.154,0.43
31.203,-0.151
31.252,-0.587
31.301,-0.878
31.35,-0.733
31.4,-0.054
31.449,-0.781
31.498,-1.023
31.547,-1.459
31.596,-1.75
31.646,-0.927
31.695,-2.138
31.744,-2.477
31.793,-1.75
31.842,-1.895
31.892,-1.556
31.941,-1.992
31.99,-2.428
32.039,-1.847
32.089,-1.75
32.138,-1.653
32.187,-1.653
32.236,-2.283
32.285,-1.702
32.335,-1.75
32.384,-1.944
32.433,-1.895
32.482,-2.574
32.531,-2.235
32.581,-2.38
32.63,-3.058
32.679,-2.38
32.728,-1.992
32.777,-1.023
32.827,-0.684
32.876,-1.992
32.925,-3.107
32.974,-3.591
33.023,-3.979
33.073,-3.397
33.122,-3.979
33.171,-5.044
33.22,-5.965
33.27,-5.917
33.319,-5.287
33.368,-5.917
33.417,-5.093
33.466,-4.318
33.516,-5.044
33.565,-5.287
33.614,-5.917
33.663,-6.643
33.712,-5.917
33.762,-5.917
33.811,-6.595
33.86,-6.692
33.909,-7.321
33.958,-6.595
34.008,-7.031
34.057,-7.806
34.106,-7.903
34.155,-8.63
34.204,-8.145
34.254,-7.418
34.303,-6.643
34.352,-6.498
34.401,-6.74
34.45,-7.031
34.5,-6.595
34.549,-7.031
34.598,-6.885
34.647,-6.692
34.697,-6.982
34.746,-6.11
34.795,-6.885
34.844,-7.128
34.893,-6.353
34.943,-6.256
34.992,-6.304
35.041,-6.643
35.09,-7.031
35.139,-6.789
35.189,-6.934
35.238,-7.128
35.287,-7.321
35.336,-8.242
35.385,-7.128
35.435,-6.643
35.484,-6.982
35.533,-6.934
35.582,-6.982
35.631,-6.062
35.681,-5.917
35.73,-6.013
35.779,-5.577
35.828,-5.577
35.878,-5.19
35.927,-4.512
35.976,-5.529
36.025,-5.917
36.074,-6.013
36.124,-5.723
36.173,-4.172
36.222,-4.754
36.271,-4.366
36.32,-4.608
36.37,-5.965
36.419,-6.256
36.468,-6.595
36.517,-6.159
36.566,-4.705
36.616,-3.494
36.665,-2.913
36.714,-3.349
36.763,-4.027
36.812,-2.816
36.862,-2.719
36.911,-2.961
36.96,-2.477
37.009,-3.252
37.058,-2.138
37.108,-1.556
37.157,-1.605
37.206,-1.314
37.255,-1.169
37.305,-0.49
37.354,-0.006
37.403,-0.2
37.452,0.139
37.501,0.575
37.551,0.818
37.6,1.205
37.649,0.818
37.698,1.593
37.747,2.416
37.797,2.465
37.846,3.579
37.895,2.852
37.944,3.095
37.993,3.918
38.043,3.143
38.092,3.046
38.141,3.143
38.19,2.852
38.239,3.967
38.289,4.403
38.338,4.645
38.387,5.275
38.436,4.887
38.486,5.904
38.535,6.098
38.584,6.583
38.633,7.406
38.682,7.309
38.732,8.182
38.781,8.036
38.83,7.503
38.879,7.358
38.928,7.116
38.978,6.825
39.027,7.164
39.076,5.904
39.125,5.711
39.174,5.953
39.224,5.808
39.273,6.437
39.322,6.244
39.371,7.503
39.42,8.375
39.47,8.617
39.519,8.521
39.568,7.455
39.617,6.728
39.666,6.825
39.716,6.244
39.765,6.583
39.814,6.728
39.863,5.856
39.913,6.728
39.962,6.534
40.011,6.534
40.06,6.825
40.109,6.195
40.159,6.777
40.208,6.777
40.257,6.583
40.306,6.631
40.355,6.728
40.405,7.552
40.454,7.988
40.503,6.922
40.552,6.728
40.601,6.97
40.651,6.68
40.7,6.873
40.749,5.711
40.798,5.904
40.847,6.05
40.897,5.856
40.946,6.147
40.995,5.032
41.044,4.645
41.093,5.081
41.143,4.984
41.192,4.79
41.241,4.5
41.29,3.773
41.34,4.451
41.389,4.16
41.438,3.87
41.487,3.821
41.536,2.998
41.586,3.482
41.635,3.046
41.684,2.852
41.733,2.755
41.782,2.852
41.832,3.434
41.881,3.628
41.93,2.707
41.979,2.465
42.028,2.416
42.078,2.077
42.127,2.416
42.176,1.254
42.225,0.672
42.274,0.333
42.324,-0.587
42.373,-1.072
42.422,-2.428
42.471,-1.702
42.521,-0.684
42.57,0.139
42.619,0.721
42.668,0.769
42.717,0.285
42.767,1.011
42.816,0.769
42.865,0.478
42.914,0.139
42.963,-0.733
43.013,0.769
43.062,0.769
43.111,0.333
43.16,-0.006
43.209,-0.248
43.259,0.575
43.308,0.478
43.357,0.188
43.406,0.236
43.455,0.091
43.505,0.042
43.554,0.818
43.603,-0.151
43.652,0.042
43.701,0.091
43.751,-0.2
43.8,0.188
43.849,-0.975
43.898,-0.975
43.948,-0.878
43.997,-0.878
44.046,-0.733
44.095,-1.459
44.144,-2.38
44.194,-2.138
44.243,-2.477
44.292,-2.574
44.341,-2.428
44.39,-2.719
44.44,-1.895
44.489,-2.38
44.538,-2.671
44.587,-2.283
44.636,-2.913
44.686,-1.799
44.735,-1.895
44.784,-1.895
44.833,-1.508
44.882,-1.944
44.932,-1.556
44.981,-1.362
45.03,-1.992
45.079,-2.089
45.129,-2.089
45.178,-2.331
45.227,-1.944
45.276,-2.38
45.325,-1.217
45.375,-0.394
45.424,-0.83
45.473,-1.12
45.522,-2.864
45.571,-3.494
45.621,-3.446
45.67,-3.785
45.719,-3.93
45.768,-4.851
45.817,-6.498
45.867,-5.771
45.916,-5.917
45.965,-6.401
46.014,-5.384
46.063,-5.626
46.113,-5.238
46.162,-5.432
46.211,-6.062
46.26,-6.449
46.309,-6.643
46.359,-5.965
46.408,-6.207
46.457,-6.982
46.506,-6.789
46.556,-6.304
46.605,-6.692
46.654,-6.207
46.703,-7.467
46.752,-7.612
46.802,-7.564
46.851,-6.982
46.9,-5.48
46.949,-6.11
46.998,-6.353
47.048,-6.546
47.097,-6.885
47.146,-6.546
47.195,-6.885
47.244,-7.515
47.294,-6.789
47.343,-6.692
47.392,-6.789
47.441,-6.934
47.49,-7.079
47.54,-5.82
47.589,-6.401
47.638,-6.401
47.687,-6.353
47.736,-7.176
47.786,-6.595
47.835,-6.401
47.884,-6.934
47.933,-7.128
47.983,-7.37
48.032,-6.546
48.081,-6.013
48.13,-6.934
48.179,-6.546
48.229,-6.256
48.278,-6.207
48.327,-5.238
48.376,-5.674
48.425,-5.238
48.475,-4.899
48.524,-4.754
48.573,-4.608
48.622,-5.529
48.671,-5.965
48.721,-4.996
48.77,-4.415
48.819,-3.833
48.868,-3.64
48.917,-4.705
48.967,-5.141
49.016,-6.401
49.065,-6.159
49.114,-5.238
49.164,-4.802
49.213,-2.913
49.262,-2.235
49.311,-2.767
49.36,-2.622
49.41,-2.574
49.459,-2.041
49.508,-1.605
49.557,-1.605
49.606,-1.459
49.656,-1.072
49.705,-0.49
49.754,0.672
49.803,-0.297
49.852,0.333
49.902,0.333
49.951,0.188
50,0.769
50.049,0.188
50.098,0.478
50.148,1.011
50.197,0.672
50.246,0.914
50.295,1.593
50.344,1.738
50.394,2.707
50.443,2.416
50.492,2.416
50.541,3.191
50.591,2.998
50.64,3.531
50.689,2.949
50.738,3.337
50.787,3.531
50.837,3.773
50.886,4.645
50.935,5.178
50.984,5.178
51.033,5.953
51.083,6.001
51.132,6.244
51.181,7.697
51.23,7.406
51.279,8.23
51.329,8.375
51.378,8.23
51.427,8.617
51.476,7.552
51.525,7.649
51.575,7.649
51.624,7.213
51.673,6.631
51.722,6.001
51.772,5.614
51.821,6.534
51.87,6.195
51.919,6.631
51.968,7.261
52.018,7.552
52.067,8.763
52.116,7.794
52.165,7.164
52.214,6.777
52.264,5.953
52.313,6.437
52.362,7.116
52.411,7.213
52.46,7.116
52.51,6.777
52.559,7.067
52.608,7.6
52.657,7.213
52.706,7.116
52.756,6.97
52.805,7.019
52.854,7.6
52.903,6.631
52.952,6.922
53.002,7.309
53.051,7.6
53.1,7.552
53.149,6.534
53.199,6.437
53.248,7.116
53.297,6.486
53.346,6.147
53.395,5.904
53.445,5.129
53.494,5.808
53.543,5.372
53.592,5.129
53.641,5.032
53.691,4.451
53.74,5.226
53.789,4.742
53.838,4.693
53.887,4.596
53.937,4.064
53.986,4.451
54.035,4.693
54.084,4.306
54.133,4.451
54.183,3.967
54.232,3.724
54.281,4.645
54.33,3.531
54.38,3.821
54.429,3.87
54.478,3.676
54.527,3.821
54.576,2.804
54.626,2.513
54.675,2.223
54.724,1.98
54.773,1.351
54.822,0.624
54.872,-0.587
54.921,-0.781
54.97,-2.186
55.019,-2.671
55.068,-2.089
55.118,-1.653
55.167,-0.2
55.216,-0.2
55.265,0.333
55.314,0.478
55.364,0.042
55.413,0.43
55.462,0.575
55.511,-0.151
55.56,0.285
55.61,0.382
55.659,0.575
55.708,0.672
55.757,-0.345
55.807,0.091
55.856,0.188
55.905,0.285
55.954,0.769
56.003,0.139
56.053,0.43
56.102,-0.054
56.151,0.091
56.2,0.382
56.249,-0.2
56.299,-0.297
56.348,0.091
56.397,-0.733
56.446,-1.072
56.495,-1.508
56.545,-2.041
56.594,-1.169
56.643,-1.799
56.692,-1.992
56.741,-2.331
56.791,-2.671
56.84,-2.283
56.889,-2.525
56.938,-2.525
56.987,-2.041
57.037,-2.235
57.086,-1.895
57.135,-1.605
57.184,-1.847
57.234,-1.459
57.283,-1.411
57.332,-1.411
57.381,-0.49
57.43,-1.556
57.48,-1.653
57.529,-1.556
57.578,-1.605
57.627,-1.314
57.676,-2.138
57.726,-2.283
57.775,-2.041
57.824,-2.331
57.873,-2.428
57.922,-1.944
57.972,-1.653
58.021,-0.733
58.07,-1.895
58.119,-2.961
58.168,-3.64
58.218,-4.318
58.267,-3.446
58.316,-3.979
58.365,-4.948
58.415,-6.013
58.464,-6.304
58.513,-5.868
58.562,-5.577
58.611,-5.238
58.661,-4.512
58.71,-5.093
58.759,-5.093
58.808,-4.705
58.857,-6.062
58.907,-5.723
58.956,-5.868
59.005,-5.771
59.054,-5.917
59.103,-6.498
59.153,-6.304
59.202,-6.595
59.251,-6.934
59.3,-7.321
59.349,-8.193
59.399,-8.92
59.448,-7.273
59.497,-6.934
59.546,-6.595
59.595,-7.128
59.645,-8.048
59.694,-7.515
59.743,-7.757
59.792,-7.37
59.842,-7.661
59.891,-7.903
59.94,-7.079
59.989,-6.837
60.038,-7.079
60.088,-6.449
60.137,-6.353
60.186,-6.353
60.235,-5.674
60.284,-6.353
60.334,-6.159
60.383,-6.643
60.432,-6.11
60.481,-5.82
60.53,-6.934
60.58,-6.74
60.629,-6.256
60.678,-6.062
60.727,-6.013
60.776,-6.013
60.826,-6.256
60.875,-5.577
60.924,-5.626
60.973,-5.384
61.023,-5.384
61.072,-5.723
61.121,-4.899
61.17,-5.626
61.219,-5.82
61.269,-6.159
61.318,-6.11
61.367,-4.657
61.416,-4.657
61.465,-4.463
61.515,-4.657
61.564,-6.159
61.613,-6.837
61.662,-5.965
61.711,-5.529
61.761,-4.172
61.81,-3.155
61.859,-2.235
61.908,-2.331
61.957,-3.203
62.007,-2.38
62.056,-2.525
62.105,-2.041
62.154,-1.459
62.203,-1.847
62.253,-1.653
62.302,-0.927
62.351,-0.587
62.4,-0.345
62.45,-0.394
62.499,-0.394
62.548,0.575
62.597,0.236
62.646,0.818
62.696,1.06
62.745,0.769
62.794,1.593
62.843,1.108
62.892,2.029
62.942,2.562
62.991,2.659
63.04,3.434
63.089,3.724
63.138,3.724
63.188,4.306
63.237,3.821
63.286,3.821
63.335,4.451
63.385,3.918
63.434,5.129
63.483,5.372
63.532,5.904
63.581,6.825
63.631,6.583
63.68,6.873
63.729,7.213
63.778,7.794
63.828,8.472
63.877,8.23
63.926,7.988
63.975,8.521
64.024,7.745
64.074,7.6
64.123,7.019
64.172,6.437
64.221,6.922
64.27,5.856
64.32,5.759
64.369,5.711
64.418,5.856
64.467,6.341
64.517,7.019
64.566,7.455
64.615,8.472
64.664,8.714
64.713,8.714
64.763,8.569
64.812,7.406
64.861,7.503
64.91,6.825
64.96,7.503
65.009,8.036
65.058,7.116
65.107,7.213
65.156,7.164
65.206,7.455
65.255,8.036
65.304,7.503
65.353,7.019
65.402,7.261
65.452,7.164
65.501,7.503
65.55,7.309
65.599,7.116
65.649,8.036
65.698,7.503
65.747,7.164
65.796,7.019
65.845,6.389
65.895,6.631
65.944,6.05
65.993,5.808
66.042,5.614
66.092,5.129
66.141,5.565
66.19,5.614
66.239,4.887
66.288,5.178
66.338,4.742
66.387,4.79
66.436,5.323
66.485,4.5
66.534,5.129
66.584,4.742
66.633,4.839
66.682,4.984
66.731,4.839
66.781,4.403
66.83,3.918
66.879,3.821
66.928,3.821
66.977,3.773
67.027,3.385
67.076,3.724
67.125,2.755
67.174,2.901
67.224,2.465
67.273,1.641
67.322,1.835
67.371,1.108
67.42,0.866
67.47,0.333
67.519,-0.733
67.568,-1.072
67.617,-1.653
67.666,-1.411
67.716,0.042
67.765,0.285
67.814,0.914
67.863,1.641
67.913,1.011
67.962,1.496
68.011,1.011
68.06,1.06
68.109,0.914
68.159,0.333
68.208,1.254
68.257,1.205
68.306,0.721
68.356,0.478
68.405,0.285
68.454,0.43
68.503,0.866
68.552,-0.006
68.602,0.575
68.651,0.236
68.7,-0.345
68.749,0.236
68.799,-0.248
68.848,-0.006
68.897,-0.2
68.946,-0.539
68.995,-0.345
69.045,-0.927
69.094,-1.217
69.143,-0.927
69.192,-1.314
69.241,-0.83
69.291,-0.927
69.34,-1.799
69.389,-1.411
69.438,-2.089
69.488,-1.799
69.537,-1.459
69.586,-2.235
69.635,-1.508
69.684,-1.556
69.734,-1.556
69.783,-1.072
69.832,-1.75
69.881,-1.653
69.931,-1.072
69.98,-1.362
70.029,-0.83
70.078,-1.508
70.127,-1.799
70.177,-1.072
70.226,-1.75
70.275,-1.362
70.324,-2.089
70.373,-2.719
70.423,-2.041
70.472,-2.235
70.521,-1.314
70.57,-0.394
70.62,-0.781
70.669,-1.12
70.718,-1.653
70.767,-2.816
70.816,-2.913
70.866,-3.349
70.915,-3.107
70.964,-3.543
71.013,-5.432
71.063,-4.705
71.112,-5.238
71.161,-4.802
71.21,-3.64
71.259,-4.027
71.309,-4.221
71.358,-4.657
71.407,-5.093
71.456,-4.948
71.505,-5.626
71.555,-5.868
71.604,-5.432
71.653,-6.692
71.702,-5.868
71.752,-6.11
71.801,-6.885
71.85,-6.692
71.899,-7.321
71.948,-7.564
71.998,-8
72.047,-7.515
72.096,-6.159
72.145,-5.82
72.195,-6.401
72.244,-6.498
72.293,-7.225
72.342,-6.449
72.391,-6.013
72.441,-6.74
72.49,-5.723
72.539,-6.207
72.588,-5.868
72.637,-5.287
72.687,-5.48
72.736,-5.093
72.785,-5.335
72.834,-5.384
72.884,-5.19
72.933,-5.723
72.982,-6.353
73.031,-6.11
73.08,-6.692
73.13,-6.595
73.179,-6.982
73.228,-6.837
73.277,-6.353
73.327,-7.128
73.376,-6.401
73.425,-6.353
73.474,-6.546
73.523,-5.917
73.573,-5.577
73.622,-5.48
73.671,-4.899
73.72,-5.238
73.769,-5.044
73.819,-5.044
73.868,-5.868
73.917,-4.996
73.966,-4.851
74.016,-4.269
74.065,-3.64
74.114,-4.366
74.163,-5.287
74.212,-6.498
74.262,-6.062
74.311,-4.996
74.36,-4.221
74.409,-3.058
74.459,-2.38
74.508,-2.671
74.557,-2.525
74.606,-2.38
74.655,-2.38
74.705,-1.411
74.754,-1.847
74.803,-1.362
74.852,-1.605
74.902,-1.314
74.951,-0.394
75,-0.636
75.049,-0.248
75.098,-0.054
75.148,-0.2
75.197,0.091
75.246,0.575
75.295,0.721
75.344,1.205
75.394,0.672
75.443,1.544
75.492,2.562
75.541,2.61
75.591,3.821
75.64,3.531
75.689,4.112
75.738,4.839
75.787,4.548
75.837,4.064
75.886,4.306
75.935,4.306
75.984,4.79
76.034,4.742
76.083,4.839
76.132,5.662
76.181,5.662
76.23,6.486
76.28,6.341
76.329,6.195
76.378,7.261
76.427,7.6
76.476,8.327
76.526,8.182
76.575,7.794
76.624,8.085
76.673,7.988
76.723,7.309
76.772,7.552
76.821,6.486
76.87,6.341
76.919,6.922
76.969,6.292
77.018,6.873
77.067,6.583
77.116,7.503
77.166,8.811
77.215,9.199
77.264,9.538
77.313,9.15
77.362,8.424
77.412,8.327
77.461,7.309
77.51,6.873
77.559,7.552
77.608,7.406
77.658,7.6
77.707,7.067
77.756,6.583
77.805,7.261
77.855,6.825
77.904,6.97
77.953,6.583
78.002,6.001
78.051,6.777
78.101,6.873
78.15,7.164
78.199,7.842
78.248,7.503
78.298,7.406
78.347,7.406
78.396,7.116
78.445,7.503
78.494,6.437
78.544,6.534
78.593,6.825
78.642,6.244
78.691,6.486
78.74,5.856
78.79,5.904
78.839,5.953
78.888,5.468
78.937,5.468
78.987,5.759
79.036,5.226
79.085,5.517
79.134,5.081
79.183,4.693
79.233,5.129
79.282,4.306
79.331,4.839
79.38,3.821
79.43,3.288
79.479,3.676
79.528,3.337
79.577,3.579
79.626,3.434
79.676,2.804
79.725,2.707
79.774,2.562
79.823,2.126
79.872,2.368
79.922,1.399
79.971,1.351
80.02,1.496
80.069,0.139
80.119,-0.2
80.168,-1.411
80.217,-1.653
80.266,-0.781
80.315,-0.345
80.365,0.333
80.414,1.011
80.463,1.351
80.512,1.641
80.562,0.963
80.611,0.818
80.66,1.108
80.709,0.236
80.758,0.721
80.808,0.478
80.857,0.43
80.906,0.624
80.955,-0.248
81.005,-0.103
81.054,0.236
81.103,-0.006
81.152,0.333
81.201,0.236
81.251,0.042
81.3,0.091
81.349,-0.442
81.398,0.091
81.447,0.188
81.497,-0.151
81.546,0.139
81.595,-0.83
81.644,-0.587
81.694,-0.151
81.743,-0.927
81.792,-0.636
81.841,-0.927
81.89,-1.023
81.94,-0.733
81.989,-1.556
82.038,-2.089
82.087,-1.944
82.137,-1.992
82.186,-1.411
82.235,-1.895
82.284,-2.235
82.333,-1.605
82.383,-2.041
82.432,-1.702
82.481,-1.992
82.53,-1.944
82.579,-1.217
82.629,-1.508
82.678,-1.411
82.727,-1.459
82.776,-1.944
82.826,-1.799
82.875,-1.605
82.924,-2.235
82.973,-1.847
83.022,-2.719
83.072,-2.283
83.121,-0.83
83.17,-0.636
83.219,-0.587
83.269,-2.089
83.318,-2.525
83.367,-2.719
83.416,-3.349
83.465,-3.446
83.515,-3.349
83.564,-4.512
83.613,-4.948
83.662,-5.674
83.711,-6.013
83.761,-5.335
83.81,-5.044
83.859,-3.979
83.908,-4.948
83.958,-5.577
84.007,-5.384
84.056,-5.771
84.105,-5.82
84.154,-5.917
84.204,-6.449
84.253,-6.546
84.302,-6.256
84.351,-6.159
84.401,-6.062
84.45,-7.128
84.499,-7.031
84.548,-7.273
84.597,-7.612
84.647,-6.304
84.696,-6.353
84.745,-5.674
84.794,-5.674
84.843,-6.643
84.893,-6.789
84.942,-6.595
84.991,-6.74
85.04,-6.304
85.09,-6.789
85.139,-6.789
85.188,-6.401
85.237,-6.643
85.286,-5.626
85.336,-6.013
85.385,-6.207
85.434,-5.82
85.483,-6.304
85.533,-6.159
85.582,-6.643
85.631,-6.789
85.68,-6.401
85.729,-6.885
85.779,-7.176
85.828,-6.449
85.877,-7.079
85.926,-6.837
85.976,-6.304
86.025,-6.546
86.074,-5.868
86.123,-6.11
86.172,-5.432
86.222,-4.948
86.271,-5.093
86.32,-4.705
86.369,-5.19
86.418,-5.335
86.468,-5.044
86.517,-5.093
86.566,-4.415
86.615,-3.785
86.665,-4.027
86.714,-3.979
86.763,-5.965
86.812,-7.321
86.861,-6.159
86.911,-5.965
86.96,-4.608
87.009,-3.833
87.058,-3.591
87.108,-3.543
87.157,-3.736
87.206,-3.446
87.255,-3.446
87.304,-3.446
87.354,-2.913
87.403,-2.38
87.452,-2.428
87.501,-1.217
87.55,-1.459
87.6,-0.684
87.649,-0.248
87.698,-0.394
87.747,-0.103
87.797,-0.49
87.846,0.478
87.895,1.302
87.944,1.157
87.993,0.914
88.043,1.205
88.092,1.738
88.141,2.949
88.19,2.949
88.24,2.707
88.289,3.24
88.338,3.579
88.387,4.5
88.436,3.482
88.486,3.288
88.535,3.87
88.584,3.724
88.633,4.5
88.682,4.645
88.732,4.5
88.781,5.323
88.83,6.098
88.879,5.904
88.928,6.728
88.978,6.389
89.027,7.6
89.076,8.278
89.125,7.794
89.174,8.23
89.224,7.6
89.273,7.503
89.322,7.455
89.371,7.213
89.42,6.777
89.47,6.001
89.519,5.856
89.568,6.437
89.617,6.244
89.667,6.195
89.716,7.019
89.765,7.745
89.814,9.296
89.863,8.908
89.913,8.133
89.962,7.988
90.011,7.309
90.06,7.309
90.109,6.777
90.159,6.68
90.208,7.358
90.257,6.825
90.306,6.437
90.355,6.486
90.405,6.147
90.454,6.583
90.503,6.777
90.552,6.098
90.601,6.777
90.651,6.244
90.7,6.922
90.749,7.116
90.798,7.261
90.848,7.842
90.897,7.116
90.946,7.164
90.995,7.649
91.044,7.116
91.094,6.777
91.143,6.631
91.192,6.05
91.241,6.437
91.29,5.711
91.34,5.42
91.389,5.517
91.438,4.936
91.487,5.468
91.536,4.936
91.586,4.887
91.635,5.081
91.684,4.645
91.733,4.839
91.782,4.693
91.832,4.064
91.881,4.596
91.93,4.451
91.979,3.676
92.028,3.967
92.078,3.046
92.127,3.676
92.176,3.87
92.225,3.385
92.275,3.385
92.324,2.804
92.373,2.998
92.422,3.191
92.471,2.513
92.521,1.883
92.57,1.593
92.619,1.06
92.668,1.06
92.717,-0.539
92.767,-1.508
92.816,-1.702
92.865,-1.459
92.914,0.333
92.963,0.091
93.013,0.382
93.062,1.205
93.111,0.914
93.16,1.011
93.209,0.769
93.259,0.091
93.308,0.478
93.357,0.527
93.406,0.866
93.455,1.011
93.505,0.091
93.554,0.236
93.603,0.382
93.652,0.382
93.702,0.478
93.751,-0.442
93.8,0.382
93.849,0.624
93.898,-0.103
93.948,0.188
93.997,-0.2
94.046,-0.103
94.095,0.818
94.144,-0.006
94.194,-0.442
94.243,-0.345
94.292,-0.781
94.341,-0.151
94.39,-0.781
94.44,-0.975
94.489,-0.83
94.538,-1.217
94.587,-0.927
94.636,-1.944
94.686,-2.38
94.735,-1.75
94.784,-1.895
94.833,-1.895
94.883,-2.041
94.932,-2.767
94.981,-1.895
95.03,-1.653
95.079,-1.799
95.129,-1.023
95.178,-1.895
95.227,-1.411
95.276,-1.12
95.325,-1.411
95.375,-1.023
95.424,-1.556
95.473,-1.411
95.522,-1.217
95.571,-1.459
95.621,-1.847
95.67,-1.799
95.719,-1.023
95.768,0.188
95.817,-0.684
95.867,-1.605
95.916,-2.428
95.965,-3.203
96.014,-2.767
96.063,-3.543
96.113,-3.979
96.162,-4.705
96.211,-5.626
96.26,-5.577
96.31,-5.432
96.359,-6.11
96.408,-4.948
96.457,-4.56
96.506,-5.19
96.556,-5.287
96.605,-6.353
96.654,-5.917
96.703,-6.207
96.752,-6.353
96.802,-6.353
96.851,-7.128
96.9,-6.256
96.949,-6.159
96.998,-6.74
97.048,-6.885
97.097,-7.37
97.146,-7.806
97.195,-7.273
97.244,-6.982
97.294,-6.11
97.343,-5.674
97.392,-6.304
97.441,-6.013
97.491,-6.885
97.54,-6.498
97.589,-6.449
97.638,-6.643
97.687,-6.11
97.737,-6.449
97.786,-6.934
97.835,-6.304
97.884,-6.013
97.933,-6.013
97.983,-6.159
98.032,-6.74
98.081,-5.965
98.13,-6.304
98.179,-6.74
98.229,-6.401
98.278,-7.225
98.327,-6.934
98.376,-6.692
98.425,-6.595
98.475,-6.353
98.524,-6.643
98.573,-6.11
98.622,-5.48
98.671,-5.868
98.721,-5.674
98.77,-5.141
98.819,-5.19
98.868,-4.366
98.918,-5.19
98.967,-5.141
99.016,-5.238
99.065,-5.868
99.114,-4.608
99.164,-4.512
99.213,-4.415
99.262,-3.833
99.311,-4.172
99.36,-5.48
99.41,-6.401
99.459,-6.692
99.508,-5.141
99.557,-4.027
99.606,-3.203
99.656,-2.574
99.705,-3.688
99.754,-2.961
99.803,-2.477
99.852,-2.574
99.902,-2.477
99.951,-2.331
100,-1.847
100.049,-1.217
100.098,-0.975
100.148,-0.539
100.197,-0.394
100.246,-0.248
100.295,0.963
100.345,0.236
100.394,0.382
100.443,0.963
100.492,1.06
100.541,1.641
100.591,0.963
100.64,1.157
100.689,1.738
100.738,2.416

Machine Name,P29201A
Point Name,29VT-2007Y
Wf Amp,0.484
Number of Revs,N/A
X-Axis Unit,ms
Y-Axis Unit,µm 
Sample Speed, N/A rpm
Sample Status,Valid
Timestamp,4/27/2023 1:29:05 PM
Variable,Disp Wf(500Hz)
X-Axis Value,Y-Axis Value
0,0.045
0.781,-0.051
1.563,-0.051
2.344,0.045
3.125,-0.003
3.906,-0.003
4.688,-0.1
5.469,-0.003
6.25,-0.003
7.031,-0.051
7.813,0.045
8.594,-0.051
9.375,0.045
10.156,-0.051
10.938,-0.1
11.719,-0.003
12.5,-0.1
13.281,0.045
14.063,-0.003
14.844,-0.148
15.625,0.045
16.406,-0.003
17.188,-0.1
17.969,-0.003
18.75,-0.1
19.531,-0.003
20.313,0.045
21.094,-0.051
21.875,-0.003
22.656,-0.051
23.438,0.045
24.219,-0.1
25,-0.1
25.781,-0.051
26.563,-0.051
27.344,0.045
28.125,-0.1
28.906,0.045
29.688,-0.051
30.469,-0.148
31.25,-0.003
32.031,-0.003
32.813,-0.051
33.594,-0.1
34.375,-0.1
35.156,-0.051
35.938,-0.003
36.719,-0.003
37.5,-0.051
38.281,-0.051
39.063,-0.051
39.844,-0.1
40.625,-0.1
41.406,-0.051
42.188,-0.003
42.969,-0.051
43.75,-0.1
44.531,-0.003
45.313,0.094
46.094,-0.1
46.875,-0.003
47.656,0.045
48.438,-0.148
49.219,-0.003
50,-0.003
50.781,-0.003
51.563,-0.003
52.344,-0.051
53.125,-0.051
53.906,-0.003
54.688,0.094
55.469,-0.051
56.25,-0.051
57.031,-0.003
57.813,0.045
58.594,0.045
59.375,-0.1
60.156,-0.003
60.938,-0.003
61.719,-0.003
62.5,0.094
63.281,-0.051
64.063,-0.051
64.844,0.045
65.625,-0.003
66.406,-0.003
67.188,-0.003
67.969,0.045
68.75,-0.1
69.531,0.045
70.313,-0.003
71.094,-0.051
71.875,0.045
72.656,-0.003
73.438,-0.003
74.219,-0.003
75,-0.051
75.781,-0.051
76.563,-0.003
77.344,-0.003
78.125,-0.051
78.906,-0.003
79.688,0.094
80.469,0.045
81.25,-0.1
82.031,-0.1
82.813,0.094
83.594,0.045
84.375,-0.051
85.156,-0.003
85.938,0.045
86.719,-0.003
87.5,-0.051
88.281,0.094
89.063,-0.051
89.844,-0.003
90.625,0.191
91.406,-0.1
92.188,-0.003
92.969,0.094
93.75,-0.051
94.531,-0.003
95.313,0.045
96.094,0.094
96.875,-0.003
97.656,-0.003
98.438,0.045
99.219,-0.1
100,0.045
100.781,0.142
101.563,-0.1
102.344,0.094
103.125,0.045
103.906,-0.003
104.688,0.191
105.469,-0.003
106.25,0.045
107.031,0.045
107.813,0.045
108.594,0.094
109.375,-0.003
110.156,0.094
110.938,0.045
111.719,0.094
112.5,0.094
113.281,0.045
114.063,0.142
114.844,0.094
115.625,0.045
116.406,0.094
117.188,0.045
117.969,0.045
118.75,0.094
119.531,0.094
120.313,0.045
121.094,0.045
121.875,0.094
122.656,0.045
123.438,0.045
124.219,0.094
125,-0.003
125.781,0.142
126.563,0.094
127.344,0.045
128.125,0.094
128.906,-0.003
129.688,0.142
130.469,0.094
131.25,-0.051
132.031,0.142
132.813,-0.003
133.594,-0.003
134.375,0.191
135.156,0.045
135.938,-0.051
136.719,-0.003
137.5,0.094
138.281,0.094
139.063,-0.003
139.844,0.045
140.625,-0.051
141.406,-0.051
142.188,-0.003
142.969,-0.003
143.75,0.045
144.531,-0.051
145.313,-0.003
146.094,0.142
146.875,-0.051
147.656,-0.051
148.438,0.045
149.219,-0.051
150,-0.003
150.781,-0.051
151.563,0.045
152.344,-0.003
153.125,-0.051
153.906,-0.003
154.688,-0.051
155.469,-0.003
156.25,-0.051
157.031,-0.003
157.813,0.045
158.594,-0.051
159.375,-0.1
160.156,-0.051
160.938,0.045
161.719,-0.1
162.5,-0.051
163.281,-0.003
164.063,-0.1
164.844,-0.051
165.625,-0.1
166.406,-0.003
167.188,-0.003
167.969,-0.051
168.75,-0.051
169.531,-0.148
170.313,0.045
171.094,-0.051
171.875,-0.148
172.656,-0.003
173.438,-0.1
174.219,-0.1
175,-0.051
175.781,-0.051
176.563,-0.051
177.344,-0.1
178.125,-0.051
178.906,-0.051
179.688,-0.1
180.469,-0.003
181.25,-0.148
182.031,-0.148
182.813,-0.003
183.594,-0.148
184.375,-0.003
185.156,-0.003
185.938,-0.148
186.719,-0.148
187.5,-0.1
188.281,-0.003
189.063,-0.051
189.844,-0.003
190.625,-0.1
191.406,-0.051
192.188,-0.003
192.969,-0.1
193.75,0.045
194.531,-0.1
195.313,-0.148
196.094,-0.003
196.875,-0.051
197.656,-0.003
198.438,-0.051
199.219,-0.148
200,-0.003
200.781,-0.003
201.563,-0.1
202.344,-0.003
203.125,-0.051
203.906,-0.051
204.688,0.094
205.469,-0.003
206.25,-0.051
207.031,0.045
207.813,-0.051
208.594,0.045
209.375,-0.003
210.156,-0.003
210.938,0.094
211.719,-0.051
212.5,-0.051
213.281,0.045
214.063,0.142
214.844,-0.003
215.625,0.045
216.406,0.045
217.188,-0.003
217.969,0.142
218.75,-0.003
219.531,-0.051
220.313,-0.003
221.094,0.045
221.875,0.094
222.656,-0.003
223.438,0.094
224.219,-0.003
225,-0.003
225.781,-0.003
226.563,-0.003
227.344,0.142
228.125,0.045
228.906,-0.003
229.688,0.045
230.469,0.142
231.25,-0.003
232.031,-0.003
232.813,0.142
233.594,-0.003
234.375,0.094
235.156,0.045
235.938,-0.003
236.719,0.142
237.5,0.045
238.281,-0.003
239.063,-0.003
239.844,0.045
240.625,-0.003
241.406,0.094
242.188,0.045
242.969,-0.1
243.75,0.191
244.531,0.094
245.313,-0.003
246.094,-0.003
246.875,-0.051
247.656,0.142
248.438,0.045
249.219,0.045
250,0.094
250.781,0.045
251.563,-0.003
252.344,0.094
253.125,0.045
253.906,-0.003
254.688,0.142
255.469,-0.051
256.25,-0.051
257.031,0.191
257.813,-0.003
258.594,-0.003
259.375,0.094
260.156,-0.003
260.938,0.045
261.719,0.045
262.5,-0.003
263.281,0.094
264.063,-0.003
264.844,-0.003
265.625,0.045
266.406,0.045
267.188,0.045
267.969,0.045
268.75,0.045
269.531,0.142
270.313,0.045
271.094,-0.003
271.875,0.045
272.656,0.045
273.438,0.045
274.219,0.094
275,0.045
275.781,-0.051
276.563,0.045
277.344,0.045
278.125,0.045
278.906,0.045
279.688,-0.051
280.469,0.045
281.25,-0.003
282.031,-0.003
282.813,-0.003
283.594,-0.003
284.375,-0.003
285.156,0.094
285.938,-0.003
286.719,-0.051
287.5,-0.003
288.281,-0.1
289.063,0.094
289.844,0.094
290.625,-0.003
291.406,-0.003
292.188,-0.003
292.969,0.094
293.75,0.045
294.531,-0.003
295.313,-0.003
296.094,-0.003
296.875,0.045
297.656,-0.003
298.438,0.045
299.219,0.045
300,-0.1
300.781,0.094
301.563,0.045
302.344,-0.003
303.125,0.045
303.906,-0.051
304.688,0.045
305.469,0.094
306.25,-0.003
307.031,-0.003
307.813,0.045
308.594,0.094
309.375,-0.003
310.156,-0.051
310.938,0.045
311.719,0.045
312.5,0.045
313.281,0.045
314.063,0.045
314.844,-0.003
315.625,0.094
316.406,0.094
317.188,-0.051
317.969,0.045
318.75,-0.051
319.531,0.045
320.313,0.094
321.094,-0.003
321.875,-0.003
322.656,-0.003
323.438,0.094
324.219,-0.051
325,-0.051
325.781,0.045
326.563,-0.051
327.344,0.045
328.125,-0.003
328.906,-0.1
329.688,0.045
330.469,-0.1
331.25,-0.051
332.031,-0.003
332.813,-0.1
333.594,-0.003
334.375,-0.003
335.156,-0.003
335.938,-0.051
336.719,-0.003
337.5,-0.051
338.281,-0.1
339.063,0.142
339.844,-0.1
340.625,-0.051
341.406,-0.003
342.188,-0.051
342.969,0.045
343.75,-0.051
344.531,-0.1
345.313,-0.1
346.094,-0.051
346.875,-0.051
347.656,-0.003
348.438,-0.051
349.219,-0.051
350,-0.051
350.781,-0.1
351.563,-0.051
352.344,-0.051
353.125,-0.003
353.906,-0.1
354.688,-0.003
355.469,-0.051
356.25,-0.051
357.031,-0.051
357.813,-0.148
358.594,0.094
359.375,-0.051
360.156,-0.1
360.938,-0.003
361.719,-0.051
362.5,0.045
363.281,-0.148
364.063,-0.1
364.844,0.045
365.625,-0.003
366.406,-0.1
367.188,-0.051
367.969,-0.051
368.75,-0.051
369.531,-0.003
370.313,-0.051
371.094,-0.1
371.875,0.045
372.656,-0.051
373.438,-0.148
374.219,0.045
375,-0.051
375.781,-0.051
376.563,0.045
377.344,-0.148
378.125,-0.003
378.906,-0.003
379.688,-0.1
380.469,-0.003
381.25,-0.1
382.031,-0.051
382.813,-0.003
383.594,-0.003
384.375,-0.003
385.156,-0.003
385.938,-0.1
386.719,-0.051
387.5,-0.003
388.281,-0.051
389.063,0.045
389.844,-0.051
390.625,0.045
391.406,-0.003
392.188,-0.051
392.969,0.094
393.75,0.045
394.531,-0.051
395.313,-0.051
396.094,0.045
396.875,0.045
397.656,0.094
398.438,-0.003
399.219,0.045
400,0.094
400.781,-0.003
401.563,-0.003
402.344,0.045
403.125,-0.003
403.906,-0.003
404.688,0.094
405.469,0.045
406.25,0.094
407.031,0.094
407.813,-0.003
408.594,0.094
409.375,0.045
410.156,0.045
410.938,-0.003
411.719,0.045
412.5,0.094
413.281,0.094
414.063,0.045
414.844,-0.051
415.625,0.094
416.406,0.094
417.188,0.094
417.969,0.045
418.75,0.094
419.531,0.094
420.313,-0.003
421.094,0.045
421.875,-0.003
422.656,-0.003
423.438,0.142
424.219,0.094
425,-0.051
425.781,0.045
426.563,0.045
427.344,-0.003
428.125,0.142
428.906,0.094
429.688,0.045
430.469,0.045
431.25,-0.003
432.031,0.045
432.813,0.094
433.594,0.045
434.375,0.142
435.156,-0.1
435.938,0.045
436.719,0.094
437.5,-0.003
438.281,0.094
439.063,0.045
439.844,0.142
440.625,0.045
441.406,-0.003
442.188,0.045
442.969,-0.003
443.75,0.094
444.531,0.045
445.313,-0.051
446.094,0.045
446.875,0.094
447.656,0.045
448.438,0.045
449.219,-0.003
450,0.045
450.781,0.045
451.563,-0.051
452.344,0.094
453.125,0.094
453.906,-0.1
454.688,-0.003
455.469,0.045
456.25,-0.003
457.031,-0.003
457.813,-0.003
458.594,0.045
459.375,-0.051
460.156,0.045
460.938,-0.051
461.719,-0.051
462.5,0.094
463.281,-0.1
464.063,0.045
464.844,-0.003
465.625,-0.003
466.406,0.045
467.188,-0.051
467.969,-0.003
468.75,-0.003
469.531,-0.003
470.313,-0.051
471.094,0.045
471.875,0.094
472.656,-0.051
473.438,0.045
474.219,-0.003
475,0.045
475.781,0.045
476.563,-0.1
477.344,-0.003
478.125,0.045
478.906,-0.1
479.688,-0.003
480.469,0.094
481.25,-0.1
482.031,-0.003
482.813,0.094
483.594,-0.051
484.375,0.045
485.156,-0.003
485.938,-0.051
486.719,0.094
487.5,-0.003
488.281,-0.051
489.063,0.045
489.844,-0.003
490.625,0.045
491.406,-0.051
492.188,-0.003
492.969,0.045
493.75,-0.003
494.531,-0.003
495.313,-0.051
496.094,-0.003
496.875,-0.003
497.656,0.045
498.438,-0.003
499.219,-0.003
500,0.045
500.781,-0.051
501.563,-0.051
502.344,0.094
503.125,-0.003
503.906,-0.1
504.688,0.094
505.469,-0.003
506.25,-0.051
507.031,-0.051
507.813,-0.1
508.594,0.045
509.375,-0.1
510.156,-0.003
510.938,-0.003
511.719,-0.1
512.5,0.045
513.281,-0.051
514.063,-0.003
514.844,-0.003
515.625,-0.003
516.406,-0.051
517.188,-0.051
517.969,0.045
518.75,-0.1
519.531,0.094
520.313,0.045
521.094,-0.197
521.875,0.045
522.656,-0.003
523.438,-0.003
524.219,-0.1
525,-0.148
525.781,-0.003
526.563,-0.051
527.344,0.045
528.125,-0.1
528.906,-0.051
529.688,0.142
530.469,-0.1
531.25,0.045
532.031,-0.003
532.813,-0.148
533.594,0.094
534.375,-0.051
535.156,-0.003
535.938,-0.003
536.719,-0.1
537.5,0.142
538.281,-0.051
539.063,-0.003
539.844,0.142
540.625,-0.148
541.406,-0.003
542.188,0.094
542.969,-0.003
543.75,-0.1
544.531,-0.051
545.313,0.045
546.094,-0.003
546.875,-0.1
547.656,-0.003
548.438,0.094
549.219,-0.003
550,-0.051
550.781,-0.003
551.563,0.045
552.344,-0.1
553.125,-0.051
553.906,0.094
554.688,-0.051
555.469,-0.051
556.25,0.045
557.031,-0.003
557.813,-0.051
558.594,-0.003
559.375,0.045
560.156,-0.051
560.938,-0.051
561.719,-0.051
562.5,-0.003
563.281,-0.051
564.063,-0.051
564.844,-0.003
565.625,-0.051
566.406,-0.051
567.188,-0.1
567.969,-0.003
568.75,0.045
569.531,-0.051
570.313,-0.003
571.094,-0.1
571.875,-0.003
572.656,0.045
573.438,-0.051
574.219,-0.051
575,-0.051
575.781,0.094
576.563,-0.051
577.344,-0.003
578.125,-0.003
578.906,-0.003
579.688,-0.003
580.469,-0.051
581.25,0.045
582.031,-0.1
582.813,-0.003
583.594,0.045
584.375,-0.1
585.156,0.094
585.938,0.094
586.719,-0.051
587.5,0.045
588.281,-0.003
589.063,-0.003
589.844,0.094
590.625,0.045
591.406,0.045
592.188,0.094
592.969,0.045
593.75,-0.003
594.531,-0.003
595.313,0.094
596.094,0.045
596.875,-0.003
597.656,0.045
598.438,0.045
599.219,0.045
600,-0.003
600.781,0.045
601.563,-0.003
602.344,-0.1
603.125,0.045
603.906,0.045
604.688,-0.003
605.469,0.045
606.25,-0.051
607.031,0.142
607.813,0.045
608.594,-0.003
609.375,0.045
610.156,-0.003
610.938,0.045
611.719,-0.051
612.5,0.094
613.281,0.045
614.063,-0.051
614.844,0.142
615.625,-0.1
616.406,-0.003
617.188,-0.003
617.969,-0.197
618.75,0.142
619.531,0.045
620.313,-0.1
621.094,-0.051
621.875,-0.003
622.656,-0.003
623.438,-0.1
624.219,-0.051
625,-0.051
625.781,0.142
626.563,0.045
627.344,-0.051
628.125,-0.003
628.906,-0.003
629.688,0.094
630.469,-0.003
631.25,-0.051
632.031,0.142
632.813,0.045
633.594,-0.003
634.375,0.045
635.156,-0.003
635.938,-0.003
636.719,-0.003
637.5,-0.003
638.281,0.094
639.063,-0.1
639.844,0.094
640.625,0.142
641.406,-0.1
642.188,-0.003
642.969,0.045
643.75,0.045
644.531,-0.003
645.313,0.094
646.094,-0.003
646.875,-0.003
647.656,0.142
648.438,-0.051
649.219,-0.051
650,0.094
650.781,0.045
651.563,0.094
652.344,0.094
653.125,-0.051
653.906,0.094
654.688,0.045
655.469,-0.1
656.25,0.045
657.031,-0.003
657.813,-0.1
658.594,0.094
659.375,-0.051
660.156,-0.1
660.938,0.142
661.719,-0.148
662.5,-0.003
663.281,0.094
664.063,-0.197
664.844,0.094
665.625,-0.051
666.406,-0.1
667.188,0.045
667.969,-0.003
668.75,0.045
669.531,-0.051
670.313,-0.051
671.094,0.045
671.875,-0.051
672.656,-0.003
673.438,-0.003
674.219,-0.051
675,-0.003
675.781,-0.051
676.563,-0.003
677.344,-0.1
678.125,-0.003
678.906,0.094
679.688,-0.051
680.469,0.045
681.25,0.045
682.031,-0.1
682.813,-0.003
683.594,0.045
684.375,0.045
685.156,-0.003
685.938,-0.003
686.719,0.045
687.5,-0.003
688.281,0.045
689.063,-0.051
689.844,0.045
690.625,0.094
691.406,-0.051
692.188,0.045
692.969,-0.051
693.75,-0.003
694.531,0.045
695.313,0.045
696.094,-0.003
696.875,-0.1
697.656,0.142
698.438,-0.003
699.219,-0.051
700,0.094
700.781,-0.003
701.563,-0.003
702.344,0.045
703.125,-0.003
703.906,-0.1
704.688,-0.051
705.469,-0.003
706.25,-0.003
707.031,-0.003
707.813,-0.1
708.594,0.045
709.375,-0.003
710.156,-0.051
710.938,-0.003
711.719,-0.1
712.5,-0.051
713.281,0.045
714.063,0.045
714.844,-0.1
715.625,-0.051
716.406,0.045
717.188,-0.003
717.969,-0.003
718.75,-0.003
719.531,-0.003
720.313,0.045
721.094,-0.003
721.875,-0.051
722.656,-0.003
723.438,-0.003
724.219,-0.003
725,-0.003
725.781,-0.1
726.563,0.045
727.344,0.094
728.125,-0.1
728.906,0.045
729.688,0.045
730.469,-0.051
731.25,-0.051
732.031,0.045
732.813,0.045
733.594,-0.051
734.375,0.045
735.156,0.045
735.938,-0.051
736.719,-0.003
737.5,0.094
738.281,-0.003
739.063,0.094
739.844,0.045
740.625,0.045
741.406,0.045
742.188,-0.003
742.969,-0.003
743.75,-0.003
744.531,0.094
745.313,-0.003
746.094,-0.003
746.875,-0.1
747.656,0.045
748.438,0.142
749.219,-0.245
750,-0.051
750.781,0.094
751.563,-0.051
752.344,-0.003
753.125,0.094
753.906,-0.051
754.688,-0.051
755.469,0.045
756.25,-0.051
757.031,0.045
757.813,-0.051
758.594,-0.1
759.375,0.094
760.156,-0.003
760.938,-0.197
761.719,-0.003
762.5,-0.003
763.281,-0.1
764.063,-0.003
764.844,-0.1
765.625,-0.003
766.406,0.045
767.188,-0.1
767.969,-0.051
768.75,-0.051
769.531,-0.003
770.313,-0.1
771.094,-0.051
771.875,0.142
772.656,-0.003
773.438,-0.051
774.219,-0.003
775,-0.003
775.781,-0.003
776.563,0.045
777.344,-0.003
778.125,-0.003
778.906,-0.003
779.688,-0.051
780.469,0.045
781.25,0.045
782.031,-0.003
782.813,0.045
783.594,0.045
784.375,-0.003
785.156,-0.003
785.938,-0.051
786.719,-0.003
787.5,0.142
788.281,0.045
789.063,-0.051
789.844,0.094
790.625,0.045
791.406,-0.003
792.188,0.045
792.969,0.045
793.75,0.045
794.531,0.045
795.313,0.045
796.094,0.045
796.875,-0.051
797.656,0.045
798.438,0.094
799.219,-0.003
800,0.142
800.781,0.045
801.563,-0.1
802.344,0.142
803.125,0.094
803.906,0.045
804.688,-0.003
805.469,-0.051
806.25,0.045
807.031,-0.051
807.813,-0.051
808.594,0.191
809.375,-0.003
810.156,-0.003
810.938,0.142
811.719,-0.1
812.5,0.045
813.281,0.094
814.063,-0.051
814.844,0.045
815.625,-0.051
816.406,0.094
817.188,-0.003
817.969,-0.148
818.75,0.094
819.531,0.094
820.313,-0.1
821.094,-0.003
821.875,0.045
822.656,0.094
823.438,-0.003
824.219,-0.1
825,-0.051
825.781,-0.051
826.563,-0.003
827.344,-0.003
828.125,-0.051
828.906,0.045
829.688,-0.003
830.469,-0.051
831.25,0.045
832.031,-0.051
832.813,-0.003
833.594,-0.003
834.375,-0.051
835.156,0.045
835.938,-0.1
836.719,-0.003
837.5,0.045
838.281,-0.051
839.063,0.045
839.844,-0.1
840.625,0.045
841.406,-0.003
842.188,-0.1
842.969,0.045
843.75,-0.1
844.531,-0.003
845.313,0.045
846.094,-0.051
846.875,-0.051
847.656,-0.051
848.438,-0.003
849.219,0.045
850,-0.1
850.781,-0.1
851.563,0.094
852.344,-0.003
853.125,-0.003
853.906,-0.051
854.688,-0.051
855.469,-0.003
856.25,-0.003
857.031,-0.051
857.813,-0.003
858.594,-0.003
859.375,-0.051
860.156,-0.003
860.938,-0.1
861.719,-0.003
862.5,0.045
863.281,-0.1
864.063,-0.051
864.844,-0.003
865.625,-0.1
866.406,-0.051
867.188,0.045
867.969,-0.003
868.75,-0.1
869.531,-0.051
870.313,-0.051
871.094,-0.003
871.875,-0.003
872.656,-0.051
873.438,0.045
874.219,-0.003
875,-0.148
875.781,-0.003
876.563,-0.003
877.344,-0.003
878.125,0.045
878.906,0.045
879.688,-0.051
880.469,-0.003
881.25,0.045
882.031,-0.003
882.813,-0.003
883.594,-0.003
884.375,0.045
885.156,0.045
885.938,-0.051
886.719,-0.003
887.5,-0.003
888.281,0.094
889.063,-0.051
889.844,-0.051
890.625,0.142
891.406,-0.003
892.188,-0.003
892.969,0.094
893.75,-0.003
894.531,-0.051
895.313,-0.003
896.094,-0.003
896.875,0.045
897.656,-0.003
898.438,-0.003
899.219,0.045
900,0.045
900.781,-0.003
901.563,-0.003
902.344,-0.003
903.125,-0.051
903.906,-0.003
904.688,0.045
905.469,0.045
906.25,0.045
907.031,-0.1
907.813,0.045
908.594,0.094
909.375,-0.003
910.156,0.045
910.938,-0.003
911.719,-0.003
912.5,-0.003
913.281,-0.003
914.063,-0.003
914.844,-0.051
915.625,0.045
916.406,-0.051
917.188,-0.051
917.969,0.045
918.75,-0.003
919.531,-0.003
920.313,-0.051
921.094,-0.051
921.875,-0.003
922.656,0.045
923.438,-0.003
924.219,-0.003
925,-0.003
925.781,-0.051
926.563,-0.1
927.344,0.045
928.125,-0.003
928.906,0.045
929.688,-0.003
930.469,-0.1
931.25,0.045
932.031,-0.003
932.813,-0.003
933.594,0.045
934.375,-0.003
935.156,-0.051
935.938,-0.051
936.719,0.045
937.5,0.094
938.281,-0.003
939.063,-0.051
939.844,0.045
940.625,0.045
941.406,-0.051
942.188,-0.003
942.969,-0.003
943.75,-0.051
944.531,0.045
945.313,0.045
946.094,-0.051
946.875,-0.003
947.656,-0.003
948.438,-0.003
949.219,0.094
950,-0.051
950.781,-0.003
951.563,0.045
952.344,0.045
953.125,-0.051
953.906,-0.051
954.688,0.094
955.469,-0.051
956.25,0.094
957.031,0.094
957.813,0.094
958.594,0.045
959.375,-0.051
960.156,-0.003
960.938,-0.051
961.719,0.045
962.5,-0.003
963.281,-0.003
964.063,-0.003
964.844,-0.003
965.625,0.045
966.406,-0.003
967.188,0.045
967.969,0.045
968.75,0.045
969.531,-0.051
970.313,0.045
971.094,-0.003
971.875,-0.003
972.656,0.142
973.438,0.045
974.219,-0.003
975,0.142
975.781,-0.003
976.563,0.045
977.344,0.142
978.125,-0.003
978.906,0.045
979.688,-0.051
980.469,0.045
981.25,0.094
982.031,0.045
982.813,0.045
983.594,-0.051
984.375,0.045
985.156,0.045
985.938,-0.003
986.719,0.045
987.5,-0.003
988.281,-0.003
989.063,-0.003
989.844,-0.003
990.625,0.045
991.406,0.045
992.188,-0.003
992.969,0.045
993.75,0.045
994.531,-0.003
995.313,0.142
996.094,-0.003
996.875,-0.051
997.656,0.142
998.438,-0.051
999.219,-0.003
1000,-0.003
1000.781,-0.003
1001.563,0.045
1002.344,-0.003
1003.125,-0.003
1003.906,-0.051
1004.688,0.045
1005.469,0.094
1006.25,-0.003
1007.031,-0.051
1007.813,-0.003
1008.594,0.045
1009.375,-0.051
1010.156,0.094
1010.938,-0.003
1011.719,-0.051
1012.5,0.094
1013.281,-0.1
1014.063,0.045
1014.844,0.045
1015.625,-0.003
1016.406,0.142
1017.188,-0.148
1017.969,-0.003
1018.75,0.094
1019.531,-0.003
1020.313,0.045
1021.094,-0.003
1021.875,-0.003
1022.656,-0.003
1023.438,0.045
1024.219,-0.003
1025,-0.1
1025.781,-0.051
1026.563,-0.003
1027.344,-0.051
1028.125,0.045
1028.906,-0.051
1029.688,-0.051
1030.469,-0.003
1031.25,-0.051
1032.031,0.045
1032.813,-0.051
1033.594,-0.051
1034.375,0.045
1035.156,-0.051
1035.938,-0.003
1036.719,0.045
1037.5,-0.051
1038.281,0.045
1039.063,-0.003
1039.844,-0.051
1040.625,-0.051
1041.406,-0.003
1042.188,0.045
1042.969,-0.051
1043.75,0.045
1044.531,-0.051
1045.313,-0.003
1046.094,-0.051
1046.875,-0.051
1047.656,0.142
1048.438,-0.051
1049.219,-0.051
1050,-0.003
1050.781,-0.003
1051.563,-0.003
1052.344,-0.051
1053.125,-0.003
1053.906,-0.003
1054.688,-0.003
1055.469,0.045
1056.25,-0.003
1057.031,-0.051
1057.813,0.142
1058.594,-0.051
1059.375,-0.051
1060.156,0.045
1060.938,-0.003
1061.719,0.094
1062.5,-0.003
1063.281,0.045
1064.063,0.045
1064.844,-0.1
1065.625,0.045
1066.406,0.045
1067.188,-0.003
1067.969,-0.003
1068.75,-0.003
1069.531,0.045
1070.313,-0.003
1071.094,-0.003
1071.875,0.045
1072.656,-0.003
1073.438,-0.003
1074.219,0.094
1075,0.045
1075.781,-0.051
1076.563,-0.003
1077.344,-0.003
1078.125,0.045
1078.906,0.142
1079.688,0.045
1080.469,-0.051
1081.25,-0.051
1082.031,0.045
1082.813,0.045
1083.594,-0.003
1084.375,0.094
1085.156,-0.051
1085.938,-0.003
1086.719,0.045
1087.5,-0.1
1088.281,0.045
1089.063,-0.003
1089.844,-0.148
1090.625,-0.003
1091.406,-0.003
1092.188,-0.051
1092.969,-0.003
1093.75,0.045
1094.531,-0.003
1095.313,-0.051
1096.094,-0.003
1096.875,-0.051
1097.656,0.045
1098.438,-0.051
1099.219,-0.003
1100,0.094
1100.781,-0.051
1101.563,-0.148
1102.344,-0.003
1103.125,-0.003
1103.906,-0.051
1104.688,-0.051
1105.469,-0.003
1106.25,0.045
1107.031,-0.003
1107.813,-0.051
1108.594,-0.003
1109.375,-0.003
1110.156,-0.003
1110.938,-0.003
1111.719,0.094
1112.5,-0.051
1113.281,-0.003
1114.063,0.045
1114.844,-0.003
1115.625,0.045
1116.406,-0.051
1117.188,0.094
1117.969,-0.003
1118.75,-0.1
1119.531,0.142
1120.313,-0.003
1121.094,-0.051
1121.875,0.045
1122.656,0.045
1123.438,-0.051
1124.219,-0.003
1125,-0.003
1125.781,-0.003
1126.563,0.094
1127.344,-0.051
1128.125,-0.003
1128.906,-0.003
1129.688,-0.003
1130.469,0.094
1131.25,-0.051
1132.031,-0.003
1132.813,0.094
1133.594,-0.051
1134.375,-0.003
1135.156,0.142
1135.938,-0.003
1136.719,-0.003
1137.5,0.045
1138.281,0.045
1139.063,-0.003
1139.844,-0.003
1140.625,0.045
1141.406,0.094
1142.188,0.094
1142.969,-0.051
1143.75,-0.003
1144.531,0.045
1145.313,-0.051
1146.094,0.045
1146.875,0.045
1147.656,-0.051
1148.438,-0.003
1149.219,0.094
1150,-0.1
1150.781,-0.003
1151.563,0.094
1152.344,-0.051
1153.125,0.045
1153.906,-0.003
1154.688,-0.003
1155.469,0.045
1156.25,0.045
1157.031,-0.003
1157.813,-0.051
1158.594,0.094
1159.375,-0.003
1160.156,-0.003
1160.938,0.094
1161.719,0.045
1162.5,-0.003
1163.281,0.045
1164.063,0.045
1164.844,0.094
1165.625,0.045
1166.406,0.045
1167.188,0.142
1167.969,0.045
1168.75,-0.003
1169.531,0.045
1170.313,0.045
1171.094,0.045
1171.875,0.045
1172.656,0.094
1173.438,0.094
1174.219,0.045
1175,0.094
1175.781,0.094
1176.563,-0.003
1177.344,0.045
1178.125,0.094
1178.906,0.045
1179.688,-0.003
1180.469,0.142
1181.25,0.142
1182.031,-0.051
1182.813,0.045
1183.594,0.094
1184.375,-0.003
1185.156,0.094
1185.938,0.045
1186.719,-0.051
1187.5,0.094
1188.281,0.094
1189.063,-0.003
1189.844,-0.003
1190.625,0.094
1191.406,0.045
1192.188,-0.003
1192.969,0.045
1193.75,0.045
1194.531,0.094
1195.313,-0.003
1196.094,0.045
1196.875,-0.003
1197.656,-0.051
1198.438,0.045
1199.219,0.045
1200,-0.003
1200.781,-0.051
1201.563,0.045
1202.344,0.045
1203.125,-0.003
1203.906,0.045
1204.688,-0.1
1205.469,-0.003
1206.25,0.045
1207.031,-0.051
1207.813,-0.051
1208.594,-0.051
1209.375,-0.003
1210.156,-0.003
1210.938,-0.051
1211.719,-0.003
1212.5,-0.051
1213.281,-0.003
1214.063,-0.003
1214.844,-0.1
1215.625,-0.051
1216.406,-0.051
1217.188,-0.051
1217.969,-0.1
1218.75,-0.003
1219.531,0.045
1220.313,-0.051
1221.094,-0.003
1221.875,-0.051
1222.656,-0.003
1223.438,-0.003
1224.219,-0.1
1225,-0.003
1225.781,-0.003
1226.563,-0.003
1227.344,-0.051
1228.125,-0.003
1228.906,0.045
1229.688,-0.003
1230.469,-0.148
1231.25,-0.051
1232.031,-0.051
1232.813,-0.003
1233.594,0.045
1234.375,-0.1
1235.156,-0.051
1235.938,-0.051
1236.719,-0.1
1237.5,0.045
1238.281,-0.003
1239.063,-0.1
1239.844,-0.003
1240.625,-0.003
1241.406,-0.1
1242.188,-0.003
1242.969,-0.1
1243.75,-0.051
1244.531,-0.003
1245.313,-0.051
1246.094,-0.003
1246.875,-0.1
1247.656,-0.003
1248.438,-0.003
1249.219,-0.148
1250,-0.051
1250.781,0.045
1251.563,-0.1
1252.344,-0.051
1253.125,-0.1
1253.906,-0.148
1254.688,0.045
1255.469,-0.051
1256.25,-0.1
1257.031,-0.003
1257.813,0.045
1258.594,-0.051
1259.375,-0.1
1260.156,-0.003
1260.938,-0.051
1261.719,-0.051
1262.5,-0.003
1263.281,-0.051
1264.063,-0.1
1264.844,-0.003
1265.625,0.045
1266.406,-0.051
1267.188,-0.003
1267.969,-0.1
1268.75,-0.003
1269.531,0.045
1270.313,-0.051
1271.094,-0.003
1271.875,-0.148
1272.656,-0.051
1273.438,0.094
1274.219,-0.051
1275,-0.051
1275.781,-0.1
1276.563,-0.051
1277.344,0.045
1278.125,-0.003
1278.906,-0.051
1279.688,0.045
1280.469,0.045
1281.25,-0.003
1282.031,0.045
1282.813,-0.051
1283.594,-0.003
1284.375,-0.003
1285.156,-0.051
1285.938,0.045
1286.719,0.045
1287.5,-0.051
1288.281,-0.051
1289.063,0.045
1289.844,-0.003
1290.625,-0.051
1291.406,0.045
1292.188,-0.003
1292.969,-0.051
1293.75,0.045
1294.531,-0.003
1295.313,-0.148
1296.094,0.142
1296.875,0.094
1297.656,-0.051
1298.438,-0.003
1299.219,0.045
1300,-0.003
1300.781,-0.003
1301.563,0.142
1302.344,-0.051
1303.125,-0.003
1303.906,0.142
1304.688,-0.1
1305.469,0.045
1306.25,0.045
1307.031,-0.051
1307.813,0.045
1308.594,0.045
1309.375,0.045
1310.156,-0.1
1310.938,0.094
1311.719,0.191
1312.5,-0.1
1313.281,0.045
1314.063,0.094
1314.844,-0.003
1315.625,0.045
1316.406,0.045
1317.188,0.142
1317.969,0.045
1318.75,0.045
1319.531,0.239
1320.313,-0.051
1321.094,-0.003
1321.875,0.142
1322.656,-0.003
1323.438,0.094
1324.219,0.045
1325,-0.003
1325.781,0.142
1326.563,-0.003
1327.344,0.045
1328.125,0.142
1328.906,0.045
1329.688,0.045
1330.469,0.094
1331.25,0.045
1332.031,0.045
1332.813,0.094
1333.594,0.045
1334.375,0.045
1335.156,0.142
1335.938,0.094
1336.719,-0.003
1337.5,-0.003
1338.281,0.045
1339.063,-0.003
1339.844,0.045
1340.625,-0.003
1341.406,-0.003
1342.188,0.239
1342.969,-0.051
1343.75,-0.051
1344.531,0.094
1345.313,-0.003
1346.094,0.142
1346.875,-0.003
1347.656,-0.051
1348.438,0.094
1349.219,-0.003
1350,-0.051
1350.781,0.045
1351.563,-0.003
1352.344,-0.003
1353.125,0.094
1353.906,-0.003
1354.688,-0.003
1355.469,-0.003
1356.25,0.094
1357.031,-0.003
1357.813,-0.051
1358.594,0.094
1359.375,-0.1
1360.156,-0.003
1360.938,0.045
1361.719,-0.1
1362.5,0.142
1363.281,-0.051
1364.063,-0.051
1364.844,0.045
1365.625,-0.051
1366.406,0.094
1367.188,-0.051
1367.969,-0.051
1368.75,-0.051
1369.531,-0.003
1370.313,0.045
1371.094,-0.1
1371.875,-0.051
1372.656,-0.003
1373.438,-0.003
1374.219,-0.051
1375,-0.003
1375.781,-0.051
1376.563,-0.051
1377.344,0.045
1378.125,-0.003
1378.906,-0.051
1379.688,-0.1
1380.469,-0.003
1381.25,0.045
1382.031,-0.003
1382.813,-0.003
1383.594,-0.051
1384.375,-0.051
1385.156,-0.003
1385.938,-0.003
1386.719,-0.051
1387.5,-0.1
1388.281,-0.051
1389.063,0.045
1389.844,-0.003
1390.625,-0.148
1391.406,-0.003
1392.188,-0.051
1392.969,-0.1
1393.75,0.045
1394.531,-0.051
1395.313,-0.1
1396.094,-0.051
1396.875,0.045
1397.656,-0.051
1398.438,-0.051
1399.219,-0.003
1400,-0.051
1400.781,-0.051
1401.563,-0.003
1402.344,-0.051
1403.125,-0.003
1403.906,-0.051
1404.688,-0.148
1405.469,0.045
1406.25,-0.148
1407.031,-0.1
1407.813,-0.003
1408.594,-0.051
1409.375,0.045
1410.156,-0.1
1410.938,-0.148
1411.719,-0.003
1412.5,-0.1
1413.281,-0.1
1414.063,0.045
1414.844,-0.148
1415.625,-0.1
1416.406,0.094
1417.188,-0.1
1417.969,-0.148
1418.75,0.094
1419.531,-0.1
1420.313,-0.1
1421.094,0.045
1421.875,-0.148
1422.656,-0.1
1423.438,-0.051
1424.219,-0.1
1425,-0.003
1425.781,-0.003
1426.563,-0.051
1427.344,-0.003
1428.125,-0.1
1428.906,-0.148
1429.688,-0.003
1430.469,-0.1
1431.25,-0.148
1432.031,-0.1
1432.813,-0.1
1433.594,-0.003
1434.375,-0.1
1435.156,-0.051
1435.938,-0.051
1436.719,-0.1
1437.5,-0.1
1438.281,-0.1
1439.063,0.045
1439.844,-0.1
1440.625,-0.1
1441.406,-0.051
1442.188,-0.051
1442.969,-0.003
1443.75,-0.1
1444.531,-0.051
1445.313,-0.003
1446.094,-0.051
1446.875,-0.051
1447.656,-0.051
1448.438,-0.051
1449.219,-0.1
1450,-0.003
1450.781,-0.051
1451.563,-0.1
1452.344,-0.003
1453.125,-0.051
1453.906,-0.003
1454.688,-0.051
1455.469,-0.1
1456.25,-0.003
1457.031,-0.003
1457.813,-0.051
1458.594,-0.1
1459.375,-0.003
1460.156,-0.051
1460.938,0.045
1461.719,-0.051
1462.5,-0.003
1463.281,0.094
1464.063,-0.197
1464.844,-0.003
1465.625,0.142
1466.406,-0.051
1467.188,-0.051
1467.969,-0.003
1468.75,0.045
1469.531,0.045
1470.313,-0.051
1471.094,-0.003
1471.875,0.045
1472.656,-0.1
1473.438,0.045
1474.219,0.142
1475,-0.003
1475.781,-0.051
1476.563,0.045
1477.344,0.094
1478.125,0.045
1478.906,0.045
1479.688,0.045
1480.469,0.094
1481.25,0.142
1482.031,0.045
1482.813,0.142
1483.594,0.045
1484.375,0.045
1485.156,0.094
1485.938,0.045
1486.719,0.094
1487.5,0.094
1488.281,0.045
1489.063,0.142
1489.844,0.142
1490.625,0.045
1491.406,0.142
1492.188,0.094
1492.969,0.045
1493.75,0.142
1494.531,0.239
1495.313,0.094
1496.094,0.094
1496.875,0.094
1497.656,0.142
1498.438,0.142
1499.219,0.045
1500,0.191
1500.781,0.142
1501.563,-0.051
1502.344,0.191
1503.125,0.094
1503.906,0.045
1504.688,0.094
1505.469,0.094
1506.25,0.094
1507.031,0.142
1507.813,0.142
1508.594,0.045
1509.375,-0.003
1510.156,0.142
1510.938,0.094
1511.719,0.045
1512.5,0.045
1513.281,0.094
1514.063,0.094
1514.844,0.045
1515.625,0.094
1516.406,0.045
1517.188,-0.003
1517.969,0.094
1518.75,-0.003
1519.531,0.094
1520.313,0.094
1521.094,-0.1
1521.875,0.045
1522.656,-0.003
1523.438,0.094
1524.219,-0.1
1525,-0.051
1525.781,0.142
1526.563,-0.148
1527.344,-0.003
1528.125,-0.003
1528.906,-0.051
1529.688,-0.003
1530.469,-0.051
1531.25,-0.003
1532.031,-0.003
1532.813,-0.051
1533.594,-0.003
1534.375,-0.051
1535.156,-0.051
1535.938,0.045
1536.719,-0.051
1537.5,0.045
1538.281,-0.1
1539.063,-0.197
1539.844,0.045
1540.625,-0.051
1541.406,-0.003
1542.188,-0.1
1542.969,-0.148
1543.75,0.045
1544.531,-0.051
1545.313,-0.003
1546.094,-0.1
1546.875,-0.1
1547.656,-0.003
1548.438,-0.1
1549.219,-0.003
1550,-0.1
1550.781,-0.1
1551.563,-0.003
1552.344,-0.1
1553.125,-0.1
1553.906,-0.051
1554.688,-0.003
1555.469,-0.051
1556.25,-0.003
1557.031,-0.051
1557.813,-0.051
1558.594,-0.003
1559.375,-0.1
1560.156,-0.003
1560.938,-0.051
1561.719,-0.148
1562.5,-0.003
1563.281,-0.003
1564.063,-0.051
1564.844,-0.1
1565.625,-0.051
1566.406,-0.003
1567.188,-0.051
1567.969,-0.1
1568.75,-0.003
1569.531,-0.003
1570.313,-0.051
1571.094,-0.1
1571.875,-0.1
1572.656,-0.051
1573.438,-0.051
1574.219,-0.051
1575,0.045
1575.781,-0.148
1576.563,-0.148
1577.344,0.045
1578.125,-0.051
1578.906,-0.051
1579.688,-0.051
1580.469,-0.1
1581.25,-0.051
1582.031,-0.003
1582.813,-0.003
1583.594,-0.1
1584.375,-0.051
1585.156,-0.1
1585.938,-0.1
1586.719,-0.003
1587.5,-0.1
1588.281,-0.1
1589.063,-0.1
1589.844,-0.1
1590.625,-0.1
1591.406,-0.051
1592.188,-0.1
1592.969,-0.1
1593.75,-0.1
1594.531,-0.148
1595.313,-0.051
1596.094,-0.051
1596.875,-0.148
1597.656,-0.003
1598.438,-0.003
1599.219,-0.197

Machine Name,P29201A
Point Name,29VT-2007X
Wf Amp,7.945
Number of Revs,8
X-Axis Unit,ms
Y-Axis Unit,µm 
Sample Speed, 3961 rpm
Sample Status,Valid
Timestamp,8/27/2023 11:37:13 AM
Variable,Disp Wf(256X/8revs).29KT-2014A
X-Axis Value,Y-Axis Value
0,-1.721
0.059,-1.624
0.118,-2.69
0.178,-2.69
0.237,-2.98
0.296,-3.223
0.355,-1.866
0.414,-2.787
0.473,-1.963
0.533,-2.496
0.592,-2.69
0.651,-2.302
0.71,-2.399
0.769,-1.818
0.828,-2.011
0.888,-1.236
0.947,-1.915
1.006,-1.575
1.065,-1.333
1.124,-2.108
1.183,-0.897
1.243,-1.382
1.302,-1.139
1.361,-0.946
1.42,-1.042
1.479,-1.091
1.538,-1.624
1.598,-1.188
1.657,-2.011
1.716,-0.849
1.775,-1.188
1.834,-0.994
1.893,0.459
1.953,-0.558
2.012,-0.219
2.071,-0.752
2.13,-1.236
2.189,-1.575
2.248,-1.818
2.308,-1.672
2.367,-2.108
2.426,-1.672
2.485,-3.029
2.544,-2.787
2.604,-2.593
2.663,-3.223
2.722,-2.108
2.781,-2.06
2.84,-0.655
2.899,-0.122
2.959,0.314
3.018,0.169
3.077,-0.316
3.136,-0.122
3.195,-1.382
3.254,-0.364
3.314,-0.607
3.373,-0.461
3.432,0.266
3.491,-0.558
3.55,0.072
3.609,-1.091
3.669,-1.188
3.728,-1.672
3.787,-1.091
3.846,-0.655
3.905,-0.703
3.964,0.266
4.024,-1.43
4.083,-0.897
4.142,-1.091
4.201,-1.915
4.26,-1.042
4.319,-1.818
4.379,-0.994
4.438,-1.042
4.497,-0.51
4.556,-0.8
4.615,-0.316
4.674,0.411
4.734,-0.849
4.793,0.459
4.852,-0.316
4.911,-0.51
4.97,0.072
5.03,0.314
5.089,0.75
5.148,0.266
5.207,0.508
5.266,-0.122
5.325,0.653
5.385,0.508
5.444,0.169
5.503,1.622
5.562,0.653
5.621,1.38
5.68,0.992
5.74,0.75
5.799,0.798
5.858,0.362
5.917,0.266
5.976,-0.219
6.035,0.75
6.095,0.169
6.154,0.605
6.213,1.138
6.272,-0.17
6.331,0.992
6.39,0.411
6.45,1.428
6.509,1.283
6.568,1.331
6.627,1.864
6.686,1.234
6.745,1.574
6.805,0.314
6.864,1.089
6.923,0.556
6.982,0.362
7.041,1.428
7.1,0.847
7.16,1.671
7.219,0.895
7.278,0.508
7.337,0.459
7.396,0.992
7.456,1.816
7.515,1.477
7.574,2.736
7.633,1.864
7.692,2.736
7.751,2.833
7.811,1.913
7.87,2.591
7.929,1.671
7.988,2.155
8.047,2.107
8.106,2.736
8.166,2.252
8.225,1.816
8.284,2.203
8.343,1.089
8.402,2.397
8.461,1.671
8.521,1.525
8.58,2.107
8.639,1.622
8.698,2.397
8.757,1.767
8.816,2.736
8.876,2.107
8.935,2.639
8.994,2.882
9.053,2.639
9.112,3.802
9.171,2.397
9.231,3.124
9.29,3.075
9.349,2.639
9.408,3.075
9.467,2.397
9.526,3.172
9.586,2.639
9.645,3.415
9.704,2.591
9.763,2.639
9.822,2.397
9.882,1.089
9.941,2.058
10,1.283
10.059,1.719
10.118,2.203
10.177,2.155
10.237,2.785
10.296,2.3
10.355,2.446
10.414,1.477
10.473,2.058
10.532,1.186
10.592,0.411
10.651,1.428
10.71,0.217
10.769,1.525
10.828,1.671
10.887,1.574
10.947,1.283
11.006,0.847
11.065,1.38
11.124,1.041
11.183,2.349
11.242,1.38
11.302,1.38
11.361,1.38
11.42,0.023
11.479,1.138
11.538,0.169
11.597,0.798
11.657,0.605
11.716,0.847
11.775,0.75
11.834,0.459
11.893,0.702
11.952,-0.267
12.012,0.556
12.071,0.072
12.13,0.169
12.189,0.847
12.248,-0.17
12.307,0.169
12.367,-0.461
12.426,-0.074
12.485,-0.461
12.544,-0.607
12.603,-0.413
12.663,-0.219
12.722,0.798
12.781,-0.51
12.84,0.169
12.899,-0.558
12.958,-1.188
13.018,-0.461
13.077,-1.188
13.136,-0.219
13.195,-0.074
13.254,-0.51
13.313,-1.624
13.373,-1.721
13.432,-0.946
13.491,-2.06
13.55,-0.849
13.609,-1.672
13.668,-1.382
13.728,-0.946
13.787,-1.285
13.846,-0.994
13.905,-1.624
13.964,-1.042
14.023,-1.624
14.083,-0.897
14.142,-1.236
14.201,-0.946
14.26,0.653
14.319,-1.091
14.378,-0.8
14.438,-1.575
14.497,-2.011
14.556,-1.624
14.615,-2.302
14.674,-1.479
14.733,-1.721
14.793,-0.994
14.852,-1.963
14.911,-1.963
14.97,-1.479
15.029,-2.205
15.089,-1.091
15.148,-1.963
15.207,-1.672
15.266,-1.672
15.325,-2.302
15.384,-2.593
15.444,-3.077
15.503,-2.399
15.562,-3.368
15.621,-2.254
15.68,-2.593
15.739,-2.302
15.799,-1.188
15.858,-2.302
15.917,-1.333
15.976,-1.43
16.035,-1.769
16.094,-2.205
16.154,-2.205
16.213,-1.527
16.272,-1.382
16.331,-0.316
16.39,-1.236
16.449,-0.8
16.509,-0.703
16.568,-1.915
16.627,-0.994
16.686,-1.818
16.745,-1.091
16.804,-0.994
16.864,-0.897
16.923,-1.042
16.982,-0.8
17.041,-0.025
17.1,-1.091
17.159,-0.074
17.219,-0.946
17.278,-1.285
17.337,-0.897
17.396,-1.818
17.455,-1.091
17.515,-2.011
17.574,-2.351
17.633,-3.174
17.692,-2.98
17.751,-2.932
17.81,-2.98
17.87,-1.333
17.929,-1.866
17.988,-0.413
18.047,0.023
18.106,-0.655
18.165,0.169
18.225,-0.51
18.284,-0.461
18.343,-0.752
18.402,-0.413
18.461,-0.364
18.52,-0.316
18.58,-0.074
18.639,-1.091
18.698,-0.074
18.757,-1.575
18.816,-1.575
18.875,-0.946
18.935,-1.188
18.994,-0.461
19.053,-0.849
19.112,-0.655
19.171,-1.769
19.23,-1.527
19.29,-1.285
19.349,-1.479
19.408,-0.461
19.467,-1.672
19.526,-0.655
19.585,-0.655
19.645,-1.188
19.704,-0.703
19.763,-0.655
19.822,0.023
19.881,-0.267
19.941,0.605
20,-0.316
20.059,-0.607
20.118,-0.219
20.177,-0.703
20.236,0.798
20.296,-0.219
20.355,0.072
20.414,0.314
20.473,0.411
20.532,0.847
20.591,0.12
20.651,0.556
20.71,-0.316
20.769,1.089
20.828,0.508
20.887,0.362
20.946,1.186
21.006,-0.074
21.065,0.217
21.124,-0.267
21.183,-0.364
21.242,-0.219
21.301,-0.025
21.361,0.556
21.42,0.217
21.479,1.331
21.538,0.411
21.597,1.138
21.656,1.331
21.716,0.459
21.775,1.525
21.834,0.653
21.893,1.186
21.952,0.992
22.011,1.138
22.071,0.556
22.13,0.217
22.189,0.895
22.248,0.023
22.307,1.234
22.367,0.314
22.426,0.411
22.485,1.38
22.544,0.702
22.603,1.864
22.662,1.477
22.722,1.961
22.781,1.719
22.84,2.01
22.899,2.494
22.958,2.252
23.017,3.269
23.077,1.767
23.136,2.543
23.195,2.591
23.254,2.107
23.313,2.3
23.372,1.671
23.432,2.252
23.491,2.155
23.55,2.833
23.609,2.349
23.668,2.01
23.727,2.203
23.787,0.702
23.846,2.3
23.905,2.01
23.964,2.736
24.023,2.833
24.082,2.543
24.142,3.221
24.201,2.882
24.26,2.688
24.319,1.864
24.378,2.833
24.437,2.688
24.497,2.446
24.556,3.657
24.615,2.639
24.674,3.511
24.733,2.882
24.793,2.591
24.852,2.93
24.911,2.107
24.97,2.494
25.029,1.767
25.088,2.736
25.148,1.816
25.207,1.864
25.266,2.349
25.325,1.574
25.384,2.882
25.443,1.913
25.503,2.397
25.562,2.252
25.621,1.961
25.68,1.428
25.739,0.411
25.798,0.605
25.858,-0.17
25.917,1.38
25.976,1.428
26.035,1.622
26.094,2.01
26.153,1.089
26.213,1.816
26.272,1.525
26.331,1.525
26.39,1.38
26.449,1.331
26.508,1.477
26.568,0.895
26.627,1.913
26.686,0.702
26.745,1.186
26.804,1.38
26.863,0.266
26.923,1.089
26.982,0.508
27.041,1.089
27.1,0.556
27.159,1.089
27.219,0.895
27.278,0.411
27.337,0.702
27.396,-0.849
27.455,0.12
27.514,-0.655
27.574,-0.074
27.633,0.459
27.692,-0.558
27.751,0.217
27.81,0.023
27.869,0.459
27.929,-0.655
27.988,-0.074
28.047,-0.461
28.106,-0.849
28.165,0.459
28.224,-0.8
28.284,0.072
28.343,0.023
28.402,-1.091
28.461,-1.333
28.52,-2.06
28.579,-1.43
28.639,-1.672
28.698,-0.607
28.757,-1.285
28.816,-1.188
28.875,-1.236
28.934,-2.351
28.994,-1.285
29.053,-2.496
29.112,-1.769
29.171,-1.382
29.23,-1.479
29.289,-1.188
29.349,-1.188
29.408,-0.558
29.467,-2.06
29.526,-1.382
29.585,-1.915
29.645,-2.205
29.704,-1.236
29.763,-2.496
29.822,-1.43
29.881,-1.575
29.94,-1.818
30,-2.108
30.059,-2.302
30.118,-1.818
30.177,-2.06
30.236,-0.849
30.295,-1.866
30.355,-1.382
30.414,-1.672
30.473,-3.368
30.532,-2.738
30.591,-3.271
30.65,-2.544
30.71,-2.351
30.769,-2.302
30.828,-2.302
30.887,-2.69
30.946,-1.963
31.005,-3.077
31.065,-1.575
31.124,-2.06
31.183,-2.011
31.242,-1.527
31.301,-2.06
31.36,-1.285
31.42,-1.527
31.479,-1.236
31.538,-1.285
31.597,-1.139
31.656,-1.236
31.715,-1.672
31.775,-0.607
31.834,-1.672
31.893,-0.8
31.952,-1.042
32.011,-1.866
32.07,-0.849
32.13,-1.236
32.189,-0.219
32.248,-0.074
32.307,0.072
32.366,-0.607
32.426,-0.994
32.485,-1.042
32.544,-2.302
32.603,-1.382
32.662,-2.544
32.721,-2.593
32.781,-2.399
32.84,-3.32
32.899,-2.69
32.958,-2.932
33.017,-2.108
33.076,-2.254
33.136,-1.042
33.195,-0.558
33.254,-0.413
33.313,0.653
33.372,-0.655
33.431,-0.219
33.491,-0.752
33.55,-0.994
33.609,-0.607
33.668,-0.849
33.727,-0.219
33.786,-0.413
33.846,0.362
33.905,-1.042
33.964,-1.042
34.023,-0.752
34.082,-1.818
34.141,-0.074
34.201,-0.752
34.26,-0.413
34.319,-0.8
34.378,-1.236
34.437,-0.8
34.496,-1.042
34.556,-1.139
34.615,-2.108
34.674,-1.042
34.733,-0.946
34.792,-1.091
34.852,-0.074
34.911,-0.752
34.97,0.605
35.029,-0.025
35.088,-0.17
35.147,-0.17
35.207,-0.558
35.266,-0.219
35.325,-0.122
35.384,1.331
35.443,0.459
35.502,0.459
35.562,0.702
35.621,-0.219
35.68,0.944
35.739,0.072
35.798,0.605
35.857,0.895
35.917,1.089
35.976,0.798
36.035,0.702
36.094,1.138
36.153,-0.267
36.212,0.411
36.272,-0.267
36.331,0.023
36.39,0.944
36.449,0.12
36.508,1.089
36.567,0.411
36.627,0.411
36.686,0.459
36.745,0.847
36.804,0.992
36.863,0.798
36.922,2.01
36.982,0.944
37.041,1.671
37.1,1.186
37.159,0.169
37.218,0.508
37.278,0.072
37.337,0.895
37.396,0.847
37.455,1.283
37.514,0.895
37.573,0.653
37.633,0.895
37.692,-0.074
37.751,1.671
37.81,1.234
37.869,1.622
37.928,2.494
37.988,2.203
38.047,2.639
38.106,2.155
38.165,2.252
38.224,1.525
38.283,2.058
38.343,1.864
38.402,1.719
38.461,2.882
38.52,1.525
38.579,2.155
38.638,2.107
38.698,1.864
38.757,2.203
38.816,1.234
38.875,1.477
38.934,1.428
38.993,2.349
39.053,1.816
39.112,2.252
39.171,2.591
39.23,1.574
39.289,2.93
39.348,2.155
39.408,2.397
39.467,2.688
39.526,2.688
39.585,2.833
39.644,2.349
39.704,2.93
39.763,2.01
39.822,2.494
39.881,2.3
39.94,2.155
39.999,3.172
40.059,1.961
40.118,2.494
40.177,1.816
40.236,1.622
40.295,1.331
40.354,1.38
40.414,1.816
40.473,1.767
40.532,2.882
40.591,1.719
40.65,2.349
40.709,2.252
40.769,0.798
40.828,1.138
40.887,-0.219
40.946,0.314
41.005,0.314
41.064,0.895
41.124,1.525
41.183,1.477
41.242,1.38
41.301,-0.17
41.36,1.283
41.419,0.992
41.479,1.234
41.538,1.864
41.597,0.895
41.656,1.331
41.715,0.605
41.774,0.798
41.834,0.508
41.893,0.798
41.952,0.798
42.011,0.411
42.07,1.671
42.13,0.169
42.189,0.75
42.248,0.605
42.307,0.072
42.366,0.75
42.425,-0.122
42.485,0.411
42.544,-0.122
42.603,0.266
42.662,-0.51
42.721,-0.025
42.78,0.217
42.84,-1.236
42.899,0.12
42.958,-0.316
43.017,0.169
43.076,0.314
43.135,-0.267
43.195,-0.122
43.254,-0.703
43.313,-0.025
43.372,-1.091
43.431,0.023
43.49,0.12
43.55,-0.8
43.609,-0.558
43.668,-1.721
43.727,-0.461
43.786,-0.558
43.845,-1.188
43.905,-0.994
43.964,-1.139
44.023,-0.558
44.082,-1.43
44.141,-0.655
44.2,-1.672
44.26,-0.946
44.319,-0.703
44.378,-2.108
44.437,-0.897
44.496,-1.285
44.556,-0.558
44.615,-0.897
44.674,-1.188
44.733,-1.285
44.792,-1.963
44.851,-1.672
44.911,-2.787
44.97,-1.479
45.029,-1.915
45.088,-1.866
45.147,-1.091
45.206,-1.866
45.266,-0.849
45.325,-1.382
45.384,-1.139
45.443,-1.527
45.502,-1.527
45.561,-1.721
45.621,-2.593
45.68,-1.866
45.739,-2.738
45.798,-2.108
45.857,-2.011
45.916,-2.98
45.976,-1.866
46.035,-2.835
46.094,-2.157
46.153,-1.915
46.212,-1.333
46.271,-1.624
46.331,-1.769
46.39,-1.672
46.449,-2.883
46.508,-1.188
46.567,-1.672
46.626,-1.188
46.686,-0.316
46.745,-1.382
46.804,-0.655
46.863,-1.285
46.922,-1.236
46.982,-1.818
47.041,-1.236
47.1,-0.994
47.159,-1.285
47.218,-0.316
47.277,-1.042
47.337,0.12
47.396,0.023
47.455,-0.8
47.514,-0.849
47.573,-1.479
47.632,-1.333
47.692,-1.866
47.751,-1.236
47.81,-2.108
47.869,-2.641
47.928,-2.883
47.987,-4.143
48.047,-2.787
48.106,-3.368
48.165,-2.738
48.224,-1.769
48.283,-1.188
48.342,-0.461
48.402,-0.752
48.461,-0.558
48.52,-1.333
48.579,-0.994
48.638,-1.672
48.697,-1.721
48.757,-0.219
48.816,-1.188
48.875,-0.461
48.934,-0.849
48.993,-1.285
49.052,-1.527
49.112,-2.254
49.171,-1.769
49.23,-1.769
49.289,-0.752
49.348,-1.333
49.408,-1.139
49.467,-1.382
49.526,-2.593
49.585,-1.721
49.644,-2.302
49.703,-1.818
49.763,-1.624
49.822,-1.285
49.881,-1.382
49.94,-1.624
49.999,-1.091
50.058,-1.963
50.118,-0.461
50.177,-0.849
50.236,-0.897
50.295,-0.122
50.354,-1.285
50.413,-0.51
50.473,-0.267
50.532,-0.074
50.591,-0.267
50.65,-0.558
50.709,-0.219
50.768,-0.219
50.828,0.605
50.887,-0.413
50.946,0.217
51.005,0.75
51.064,0.023
51.123,0.556
51.183,-0.025
51.242,0.702
51.301,0.217
51.36,0.169
51.419,-0.267
51.478,0.023
51.538,0.314
51.597,-0.703
51.656,0.847
51.715,0.459
51.774,0.217
51.834,1.186
51.893,0.75
51.952,1.477
52.011,1.138
52.07,1.089
52.129,0.702
52.189,1.186
52.248,0.944
52.307,0.459
52.366,1.525
52.425,0.12
52.484,1.041
52.544,1.331
52.603,0.75
52.662,1.041
52.721,0.266
52.78,0.944
52.839,0.992
52.899,2.058
52.958,1.816
53.017,1.767
53.076,2.446
53.135,1.428
53.194,2.639
53.254,2.01
53.313,2.252
53.372,2.349
53.431,2.058
53.49,2.591
53.549,2.107
53.609,2.543
53.668,1.428
53.727,1.961
53.786,1.961
53.845,1.913
53.904,2.93
53.964,1.477
54.023,2.3
54.082,2.107
54.141,1.622
54.2,2.349
54.259,2.494
54.319,2.979
54.378,2.591
54.437,3.705
54.496,2.833
54.555,3.172
54.615,2.833
54.674,1.961
54.733,3.318
54.792,2.785
54.851,3.172
54.91,3.027
54.97,3.124
55.029,3.511
55.088,2.882
55.147,3.124
55.206,1.913
55.265,2.833
55.325,1.961
55.384,1.719
55.443,2.833
55.502,1.816
55.561,2.688
55.62,2.397
55.68,2.639
55.739,2.252
55.798,2.397
55.857,2.397
55.916,1.477
55.975,2.3
56.035,0.314
56.094,0.653
56.153,0.847
56.212,0.508
56.271,1.913
56.33,1.283
56.39,1.234
56.449,0.992
56.508,1.622
56.567,1.331
56.626,1.477
56.685,1.719
56.745,0.556
56.804,1.38
56.863,0.508
56.922,0.702
56.981,1.38
57.041,0.653
57.1,1.525
57.159,0.653
57.218,0.944
57.277,0.169
57.336,0.702
57.396,0.75
57.455,0.411
57.514,1.622
57.573,0.217
57.632,0.75
57.691,0.459
57.751,-0.655
57.81,-0.17
57.869,-0.364
57.928,0.217
57.987,-0.558
58.046,0.508
58.106,0.072
58.165,0.169
58.224,0.362
58.283,-1.236
58.342,-0.17
58.401,-1.091
58.461,-0.558
58.52,-0.364
58.579,-0.316
58.638,0.217
58.697,-0.994
58.756,-1.479
58.816,-2.496
58.875,-1.285
58.934,-1.382
58.993,-1.43
59.052,-0.364
59.111,-1.624
59.171,-0.897
59.23,-1.43
59.289,-1.527
59.348,-1.624
59.407,-1.818
59.467,-1.285
59.526,-1.672
59.585,-0.607
59.644,-1.236
59.703,-0.655
59.762,-0.752
59.822,-2.351
59.881,-1.624
59.94,-2.593
59.999,-2.254
60.058,-2.302
60.117,-2.06
60.177,-1.818
60.236,-2.205
60.295,-1.963
60.354,-3.562
60.413,-2.011
60.472,-2.108
60.532,-2.06
60.591,-1.236
60.65,-2.302
60.709,-1.866
60.768,-2.641
60.827,-2.98
60.887,-3.174
60.946,-2.593
61.005,-2.351
61.064,-2.787
61.123,-1.624
61.182,-2.641
61.242,-1.963
61.301,-2.011
61.36,-2.593
61.419,-1.769
61.478,-2.496
61.537,-2.06
61.597,-2.108
61.656,-1.091
61.715,-1.285
61.774,-1.43
61.833,-0.849
61.893,-2.157
61.952,-1.042
62.011,-1.672
62.07,-1.818
62.129,-1.091
62.188,-1.479
62.248,-0.703
62.307,-1.527
62.366,-1.139
62.425,-1.285
62.484,-0.219
62.543,-0.413
62.603,-0.849
62.662,-0.025
62.721,-1.527
62.78,-1.139
62.839,-1.769
62.898,-2.302
62.958,-2.157
63.017,-3.223
63.076,-3.029
63.135,-3.32
63.194,-2.351
63.253,-3.077
63.313,-2.69
63.372,-1.575
63.431,-1.769
63.49,-0.122
63.549,-0.655
63.608,-0.267
63.668,-0.025
63.727,-0.655
63.786,-0.703
63.845,-0.897
63.904,-0.267
63.963,-1.285
64.023,-0.316
64.082,-0.413
64.141,-0.897
64.2,-0.364
64.259,-1.963
64.319,-0.994
64.378,-0.946
64.437,-0.994
64.496,-0.703
64.555,-0.994
64.614,-1.042
64.674,-1.672
64.733,-0.607
64.792,-1.43
64.851,-1.333
64.91,-1.236
64.969,-1.866
65.029,-0.51
65.088,-1.382
65.147,-0.703
65.206,-0.267
65.265,0.362
65.324,0.556
65.384,0.169
65.443,0.266
65.502,-0.994
65.561,0.266
65.62,0.314
65.679,0.653
65.739,1.477
65.798,0.362
65.857,0.895
65.916,0.653
65.975,0.75
66.034,0.411
66.094,0.75
66.153,1.138
66.212,0.944
66.271,2.107
66.33,0.798
66.389,1.477
66.449,1.186
66.508,-0.074
66.567,0.653
66.626,0.12
66.685,0.653
66.745,0.798
66.804,1.38
66.863,0.944
66.922,0.702
66.981,1.574
67.04,0.508
67.1,1.622
67.159,1.138
67.218,1.283
67.277,2.058
67.336,1.234
67.395,1.622
67.455,0.992
67.514,0.895
67.573,0.362
67.632,0.992
67.691,1.428
67.75,0.992
67.81,2.01
67.869,0.653
67.928,1.283
67.987,1.477
68.046,1.186
68.105,1.913
68.165,1.525
68.224,2.3
68.283,2.155
68.342,3.124
68.401,2.203
68.46,2.397
68.52,2.252
68.579,1.041
68.638,2.203
68.697,1.719
68.756,1.864
68.815,1.961
68.875,1.767
68.934,2.349
68.993,2.01
69.052,2.203
69.111,1.041
69.171,1.719
69.23,1.719
69.289,1.477
69.348,2.882
69.407,2.155
69.466,2.785
69.526,2.543
69.585,2.591
69.644,2.688
69.703,2.349
69.762,2.688
69.821,2.397
69.881,3.463
69.94,2.446
69.999,2.688
70.058,2.93
70.117,1.913
70.176,2.785
70.236,2.107
70.295,2.446
70.354,2.446
70.413,2.01
70.472,1.816
70.531,1.283
70.591,1.574
70.65,0.411
70.709,1.864
70.768,1.622
70.827,1.767
70.886,2.494
70.946,1.38
71.005,2.3
71.064,1.138
71.123,0.605
71.182,-0.267
71.241,-0.122
71.301,0.169
71.36,0.072
71.419,1.864
71.478,1.041
71.537,1.283
71.597,0.702
71.656,0.023
71.715,1.234
71.774,0.895
71.833,1.186
71.892,0.798
71.952,1.283
72.011,0.798
72.07,0.362
72.129,0.944
72.188,-0.461
72.247,0.944
72.307,0.072
72.366,0.12
72.425,0.75
72.484,-0.074
72.543,0.362
72.602,-0.316
72.662,0.266
72.721,-0.51
72.78,-0.17
72.839,-0.413
72.898,-0.946
72.957,0.411
73.017,-0.607
73.076,-0.025
73.135,-0.655
73.194,-0.703
73.253,0.12
73.312,-0.316
73.372,0.072
73.431,-0.703
73.49,0.12
73.549,-0.655
73.608,-0.413
73.667,-0.074
73.727,-1.188
73.786,0.314
73.845,-1.285
73.904,-1.672
73.963,-1.285
74.023,-1.527
74.082,-0.752
74.141,-1.43
74.2,-0.8
74.259,-1.915
74.318,-1.042
74.378,-1.382
74.437,-1.624
74.496,-0.607
74.555,-1.672
74.614,-0.558
74.673,-0.994
74.733,-1.333
74.792,-0.849
74.851,-0.558
74.91,-0.752
74.969,-1.527
75.028,-0.8
75.088,-1.818
75.147,-1.624
75.206,-1.575
75.265,-2.496
75.324,-1.236
75.383,-2.205
75.443,-1.672
75.502,-1.866
75.561,-1.333
75.62,-1.139
75.679,-1.527
75.738,-1.139
75.798,-2.302
75.857,-1.527
75.916,-2.593
75.975,-2.787
76.034,-1.818
76.093,-2.593
76.153,-1.721
76.212,-2.399
76.271,-2.205
76.33,-2.351
76.389,-2.06
76.448,-1.818
76.508,-1.769
76.567,-0.461
76.626,-1.915
76.685,-1.382
76.744,-1.43
76.804,-1.818
76.863,-0.946
76.922,-1.43
76.981,-0.752
77.04,-0.8
77.099,-0.51
77.159,-0.946
77.218,-0.994
77.277,-0.703
77.336,-1.963
77.395,-0.607
77.454,-1.139
77.514,-0.8
77.573,-0.122
77.632,-0.219
77.691,0.362
77.75,-0.461
77.809,-0.316
77.869,-1.672
77.928,-1.188
77.987,-1.575
78.046,-1.963
78.105,-0.994
78.164,-2.69
78.224,-2.399
78.283,-2.98
78.342,-3.126
78.401,-2.544
78.46,-2.641
78.519,-1.721
78.579,-1.139
78.638,0.314
78.697,-0.267
78.756,-0.267
78.815,-0.461
78.874,-1.721
78.934,-0.703
78.993,-1.527
79.052,-0.946
79.111,-0.607
79.17,-0.752
79.23,-0.364
79.289,-1.188
79.348,-1.479
79.407,-2.544
79.466,-1.769
79.525,-1.818
79.585,-1.43
79.644,-0.316
79.703,-1.479
79.762,-1.236
79.821,-1.769
79.88,-1.915
79.94,-2.011
79.999,-1.915
80.058,-2.011
80.117,-1.866
80.176,-0.51
80.235,-1.769
80.295,-1.091
80.354,-0.558
80.413,-1.139
80.472,-0.219
80.531,-0.946
80.59,-0.51
80.65,-0.946
80.709,-0.461
80.768,-0.122
80.827,0.12
80.886,0.362
80.945,-0.897
81.005,0.169
81.064,-0.17
81.123,0.023
81.182,0.702
81.241,-0.17
81.3,0.992
81.36,0.508
81.419,0.508
81.478,0.217
81.537,0.653
81.596,0.411
81.656,-0.267
81.715,0.459
81.774,-0.122
81.833,0.508
81.892,0.411
81.951,-0.17
82.011,0.508
82.07,0.12
82.129,0.605
82.188,0.459
82.247,1.283
82.306,1.041
82.366,0.992
82.425,1.089
82.484,-0.025
82.543,1.186
82.602,0.217
82.661,0.217
82.721,0.653
82.78,0.411
82.839,1.089
82.898,0.508
82.957,0.702
83.016,-0.074
83.076,0.556
83.135,0.847
83.194,0.992
83.253,2.494
83.312,1.138
83.371,2.155
83.431,2.203
83.49,1.864
83.549,2.058
83.608,1.525
83.667,1.816
83.726,1.477
83.786,2.3
83.845,1.767
83.904,1.671
83.963,1.961
84.022,0.653
84.082,1.864
84.141,1.38
84.2,1.671
84.259,1.428
84.318,1.089
84.377,1.622
84.437,1.234
84.496,1.961
84.555,1.428
84.614,2.203
84.673,1.864
84.732,2.01
84.792,3.075
84.851,1.864
84.91,2.543
84.969,2.252
85.028,2.107
85.087,2.252
85.147,2.203
85.206,2.446
85.265,2.058
85.324,3.027
85.383,2.203
85.442,2.591
85.502,2.155
85.561,1.089
85.62,1.719
85.679,1.089
85.738,1.671
85.797,1.622
85.857,2.01
85.916,2.252
85.975,2.107
86.034,2.591
86.093,1.138
86.152,2.349
86.212,1.477
86.271,0.653
86.33,0.944
86.389,0.12
86.448,0.992
86.508,0.895
86.567,1.525
86.626,1.331
86.685,1.186
86.744,0.992
86.803,0.75
86.863,2.01
86.922,1.186
86.981,1.719
87.04,1.477
87.099,0.702
87.158,1.089
87.218,0.411
87.277,1.138
87.336,0.895
87.395,1.38
87.454,0.75
87.513,0.702
87.573,1.138
87.632,-0.461
87.691,0.702
87.75,-0.025
87.809,0.556
87.868,0.75
87.928,0.12
87.987,0.556
88.046,-0.316
88.105,-0.316
88.164,-0.703
88.223,-0.025
88.283,-0.267
88.342,-0.558
88.401,0.944
88.46,-0.122
88.519,0.75
88.578,-0.074
88.638,-0.946
88.697,-0.413
88.756,-0.461
88.815,-0.413
88.874,-0.413
88.934,0.847
88.993,-0.8
89.052,-1.382
89.111,-1.139
89.17,-1.818
89.229,-0.364
89.289,-1.43
89.348,-0.897
89.407,-0.703
89.466,-0.655
89.525,-0.655
89.584,-1.479
89.644,-0.8
89.703,-1.818
89.762,-0.655
89.821,-1.285
89.88,-1.333
89.939,0.411
89.999,-0.51
90.058,-0.316
90.117,-1.236
90.176,-1.382
90.235,-1.721
90.294,-2.011
90.354,-1.721
90.413,-1.915
90.472,-0.655
90.531,-2.157
90.59,-1.672
90.649,-1.769
90.709,-2.496
90.768,-1.188
90.827,-2.011
90.886,-1.382
90.945,-1.575
91.004,-1.769
91.064,-2.496
91.123,-3.029
91.182,-2.69
91.241,-3.513
91.3,-2.254
91.36,-3.077
91.419,-2.738
91.478,-1.866
91.537,-2.641
91.596,-1.769
91.655,-2.011
91.715,-1.818
91.774,-2.593
91.833,-2.108
91.892,-1.963
91.951,-2.011
92.01,-0.51
92.07,-1.624
92.129,-0.752
92.188,-1.139
92.247,-1.769
92.306,-1.236
92.365,-1.915
92.425,-1.188
92.484,-1.527
92.543,-0.8
92.602,-1.285
92.661,-1.236
92.72,-0.558
92.78,-1.285
92.839,-0.025
92.898,-1.285
92.957,-1.333
93.016,-1.042
93.075,-1.769
93.135,-1.285
93.194,-2.205
93.253,-2.254
93.312,-3.416
93.371,-3.077
93.43,-3.755
93.49,-3.465
93.549,-2.254
93.608,-3.271
93.667,-1.721
93.726,-1.188
93.786,-0.994
93.845,-0.752
93.904,-1.188
93.963,-0.703
94.022,-1.333
94.081,-0.51
94.141,-1.721
94.2,-0.994
94.259,-0.51
94.318,-1.769
94.377,-0.8
94.436,-1.818
94.496,-1.769
94.555,-2.108
94.614,-1.866
94.673,-1.479
94.732,-1.575
94.791,-1.091
94.851,-2.302
94.91,-1.672
94.969,-2.254
95.028,-2.157
95.087,-1.382
95.146,-2.496
95.206,-1.672
95.265,-1.769
95.324,-1.672
95.383,-1.915
95.442,-1.479
95.501,-0.849
95.561,-0.946
95.62,0.362
95.679,-0.8
95.738,-0.461
95.797,-0.897
95.856,-1.236
95.916,0.072
95.975,-0.267
96.034,0.072
96.093,-0.17
96.152,0.459
96.211,0.362
96.271,0.072
96.33,0.508
96.389,-0.51
96.448,1.041
96.507,0.459
96.567,0.459
96.626,1.234
96.685,0.653
96.744,0.847
96.803,-0.025
96.862,0.12
96.922,-0.219
96.981,0.556
97.04,0.508
97.099,0.605
97.158,1.719
97.217,0.362
97.277,1.186
97.336,1.283
97.395,0.75
97.454,1.525
97.513,0.992
97.572,1.283
97.632,1.234
97.691,1.913
97.75,0.992
97.809,0.653
97.868,0.992
97.927,0.023
97.987,1.477
98.046,0.702
98.105,0.798
98.164,0.992
98.223,1.089
98.282,1.574
98.342,1.622
98.401,2.01
98.46,1.477
98.519,2.639
98.578,2.397
98.637,2.349
98.697,3.366
98.756,2.107
98.815,2.639
98.874,2.349
98.933,1.961
98.993,2.446
99.052,2.058
99.111,2.252
99.17,1.864
99.229,2.979
99.288,2.3
99.348,2.639
99.407,2.3
99.466,0.992
99.525,2.203
99.584,1.574
99.643,2.203
99.703,2.785
99.762,2.882
99.821,2.93
99.88,2.591
99.939,3.221
99.998,2.058
100.058,2.93
100.117,2.543
100.176,2.639
100.235,3.754
100.294,2.736
100.353,3.318
100.413,2.979
100.472,2.979
100.531,2.688
100.59,2.736
100.649,2.688
100.708,2.494
100.768,3.221
100.827,1.913
100.886,2.494
100.945,2.446
101.004,1.864
101.063,2.93
101.123,2.155
101.182,2.688
101.241,2.494
101.3,2.785
101.359,2.058
101.419,0.992
101.478,0.702
101.537,-0.607
101.596,0.992
101.655,0.847
101.714,1.622
101.774,2.107
101.833,1.041
101.892,1.671
101.951,1.089
102.01,1.234
102.069,1.186
102.129,1.477
102.188,1.38
102.247,0.75
102.306,1.816
102.365,0.508
102.424,1.186
102.484,1.089
102.543,0.411
102.602,0.847
102.661,0.266
102.72,0.605
102.779,0.411
102.839,1.138
102.898,0.12
102.957,0.411
103.016,0.508
103.075,-0.752
103.134,0.266
103.194,-0.994
103.253,-0.607
103.312,-0.025
103.371,-0.219
103.43,-0.025
103.489,-0.607
103.549,0.169
103.608,-0.703
103.667,0.023
103.726,-0.364
103.785,-0.849
103.845,0.314
103.904,-0.8
103.963,-0.122
104.022,-0.413
104.081,-0.316
104.14,-1.091
104.2,-2.157
104.259,-1.769
104.318,-1.818
104.377,-0.51
104.436,-1.672
104.495,-1.188
104.555,-0.752
104.614,-2.06
104.673,-0.994
104.732,-2.011
104.791,-1.575
104.85,-1.479
104.91,-1.382
104.969,-1.382
105.028,-1.43
105.087,-0.703
105.146,-1.769
105.205,-0.849
105.265,-1.769
105.324,-1.866
105.383,-1.333
105.442,-2.593
105.501,-1.672
105.56,-2.157
105.62,-1.915
105.679,-2.351
105.738,-2.254
105.797,-2.06
105.856,-2.593
105.915,-0.897
105.975,-1.915
106.034,-1.139
106.093,-1.624
106.152,-2.69
106.211,-2.205
106.27,-3.32
106.33,-2.883
106.389,-2.883
106.448,-1.672
106.507,-2.351
106.566,-2.593
106.625,-2.108
106.685,-3.126
106.744,-1.527
106.803,-2.108
106.862,-1.866
106.921,-1.236
106.98,-2.06
107.039,-1.382
107.099,-1.575
107.158,-1.188
107.217,-1.624
107.276,-0.849
107.335,-1.091
107.394,-1.236
107.454,-0.267
107.513,-1.818
107.572,-0.946
107.631,-1.091
107.69,-1.188
107.749,-1.139
107.809,-1.382
107.868,-0.461
107.927,-0.461
107.986,0.362
108.045,-0.607
108.104,-0.655
108.163,-0.8
108.223,-2.593
108.282,-1.479
108.341,-2.06
108.4,-2.06
108.459,-2.302
108.518,-2.932
108.578,-2.787
108.637,-3.077
108.696,-2.302
108.755,-3.223
108.814,-1.382
108.873,-1.042
108.932,-0.51
108.992,0.605
109.051,-0.267
109.11,0.217
109.169,-0.558
109.228,-0.752
109.287,-0.752
109.347,-0.703
109.406,-0.316
109.465,-0.703
109.524,0.362
109.583,-0.8
109.642,-0.752
109.701,-1.139
109.761,-2.108
109.82,-1.042
109.879,-1.236
109.938,-0.461
109.997,-0.8
110.056,-0.849
110.116,-1.285
110.175,-1.236
110.234,-0.897
110.293,-2.06
110.352,-1.042
110.411,-1.382
110.471,-0.849
110.53,-0.219
110.589,-1.091
110.648,0.023
110.707,0.169
110.766,0.314
110.825,-0.364
110.885,0.169
110.944,-0.413
111.003,-0.267
111.062,1.428
111.121,0.266
111.18,0.992
111.24,0.653
111.299,0.023
111.358,0.847
111.417,0.169
111.476,1.089
111.535,0.798
111.594,1.719
111.654,1.234
111.713,1.234
111.772,1.38
111.831,0.12
111.89,1.089
111.949,-0.025
112.009,0.217
112.068,0.556
112.127,0.653
112.186,1.138
112.245,0.847
112.304,0.992
112.363,0.072
112.423,0.992
112.482,1.041
112.541,0.75
112.6,2.107
112.659,1.234
112.718,1.864
112.778,1.38
112.837,1.089
112.896,1.186
112.955,0.556
113.014,0.75
113.073,0.75
113.133,2.107
113.192,1.234
113.251,1.138
113.31,1.234
113.369,0.217
113.428,1.671
113.487,1.234
113.547,2.01
113.606,2.107
113.665,2.3
113.724,2.785
113.783,2.3
113.842,2.736
113.902,1.38
113.961,2.107
114.02,1.913
114.079,1.913
114.138,2.833
114.197,1.864
114.256,2.203
114.316,1.864
114.375,2.01
114.434,1.816
114.493,1.913
114.552,1.816
114.611,1.234
114.671,2.494
114.73,1.525
114.789,2.252
114.848,2.591
114.907,1.719
114.966,2.688
115.026,2.349
115.085,2.543
115.144,2.446
115.203,2.785
115.262,2.639
115.321,2.639
115.38,2.833
115.44,1.719
115.499,2.882
115.558,2.3
115.617,2.591
115.676,3.269
115.735,2.349
115.795,2.979
115.854,2.155
115.913,1.961
115.972,1.38
116.031,1.961
116.09,1.864
116.149,1.719
116.209,3.124
116.268,1.961
116.327,2.591
116.386,2.446
116.445,1.622
116.504,1.719
116.564,0.605
116.623,0.217
116.682,-0.074
116.741,0.847
116.8,0.508
116.859,1.186
116.918,1.622
116.978,0.072
117.037,0.798
117.096,0.169
117.155,0.798
117.214,1.525
117.273,1.041
117.333,1.186
117.392,0.411
117.451,0.798
117.51,0.072
117.569,0.508
117.628,0.459
117.688,0.362
117.747,1.234
117.806,0.023
117.865,0.798
117.924,0.266
117.983,0.023
118.042,-0.074
118.102,-0.17
118.161,0.12
118.22,-0.219
118.279,0.362
118.338,-0.752
118.397,-0.655
118.457,-0.17
118.516,-1.575
118.575,-0.461
118.634,-1.091
118.693,-0.413
118.752,-0.219
118.811,-0.316
118.871,-0.17
118.93,-0.849
118.989,-0.607
119.048,-1.382
119.107,-0.267
119.166,-0.752
119.226,-0.51
119.285,-0.316
119.344,-2.06
119.403,-1.382
119.462,-1.575
119.521,-1.091
119.58,-1.382
119.64,-1.285
119.699,-1.042
119.758,-1.188
119.817,-0.219
119.876,-1.43
119.935,-1.285
119.995,-0.897
120.054,-1.382
120.113,-0.849
120.172,-1.721
120.231,-0.703
120.29,-0.51
120.35,-0.558
120.409,-1.333
120.468,-1.769
120.527,-1.382
120.586,-3.077
120.645,-1.721
120.704,-2.108
120.764,-1.818
120.823,-1.333
120.882,-2.254
120.941,-1.721
121,-1.963
121.059,-1.479
121.119,-1.915

Machine Name,P29201A
Point Name,29VT-2007X
Wf Amp,5.959
Number of Revs,105.599998474121
X-Axis Unit,ms
Y-Axis Unit,µm 
Sample Speed, 3960 rpm
Sample Status,Valid
Timestamp,8/27/2023 11:37:11 AM
Variable,Disp Wf(500Hz)
X-Axis Value,Y-Axis Value
0,1.176
0.781,0.546
1.563,-0.326
2.344,-1.004
3.125,-1.198
3.906,-1.78
4.688,-2.361
5.469,-1.101
6.25,-1.586
7.031,-1.537
7.813,-1.004
8.594,-1.344
9.375,0.013
10.156,0.352
10.938,0.691
11.719,1.805
12.5,2.096
13.281,2.629
14.063,2.435
14.844,1.466
15.625,1.03
16.406,0.11
17.188,-0.811
17.969,-1.344
18.75,-1.683
19.531,-2.506
20.313,-1.634
21.094,-1.392
21.875,-1.925
22.656,-1.004
23.438,-1.44
24.219,-0.52
25,0.546
25.781,0.643
26.563,1.66
27.344,2.096
28.125,2.484
28.906,2.387
29.688,1.466
30.469,0.885
31.25,0.304
32.031,-0.423
32.813,-1.537
33.594,-1.683
34.375,-2.167
35.156,-2.167
35.938,-0.956
36.719,-1.683
37.5,-1.053
38.281,-0.762
39.063,-0.665
39.844,0.836
40.625,0.74
41.406,1.273
42.188,1.854
42.969,1.757
43.75,2.145
44.531,1.127
45.313,0.255
46.094,0.158
46.875,-0.326
47.656,-0.956
48.438,-1.101
49.219,-1.537
50,-1.877
50.781,-0.665
51.563,-1.053
52.344,-1.489
53.125,-1.15
53.906,-1.683
54.688,-0.472
55.469,0.013
56.25,-0.084
57.031,0.885
57.813,1.466
58.594,2.338
59.375,2.532
60.156,1.709
60.938,1.466
61.719,0.836
62.5,-0.229
63.281,-1.101
64.063,-1.78
64.844,-2.7
65.625,-2.07
66.406,-1.44
67.188,-2.264
67.969,-1.344
68.75,-1.44
69.531,-0.52
70.313,0.933
71.094,0.788
71.875,1.709
72.656,1.999
73.438,2.241
74.219,2.581
75,1.466
75.781,0.885
76.563,0.255
77.344,-0.375
78.125,-1.101
78.906,-1.537
79.688,-1.925
80.469,-2.167
81.25,-0.908
82.031,-1.634
82.813,-1.537
83.594,-1.004
84.375,-1.344
85.156,0.449
85.938,0.546
86.719,0.643
87.5,1.66
88.281,1.805
89.063,2.484
89.844,2.241
90.625,1.418
91.406,0.933
92.188,0.304
92.969,-0.375
93.75,-1.004
94.531,-1.537
95.313,-2.506
96.094,-1.537
96.875,-1.247
97.656,-2.022
98.438,-1.101
99.219,-1.489
100,-0.52
100.781,0.74
101.563,0.74
102.344,1.66
103.125,2.096
103.906,2.774
104.688,3.017
105.469,1.757
106.25,1.079
107.031,0.352
107.813,-0.617
108.594,-1.392
109.375,-1.489
110.156,-2.216
110.938,-2.119
111.719,-1.101
112.5,-1.828
113.281,-1.004
114.063,-0.762
114.844,-0.714
115.625,0.788
116.406,0.643
117.188,1.079
117.969,1.902
118.75,2.048
119.531,2.532
120.313,1.951
121.094,1.127
121.875,0.497
122.656,-0.229
123.438,-0.859
124.219,-1.101
125,-1.489
125.781,-2.119
126.563,-1.053
127.344,-1.344
128.125,-1.634
128.906,-0.908
129.688,-1.15
130.469,0.207
131.25,0.788
132.031,0.546
132.813,1.515
133.594,1.805
134.375,2.29
135.156,2.435
135.938,1.418
136.719,1.127
137.5,0.691
138.281,-0.132
139.063,-0.665
139.844,-1.101
140.625,-2.167
141.406,-1.683
142.188,-1.101
142.969,-1.973
143.75,-1.15
144.531,-1.198
145.313,-0.617
146.094,0.74
146.875,0.497
147.656,1.127
148.438,1.951
149.219,2.193
150,2.581
150.781,1.854
151.563,1.03
152.344,0.594
153.125,-0.084
153.906,-0.859
154.688,-1.198
155.469,-2.07
156.25,-2.409
157.031,-1.247
157.813,-1.78
158.594,-1.392
159.375,-0.859
160.156,-0.908
160.938,0.497
161.719,0.691
162.5,0.933
163.281,1.902
164.063,2.096
164.844,2.629
165.625,2.338
166.406,1.369
167.188,0.885
167.969,0.352
168.75,-0.617
169.531,-1.15
170.313,-1.537
171.094,-2.555
171.875,-1.537
172.656,-1.247
173.438,-1.78
174.219,-0.714
175,-1.053
175.781,-0.084
176.563,0.885
177.344,0.691
178.125,1.66
178.906,2.096
179.688,2.532
180.469,2.677
181.25,1.612
182.031,1.127
182.813,0.449
183.594,-0.375
184.375,-1.198
185.156,-1.489
185.938,-2.216
186.719,-2.022
187.5,-1.004
188.281,-1.925
189.063,-1.053
189.844,-0.859
190.625,-0.568
191.406,0.788
192.188,0.594
192.969,1.466
193.75,2.096
194.531,2.29
195.313,2.823
196.094,2.048
196.875,1.273
197.656,0.788
198.438,0.061
199.219,-0.908
200,-1.44
200.781,-1.925
201.563,-2.361
202.344,-0.956
203.125,-1.247
203.906,-1.392
204.688,-0.714
205.469,-1.198
206.25,0.255
207.031,0.836
207.813,0.691
208.594,1.757
209.375,1.999
210.156,2.532
210.938,2.338
211.719,1.369
212.5,1.03
213.281,0.304
214.063,-0.423
214.844,-1.247
215.625,-1.537
216.406,-2.167
217.188,-1.634
217.969,-1.053
218.75,-1.828
219.531,-0.908
220.313,-1.247
221.094,-0.568
221.875,0.74
222.656,0.594
223.438,1.612
224.219,2.096
225,2.338
225.781,2.677
226.563,1.902
227.344,1.224
228.125,0.546
228.906,-0.229
229.688,-1.198
230.469,-1.586
231.25,-2.216
232.031,-2.313
232.813,-0.956
233.594,-1.392
234.375,-0.956
235.156,-0.665
235.938,-0.665
236.719,0.74
237.5,0.643
238.281,0.933
239.063,1.466
239.844,1.466
240.625,2.241
241.406,1.66
242.188,0.885
242.969,0.74
243.75,-0.181
244.531,-0.859
245.313,-1.101
246.094,-1.683
246.875,-2.409
247.656,-1.198
248.438,-1.15
249.219,-1.683
250,-0.908
250.781,-1.392
251.563,-0.229
252.344,0.449
253.125,-0.084
253.906,0.836
254.688,1.369
255.469,1.854
256.25,2.241
257.031,1.563
257.813,1.127
258.594,0.643
259.375,-0.278
260.156,-1.004
260.938,-1.247
261.719,-2.361
262.5,-2.022
263.281,-1.101
264.063,-1.973
264.844,-0.956
265.625,-1.101
266.406,-0.811
267.188,0.933
267.969,0.691
268.75,1.224
269.531,2.048
270.313,2.145
271.094,2.677
271.875,1.854
272.656,0.933
273.438,0.401
274.219,-0.423
275,-1.101
275.781,-1.15
276.563,-1.731
277.344,-2.216
278.125,-0.908
278.906,-1.392
279.688,-1.247
280.469,-0.665
281.25,-1.053
282.031,0.255
282.813,0.401
283.594,0.352
284.375,1.369
285.156,1.805
285.938,2.532
286.719,2.29
287.5,1.612
288.281,1.176
289.063,0.352
289.844,-0.326
290.625,-1.004
291.406,-1.344
292.188,-2.167
292.969,-1.586
293.75,-1.053
294.531,-1.78
295.313,-0.811
296.094,-1.053
296.875,-0.472
297.656,0.594
298.438,0.255
299.219,1.127
300,1.805
300.781,2.145
301.563,2.629
302.344,2.096
303.125,1.418
303.906,0.788
304.688,-0.132
305.469,-0.908
306.25,-1.15
307.031,-2.07
307.813,-2.409
308.594,-1.344
309.375,-1.973
310.156,-1.586
310.938,-0.908
311.719,-0.908
312.5,0.691
313.281,0.885
314.063,1.224
314.844,2.29
315.625,2.338
316.406,2.823
317.188,2.145
317.969,1.03
318.75,0.449
319.531,-0.229
320.313,-1.053
321.094,-1.489
321.875,-1.828
322.656,-2.555
323.438,-1.44
324.219,-1.44
325,-1.634
325.781,-0.568
326.563,-1.004
327.344,0.158
328.125,0.74
328.906,0.352
329.688,1.418
330.469,1.612
331.25,2.048
332.031,2.193
332.813,1.273
333.594,1.03
334.375,0.449
335.156,-0.375
335.938,-0.908
336.719,-1.392
337.5,-2.313
338.281,-1.973
339.063,-1.247
339.844,-1.877
340.625,-0.956
341.406,-1.053
342.188,-0.568
342.969,0.74
343.75,0.497
344.531,1.273
345.313,1.805
346.094,2.048
346.875,2.629
347.656,1.805
348.438,1.224
349.219,0.691
350,-0.181
350.781,-1.004
351.563,-1.537
352.344,-2.119
353.125,-2.506
353.906,-1.247
354.688,-1.537
355.469,-1.489
356.25,-0.859
357.031,-1.247
357.813,0.158
358.594,0.594
359.375,0.546
360.156,1.563
360.938,1.66
361.719,2.145
362.5,1.951
363.281,1.127
364.063,0.836
364.844,0.207
365.625,-0.568
366.406,-1.392
367.188,-1.634
367.969,-2.361
368.75,-1.634
369.531,-1.101
370.313,-1.973
371.094,-1.053
371.875,-1.44
372.656,-0.811
373.438,0.304
374.219,0.255
375,1.224
375.781,1.805
376.563,2.435
377.344,2.677
378.125,1.854
378.906,1.466
379.688,0.594
380.469,-0.375
381.25,-1.44
382.031,-1.828
382.813,-2.506
383.594,-2.361
384.375,-1.247
385.156,-2.07
385.938,-1.247
386.719,-1.004
387.5,-0.714
388.281,0.933
389.063,0.74
389.844,1.321
390.625,1.951
391.406,1.854
392.188,2.193
392.969,1.563
393.75,0.691
394.531,0.304
395.313,-0.278
396.094,-0.956
396.875,-1.247
397.656,-1.537
398.438,-1.877
399.219,-0.714
400,-1.101
400.781,-1.392
401.563,-0.811
402.344,-1.198
403.125,0.013
403.906,0.352
404.688,0.158
405.469,1.127
406.25,1.369
407.031,2.096
407.813,2.29
408.594,1.515
409.375,1.224
410.156,0.788
410.938,0.061
411.719,-0.811
412.5,-1.344
413.281,-2.119
414.063,-1.78
414.844,-1.15
415.625,-2.07
416.406,-1.198
417.188,-1.44
417.969,-0.665
418.75,0.885
419.531,0.546
420.313,1.273
421.094,1.951
421.875,2.484
422.656,3.017
423.438,2.096
424.219,1.321
425,0.497
425.781,-0.326
426.563,-1.101
427.344,-1.683
428.125,-2.506
428.906,-2.749
429.688,-1.15
430.469,-1.634
431.25,-1.44
432.031,-0.617
432.813,-0.859
433.594,0.836
434.375,1.079
435.156,0.836
435.938,1.757
436.719,1.757
437.5,2.29
438.281,2.048
439.063,0.982
439.844,0.594
440.625,-0.132
441.406,-0.859
442.188,-1.15
442.969,-1.586
443.75,-2.458
444.531,-1.489
445.313,-1.344
446.094,-1.683
446.875,-0.568
447.656,-1.101
448.438,-0.132
449.219,0.982
450,0.643
450.781,1.273
451.563,1.66
452.344,2.048
453.125,2.338
453.906,1.515
454.688,0.836
455.469,0.352
456.25,-0.132
457.031,-0.714
457.813,-0.908
458.594,-1.925
459.375,-1.973
460.156,-0.956
460.938,-1.828
461.719,-1.101
462.5,-0.956
463.281,-1.004
464.063,0.546
464.844,0.449
465.625,0.836
466.406,1.757
467.188,1.951
467.969,2.581
468.75,2.29
469.531,1.563
470.313,0.836
471.094,0.013
471.875,-0.665
472.656,-1.101
473.438,-1.683
474.219,-2.361
475,-1.344
475.781,-1.537
476.563,-1.489
477.344,-0.568
478.125,-1.101
478.906,0.158
479.688,0.643
480.469,0.497
481.25,1.612
482.031,1.854
482.813,2.435
483.594,2.484
484.375,1.757
485.156,1.515
485.938,0.594
486.719,-0.278
487.5,-1.004
488.281,-1.44
489.063,-2.555
489.844,-2.216
490.625,-1.537
491.406,-2.313
492.188,-1.392
492.969,-1.198
493.75,-0.472
494.531,0.691
495.313,0.594
496.094,1.612
496.875,2.193
497.656,2.435
498.438,2.677
499.219,1.612
500,1.079
500.781,0.594
501.563,-0.472
502.344,-1.15
503.125,-1.44
503.906,-2.313
504.688,-2.458
505.469,-1.247
506.25,-1.828
507.031,-1.247
507.813,-0.665
508.594,-0.859
509.375,0.401
510.156,0.497
510.938,1.03
511.719,1.854
512.5,1.999
513.281,2.532
514.063,1.951
514.844,1.273
515.625,0.982
516.406,0.158
517.188,-0.859
517.969,-1.392
518.75,-1.586
519.531,-2.313
520.313,-1.392
521.094,-1.392
521.875,-1.925
522.656,-0.908
523.438,-1.15
524.219,-0.181
525,0.546
525.781,0.401
526.563,1.515
527.344,1.757
528.125,2.193
528.906,2.241
529.688,1.369
530.469,1.273
531.25,0.449
532.031,-0.326
532.813,-0.859
533.594,-1.392
534.375,-2.022
535.156,-1.828
535.938,-1.053
536.719,-1.683
537.5,-1.198
538.281,-1.053
539.063,-0.811
539.844,0.352
540.625,0.497
541.406,1.176
542.188,1.805
542.969,2.048
543.75,2.532
544.531,1.805
545.313,1.224
546.094,0.788
546.875,0.013
547.656,-0.714
548.438,-1.392
549.219,-1.683
550,-2.07
550.781,-0.956
551.563,-1.392
552.344,-1.683
553.125,-0.908
553.906,-1.053
554.688,0.158
555.469,0.449
556.25,0.546
557.031,1.515
557.813,1.709
558.594,2.387
559.375,2.193
560.156,1.418
560.938,1.224
561.719,0.643
562.5,-0.181
563.281,-0.956
564.063,-1.344
564.844,-2.264
565.625,-1.586
566.406,-1.344
567.188,-2.022
567.969,-1.15
568.75,-1.537
569.531,-0.375
570.313,0.788
571.094,0.594
571.875,1.805
572.656,2.338
573.438,2.726
574.219,3.21
575,2.145
575.781,1.224
576.563,0.643
577.344,-0.423
578.125,-1.392
578.906,-1.586
579.688,-2.409
580.469,-2.313
581.25,-0.859
582.031,-1.537
582.813,-1.004
583.594,-0.568
584.375,-0.423
585.156,1.03
585.938,0.885
586.719,1.03
587.5,1.515
588.281,1.466
589.063,2.241
589.844,1.709
590.625,0.836
591.406,0.546
592.188,0.013
592.969,-0.472
593.75,-0.762
594.531,-1.15
595.313,-2.119
596.094,-1.101
596.875,-1.15
597.656,-1.683
598.438,-0.956
599.219,-1.537
600,-0.278
600.781,0.546
601.563,0.546
602.344,1.563
603.125,1.854
603.906,2.532
604.688,2.629
605.469,1.66
606.25,1.176
607.031,0.352
607.813,-0.375
608.594,-1.101
609.375,-1.537
610.156,-2.409
610.938,-2.022
611.719,-1.053
612.5,-1.78
613.281,-0.859
614.063,-0.714
614.844,-0.375
615.625,0.74
616.406,0.691
617.188,1.273
617.969,1.709
618.75,2.096
619.531,2.677
620.313,2.145
621.094,1.273
621.875,0.546
622.656,0.013
623.438,-0.859
624.219,-1.198
625,-1.973
625.781,-2.506
626.563,-1.15
627.344,-1.683
628.125,-1.344
628.906,-0.665
629.688,-0.956
630.469,0.643
631.25,0.788
632.031,0.788
632.813,1.709
633.594,1.854
634.375,2.532
635.156,2.29
635.938,1.273
636.719,0.885
637.5,0.352
638.281,-0.326
639.063,-0.859
639.844,-1.247
640.625,-2.361
641.406,-1.683
642.188,-1.344
642.969,-1.973
643.75,-0.956
644.531,-1.15
645.313,-0.375
646.094,0.788
646.875,0.643
647.656,1.66
648.438,2.29
649.219,2.774
650,3.065
650.781,2.241
651.563,1.466
652.344,0.497
653.125,-0.278
653.906,-1.344
654.688,-1.78
655.469,-2.409
656.25,-2.458
657.031,-1.198
657.813,-1.78
658.594,-0.859
659.375,-0.52
660.156,-0.617
660.938,0.933
661.719,0.788
662.5,1.273
663.281,1.854
664.063,1.951
664.844,2.581
665.625,1.951
666.406,1.273
667.188,0.691
667.969,0.11
668.75,-0.472
669.531,-0.859
670.313,-1.344
671.094,-2.264
671.875,-1.198
672.656,-1.489
673.438,-1.634
674.219,-0.762
675,-1.344
675.781,-0.229
676.563,0.497
677.344,0.691
678.125,1.66
678.906,1.999
679.688,2.532
680.469,2.484
681.25,1.854
682.031,1.418
682.813,0.74
683.594,-0.132
684.375,-0.859
685.156,-0.956
685.938,-2.167
686.719,-1.925
687.5,-1.15
688.281,-2.119
689.063,-1.392
689.844,-1.44
690.625,-0.811
691.406,0.449
692.188,0.74
692.969,1.999
693.75,2.435
694.531,2.823
695.313,3.21
696.094,2.048
696.875,1.369
697.656,0.594
698.438,-0.423
699.219,-1.392
700,-1.828
700.781,-2.07
701.563,-2.119
702.344,-0.714
703.125,-1.101
703.906,-0.908
704.688,-0.375
705.469,-0.665
706.25,0.691
707.031,0.643
707.813,0.691
708.594,1.466
709.375,1.466
710.156,2.048
710.938,1.66
711.719,1.03
712.5,0.933
713.281,0.207
714.063,-0.472
714.844,-1.004
715.625,-1.344
716.406,-2.07
717.188,-1.392
717.969,-1.247
718.75,-1.925
719.531,-1.392
720.313,-1.78
721.094,-0.568
721.875,0.449
722.656,0.352
723.438,1.418
724.219,1.902
725,2.435
725.781,2.823
726.563,1.757
727.344,1.127
728.125,0.497
728.906,-0.52
729.688,-1.44
730.469,-1.731
731.25,-2.361
732.031,-2.119
732.813,-0.859
733.594,-1.586
734.375,-1.053
735.156,-1.004
735.938,-0.859
736.719,0.74
737.5,0.594
738.281,1.03
739.063,1.757
739.844,1.951
740.625,2.774
741.406,1.999
742.188,1.03
742.969,0.546
743.75,0.013
744.531,-0.714
745.313,-1.15
746.094,-1.44
746.875,-2.313
747.656,-1.101
748.438,-1.392
749.219,-1.78
750,-0.956
750.781,-1.44
751.563,0.11
752.344,0.885
753.125,1.03
753.906,2.241
754.688,2.29
755.469,2.871
756.25,2.726
757.031,1.563
757.813,0.933
758.594,-0.036
759.375,-0.956
760.156,-1.489
760.938,-1.586
761.719,-2.458
762.5,-1.731
763.281,-0.956
764.063,-1.634
764.844,-0.568
765.625,-0.811
766.406,-0.278
767.188,0.933
767.969,0.594
768.75,1.224
769.531,1.563
770.313,1.854
771.094,2.435
771.875,1.66
772.656,1.079
773.438,0.643
774.219,-0.229
775,-0.859
775.781,-0.908
776.563,-1.877
777.344,-2.119
778.125,-1.004
778.906,-1.973
779.688,-1.44
780.469,-1.101
781.25,-1.44
782.031,0.401
782.813,0.497
783.594,0.691
784.375,1.709
785.156,2.096
785.938,2.774
786.719,2.387
787.5,1.466
788.281,0.885
789.063,-0.084
789.844,-0.908
790.625,-1.247
791.406,-1.586
792.188,-2.555
792.969,-1.586
793.75,-1.344
794.531,-1.537
795.313,-0.423
796.094,-0.811
796.875,0.207
797.656,0.982
798.438,0.836
799.219,1.757
800,1.902
800.781,2.241
801.563,2.241
802.344,1.224
803.125,0.594
803.906,-0.036
804.688,-0.665
805.469,-1.101
806.25,-1.15
807.031,-1.925
807.813,-1.634
808.594,-0.908
809.375,-1.731
810.156,-1.004
810.938,-1.004
811.719,-0.859
812.5,0.352
813.281,0.11
814.063,0.643
814.844,1.612
815.625,2.193
816.406,2.774
817.188,2.241
817.969,1.709
818.75,1.176
819.531,0.304
820.313,-0.568
821.094,-1.15
821.875,-1.925
822.656,-2.506
823.438,-1.247
824.219,-1.78
825,-1.683
825.781,-0.714
826.563,-1.101
827.344,0.255
828.125,0.594
828.906,0.691
829.688,1.709
830.469,1.757
831.25,2.241
832.031,2.29
832.813,1.369
833.594,1.079
834.375,0.497
835.156,-0.472
835.938,-1.101
836.719,-1.44
837.5,-2.409
838.281,-1.731
839.063,-1.392
839.844,-2.022
840.625,-1.004
841.406,-1.053
842.188,-0.229
842.969,0.836
843.75,0.74
844.531,1.563
845.313,1.951
846.094,2.241
846.875,2.387
847.656,1.466
848.438,0.982
849.219,0.449
850,-0.278
850.781,-1.101
851.563,-1.392
852.344,-2.07
853.125,-2.022
853.906,-0.762
854.688,-1.683
855.469,-1.198
856.25,-0.956
857.031,-1.053
857.813,0.304
858.594,0.013
859.375,0.401
860.156,1.273
860.938,1.612
861.719,2.435
862.5,1.805
863.281,1.03
864.063,1.03
864.844,0.401
865.625,-0.617
866.406,-1.392
867.188,-1.828
867.969,-2.555
868.75,-1.634
869.531,-1.683
870.313,-2.07
871.094,-1.15
871.875,-1.44
872.656,-0.181
873.438,0.691
874.219,0.594
875,1.515
875.781,1.854
876.563,2.338
877.344,2.193
878.125,1.03
878.906,0.691
879.688,0.11
880.469,-0.665
881.25,-1.247
882.031,-1.683
882.813,-2.409
883.594,-1.828
884.375,-1.101
885.156,-1.877
885.938,-1.344
886.719,-1.44
887.5,-0.811
888.281,0.643
889.063,0.401
889.844,1.03
890.625,1.709
891.406,1.951
892.188,2.629
892.969,1.757
893.75,1.079
894.531,0.74
895.313,-0.084
896.094,-0.811
896.875,-1.247
897.656,-2.022
898.438,-2.313
899.219,-0.956
900,-1.44
900.781,-1.489
901.563,-0.811
902.344,-0.859
903.125,0.594
903.906,0.982
904.688,1.127
905.469,2.048
906.25,1.951
907.031,2.338
907.813,2.048
908.594,0.982
909.375,0.546
910.156,-0.229
910.938,-1.004
911.719,-1.392
912.5,-1.634
913.281,-2.313
914.063,-1.344
914.844,-1.004
915.625,-1.634
916.406,-0.762
917.188,-1.15
917.969,-0.326
918.75,0.497
919.531,0.255
920.313,1.273
921.094,1.515
921.875,1.999
922.656,2.532
923.438,1.563
924.219,1.176
925,0.691
925.781,-0.375
926.563,-1.101
927.344,-1.247
928.125,-2.264
928.906,-2.07
929.688,-1.15
930.469,-2.022
931.25,-1.15
932.031,-1.101
932.813,-0.908
933.594,0.643
934.375,0.401
935.156,0.933
935.938,1.757
936.719,1.902
937.5,2.581
938.281,1.951
939.063,1.079
939.844,0.885
940.625,-0.036
941.406,-0.956
942.188,-1.198
942.969,-1.828
943.75,-2.167
944.531,-1.247
945.313,-1.78
946.094,-1.683
946.875,-1.053
947.656,-1.198
948.438,0.11
949.219,0.497
950,0.594
950.781,1.612
951.563,1.999
952.344,2.532
953.125,2.387
953.906,1.369
954.688,0.885
955.469,0.304
956.25,-0.617
957.031,-1.344
957.813,-1.489
958.594,-2.313
959.375,-1.683
960.156,-1.198
960.938,-1.877
961.719,-0.714
962.5,-1.004
963.281,-0.278
964.063,0.933
964.844,0.449
965.625,1.176
966.406,1.757
967.188,2.096
967.969,2.241
968.75,1.563
969.531,0.933
970.313,0.594
971.094,0.11
971.875,-0.714
972.656,-0.762
973.438,-1.683
974.219,-1.877
975,-0.762
975.781,-1.683
976.563,-1.44
977.344,-1.004
978.125,-1.053
978.906,0.207
979.688,0.304
980.469,0.788
981.25,1.854
982.031,2.193
982.813,2.774
983.594,2.338
984.375,1.466
985.156,0.982
985.938,0.11
986.719,-0.762
987.5,-1.344
988.281,-1.877
989.063,-2.749
989.844,-1.586
990.625,-1.44
991.406,-1.586
992.188,-0.472
992.969,-0.811
993.75,0.304
994.531,1.273
995.313,1.127
996.094,1.66
996.875,1.805
997.656,2.096
998.438,1.805
999.219,0.933
1000,0.449
1000.781,-0.181
1001.563,-0.714
1002.344,-1.247
1003.125,-1.344
1003.906,-2.119
1004.688,-1.925
1005.469,-0.811
1006.25,-1.683
1007.031,-0.956
1007.813,-0.762
1008.594,-0.617
1009.375,0.691
1010.156,0.691
1010.938,1.127
1011.719,1.66
1012.5,1.805
1013.281,2.145
1014.063,1.466
1014.844,0.74
1015.625,0.497
1016.406,-0.084
1017.188,-0.811
1017.969,-0.908
1018.75,-1.537
1019.531,-2.07
1020.313,-0.762
1021.094,-1.392
1021.875,-1.489
1022.656,-0.811
1023.438,-1.198
1024.219,-0.084
1025,0.546
1025.781,0.691
1026.563,1.66
1027.344,1.951
1028.125,2.338
1028.906,2.338
1029.688,1.321
1030.469,1.079
1031.25,0.594
1032.031,-0.52
1032.813,-1.15
1033.594,-1.78
1034.375,-2.603
1035.156,-1.731
1035.938,-1.44
1036.719,-1.877
1037.5,-1.101
1038.281,-1.344
1039.063,-0.132
1039.844,1.079
1040.625,0.885
1041.406,1.805
1042.188,2.193
1042.969,2.581
1043.75,2.774
1044.531,1.854
1045.313,1.273
1046.094,0.497
1046.875,-0.278
1047.656,-1.053
1048.438,-1.586
1049.219,-2.07
1050,-2.07
1050.781,-1.004
1051.563,-1.537
1052.344,-1.247
1053.125,-1.004
1053.906,-0.811
1054.688,0.74
1055.469,0.74
1056.25,1.03
1057.031,1.951
1057.813,1.902
1058.594,2.338
1059.375,1.854
1060.156,1.079
1060.938,0.885
1061.719,0.061
1062.5,-0.714
1063.281,-1.15
1064.063,-1.683
1064.844,-2.361
1065.625,-1.15
1066.406,-1.053
1067.188,-1.344
1067.969,-0.568
1068.75,-0.859
1069.531,0.449
1070.313,1.03
1071.094,0.836
1071.875,1.612
1072.656,1.66
1073.438,2.048
1074.219,2.048
1075,1.079
1075.781,0.643
1076.563,0.013
1077.344,-0.568
1078.125,-1.101
1078.906,-1.15
1079.688,-1.925
1080.469,-1.683
1081.25,-0.762
1082.031,-1.537
1082.813,-0.908
1083.594,-1.15
1084.375,-0.908
1085.156,0.546
1085.938,0.11
1086.719,0.643
1087.5,1.466
1088.281,1.854
1089.063,2.532
1089.844,1.999
1090.625,1.321
1091.406,0.74
1092.188,0.013
1092.969,-0.714
1093.75,-1.101
1094.531,-1.828
1095.313,-2.264
1096.094,-1.198
1096.875,-1.925
1097.656,-1.731
1098.438,-1.198
1099.219,-1.392
1100,0.401
1100.781,0.546
1101.563,0.836
1102.344,1.999
1103.125,2.145
1103.906,2.823
1104.688,2.435
1105.469,1.369
1106.25,0.74
1107.031,-0.036
1107.813,-0.811
1108.594,-1.44
1109.375,-1.731
1110.156,-2.409
1110.938,-1.44
1111.719,-1.392
1112.5,-1.731
1113.281,-0.665
1114.063,-1.053
1114.844,-0.036
1115.625,0.836
1116.406,0.594
1117.188,1.273
1117.969,1.709
1118.75,2.193
1119.531,2.387
1120.313,1.418
1121.094,0.885
1121.875,0.352
1122.656,-0.52
1123.438,-1.053
1124.219,-1.344
1125,-2.313
1125.781,-2.07
1126.563,-1.053
1127.344,-1.877
1128.125,-1.101
1128.906,-1.004
1129.688,-1.053
1130.469,0.449
1131.25,0.255
1132.031,0.594
1132.813,1.418
1133.594,1.805
1134.375,2.484
1135.156,1.951
1135.938,1.176
1136.719,0.643
1137.5,-0.084
1138.281,-0.859
1139.063,-1.247
1139.844,-1.731
1140.625,-2.458
1141.406,-1.198
1142.188,-1.489
1142.969,-1.634
1143.75,-0.714
1144.531,-1.053
1145.313,0.061
1146.094,0.449
1146.875,0.352
1147.656,1.515
1148.438,1.854
1149.219,2.241
1150,2.193
1150.781,1.466
1151.563,0.982
1152.344,0.158
1153.125,-0.52
1153.906,-1.15
1154.688,-1.537
1155.469,-2.458
1156.25,-1.731
1157.031,-0.908
1157.813,-1.683
1158.594,-0.762
1159.375,-0.956
1160.156,-0.423
1160.938,0.74
1161.719,0.497
1162.5,1.369
1163.281,1.902
1164.063,2.29
1164.844,2.581
1165.625,1.466
1166.406,0.933
1167.188,0.449
1167.969,-0.229
1168.75,-0.956
1169.531,-1.15
1170.313,-1.828
1171.094,-2.167
1171.875,-0.859
1172.656,-1.586
1173.438,-1.44
1174.219,-1.004
1175,-1.053
1175.781,0.449
1176.563,0.643
1177.344,1.224
1178.125,2.145
1178.906,2.387
1179.688,3.017
1180.469,2.435
1181.25,1.369
1182.031,0.691
1182.813,-0.036
1183.594,-0.908
1184.375,-1.634
1185.156,-1.925
1185.938,-2.555
1186.719,-1.392
1187.5,-1.053
1188.281,-1.344
1189.063,-0.472
1189.844,-0.859
1190.625,0.255
1191.406,1.127
1192.188,1.03
1192.969,1.612
1193.75,1.66
1194.531,2.145
1195.313,2.048
1196.094,1.079
1196.875,0.74
1197.656,0.207
1198.438,-0.423
1199.219,-1.053
1200,-1.15
1200.781,-1.877
1201.563,-1.537
1202.344,-0.714
1203.125,-1.634
1203.906,-1.101
1204.688,-1.392
1205.469,-0.908
1206.25,0.449
1207.031,0.304
1207.813,1.079
1208.594,1.66
1209.375,2.048
1210.156,2.581
1210.938,1.999
1211.719,1.466
1212.5,0.836
1213.281,0.013
1214.063,-0.714
1214.844,-1.344
1215.625,-2.07
1216.406,-2.361
1217.188,-1.004
1217.969,-1.489
1218.75,-1.586
1219.531,-1.004
1220.313,-1.053
1221.094,0.643
1221.875,1.03
1222.656,1.176
1223.438,2.048
1224.219,2.048
1225,2.629
1225.781,2.29
1226.563,1.127
1227.344,0.643
1228.125,-0.036
1228.906,-0.811
1229.688,-1.247
1230.469,-1.537
1231.25,-2.313
1232.031,-1.489
1232.813,-1.004
1233.594,-1.586
1234.375,-0.859
1235.156,-1.15
1235.938,-0.278
1236.719,0.691
1237.5,0.401
1238.281,1.127
1239.063,1.418
1239.844,1.709
1240.625,2.29
1241.406,1.466
1242.188,0.885
1242.969,0.594
1243.75,-0.181
1244.531,-0.956
1245.313,-1.15
1246.094,-1.877
1246.875,-1.78
1247.656,-0.811
1248.438,-1.634
1249.219,-1.101
1250,-1.004
1250.781,-0.956
1251.563,0.546
1252.344,0.304
1253.125,0.691
1253.906,1.515
1254.688,1.709
1255.469,2.726
1256.25,2.387
1257.031,1.66
1257.813,1.224
1258.594,0.401
1259.375,-0.568
1260.156,-1.053
1260.938,-1.731
1261.719,-2.749
1262.5,-1.634
1263.281,-1.537
1264.063,-1.537
1264.844,-0.472
1265.625,-0.811
1266.406,0.546
1267.188,1.321
1267.969,1.079
1268.75,1.805
1269.531,1.757
1270.313,2.193
1271.094,2.435
1271.875,1.418
1272.656,0.982
1273.438,0.304
1274.219,-0.375
1275,-0.714
1275.781,-0.908
1276.563,-1.973
1277.344,-1.586
1278.125,-0.714
1278.906,-1.683
1279.688,-0.811
1280.469,-0.859
1281.25,-0.568
1282.031,0.594
1282.813,0.304
1283.594,0.885
1284.375,1.612
1285.156,2.096
1285.938,2.726
1286.719,2.241
1287.5,1.612
1288.281,0.885
1289.063,0.255
1289.844,-0.617
1290.625,-1.15
1291.406,-1.877
1292.188,-2.409
1292.969,-1.489
1293.75,-1.925
1294.531,-1.489
1295.313,-0.908
1296.094,-1.15
1296.875,0.546
1297.656,0.74
1298.438,0.933
1299.219,2.048
1300,2.145
1300.781,2.726
1301.563,2.484
1302.344,1.515
1303.125,0.885
1303.906,0.158
1304.688,-0.617
1305.469,-1.247
1306.25,-1.683
1307.031,-2.652
1307.813,-1.731
1308.594,-1.489
1309.375,-1.973
1310.156,-0.811
1310.938,-1.053
1311.719,0.061
1312.5,1.176
1313.281,0.982
1314.063,1.999
1314.844,2.435
1315.625,2.677
1316.406,2.677
1317.188,1.466
1317.969,0.74
1318.75,0.11
1319.531,-0.568
1320.313,-1.053
1321.094,-1.15
1321.875,-1.973
1322.656,-1.634
1323.438,-0.52
1324.219,-1.44
1325,-0.762
1325.781,-0.617
1326.563,-0.617
1327.344,0.546
1328.125,0.352
1328.906,0.836
1329.688,1.515
1330.469,1.951
1331.25,2.532
1332.031,1.757
1332.813,1.224
1333.594,0.788
1334.375,0.013
1335.156,-0.617
1335.938,-1.198
1336.719,-1.634
1337.5,-2.313
1338.281,-1.198
1339.063,-1.44
1339.844,-1.78
1340.625,-1.004
1341.406,-1.44
1342.188,-0.036
1342.969,0.691
1343.75,0.836
1344.531,1.999
1345.313,2.338
1346.094,2.92
1346.875,2.581
1347.656,1.515
1348.438,0.982
1349.219,0.061
1350,-0.665
1350.781,-1.392
1351.563,-1.828
1352.344,-2.555
1353.125,-1.78
1353.906,-0.908
1354.688,-1.634
1355.469,-0.714
1356.25,-0.908
1357.031,-0.423
1357.813,0.982
1358.594,0.691
1359.375,1.418
1360.156,1.951
1360.938,2.096
1361.719,2.532
1362.5,1.66
1363.281,1.079
1364.063,0.74
1364.844,0.061
1365.625,-0.714
1366.406,-1.101
1367.188,-1.877
1367.969,-2.119
1368.75,-1.004
1369.531,-1.828
1370.313,-1.634
1371.094,-1.198
1371.875,-1.15
1372.656,0.449
1373.438,0.74
1374.219,1.418
1375,2.338
1375.781,2.338
1376.563,2.871
1377.344,2.193
1378.125,1.369
1378.906,0.836
1379.688,-0.084
1380.469,-0.714
1381.25,-1.344
1382.031,-1.634
1382.813,-2.167
1383.594,-1.198
1384.375,-1.101
1385.156,-1.683
1385.938,-0.908
1386.719,-1.344
1387.5,-0.036
1388.281,0.885
1389.063,0.74
1389.844,1.805
1390.625,1.951
1391.406,2.435
1392.188,2.581
1392.969,1.418
1393.75,0.982
1394.531,0.449
1395.313,-0.375
1396.094,-1.15
1396.875,-1.537
1397.656,-2.313
1398.438,-1.973
1399.219,-1.053
1400,-1.877
1400.781,-1.247
1401.563,-1.15
1402.344,-0.568
1403.125,0.885
1403.906,0.691
1404.688,1.369
1405.469,2.048
1406.25,2.241
1407.031,2.774
1407.813,1.951
1408.594,1.03
1409.375,0.449
1410.156,-0.423
1410.938,-1.198
1411.719,-1.634
1412.5,-2.119
1413.281,-2.458
1414.063,-1.15
1414.844,-1.344
1415.625,-1.198
1416.406,-0.811
1417.188,-0.956
1417.969,0.594
1418.75,0.74
1419.531,0.643
1420.313,1.515
1421.094,1.66
1421.875,2.387
1422.656,2.338
1423.438,1.418
1424.219,1.03
1425,0.449
1425.781,-0.326
1426.563,-0.762
1427.344,-1.198
1428.125,-2.313
1428.906,-1.537
1429.688,-1.247
1430.469,-1.973
1431.25,-1.101
1432.031,-1.586
1432.813,-0.52
1433.594,0.691
1434.375,0.401
1435.156,1.418
1435.938,2.193
1436.719,2.774
1437.5,3.21
1438.281,2.145
1439.063,1.273
1439.844,0.691
1440.625,-0.132
1441.406,-1.004
1442.188,-1.392
1442.969,-2.313
1443.75,-2.458
1444.531,-1.198
1445.313,-1.78
1446.094,-1.15
1446.875,-0.762
1447.656,-0.665
1448.438,0.885
1449.219,1.03
1450,1.273
1450.781,1.902
1451.563,2.193
1452.344,2.726
1453.125,2.29
1453.906,1.466
1454.688,0.74
1455.469,0.013
1456.25,-0.617
1457.031,-1.053
1457.813,-1.634
1458.594,-2.458
1459.375,-1.247
1460.156,-1.44
1460.938,-1.634
1461.719,-0.52
1462.5,-1.101
1463.281,0.11
1464.063,1.03
1464.844,0.74
1465.625,1.66
1466.406,2.048
1467.188,2.435
1467.969,2.387
1468.75,1.418
1469.531,0.836
1470.313,0.158
1471.094,-0.423
1471.875,-0.956
1472.656,-1.15
1473.438,-2.022
1474.219,-1.586
1475,-1.004
1475.781,-1.877
1476.563,-1.004
1477.344,-1.392
1478.125,-0.859
1478.906,0.546
1479.688,0.304
1480.469,0.885
1481.25,1.563
1482.031,2.145
1482.813,2.726
1483.594,1.999
1484.375,1.418
1485.156,0.885
1485.938,-0.036
1486.719,-0.811
1487.5,-1.101
1488.281,-1.973
1489.063,-2.506
1489.844,-1.392
1490.625,-1.925
1491.406,-1.537
1492.188,-0.908
1492.969,-1.15
1493.75,0.449
1494.531,0.691
1495.313,1.224
1496.094,2.193
1496.875,2.338
1497.656,2.726
1498.438,2.193
1499.219,1.466
1500,0.594
1500.781,-0.084
1501.563,-0.859
1502.344,-1.634
1503.125,-1.586
1503.906,-2.458
1504.688,-1.634
1505.469,-1.101
1506.25,-1.586
1507.031,-0.472
1507.813,-0.956
1508.594,0.061
1509.375,1.03
1510.156,0.691
1510.938,1.612
1511.719,1.757
1512.5,2.145
1513.281,2.096
1514.063,1.224
1514.844,1.079
1515.625,0.449
1516.406,-0.375
1517.188,-1.053
1517.969,-1.053
1518.75,-1.78
1519.531,-1.731
1520.313,-0.714
1521.094,-1.586
1521.875,-0.762
1522.656,-0.762
1523.438,-0.811
1524.219,0.546
1525,0.401
1525.781,0.982
1526.563,1.757
1527.344,1.999
1528.125,2.435
1528.906,1.854
1529.688,1.515
1530.469,1.127
1531.25,0.352
1532.031,-0.568
1532.813,-0.956
1533.594,-1.537
1534.375,-2.313
1535.156,-1.101
1535.938,-1.586
1536.719,-1.731
1537.5,-0.956
1538.281,-1.344
1539.063,0.158
1539.844,0.691
1540.625,0.933
1541.406,1.951
1542.188,2.241
1542.969,2.774
1543.75,2.484
1544.531,1.805
1545.313,1.176
1546.094,0.304
1546.875,-0.568
1547.656,-1.44
1548.438,-1.586
1549.219,-2.264
1550,-1.489
1550.781,-0.908
1551.563,-1.731
1552.344,-0.859
1553.125,-1.004
1553.906,-0.52
1554.688,0.643
1555.469,0.449
1556.25,1.224
1557.031,1.757
1557.813,1.951
1558.594,2.387
1559.375,1.515
1560.156,1.127
1560.938,0.788
1561.719,-0.132
1562.5,-0.956
1563.281,-1.344
1564.063,-1.973
1564.844,-2.167
1565.625,-0.956
1566.406,-1.683
1567.188,-1.489
1567.969,-1.004
1568.75,-1.004
1569.531,0.497
1570.313,0.74
1571.094,1.079
1571.875,1.902
1572.656,2.048
1573.438,2.677
1574.219,2.241
1575,1.321
1575.781,0.885
1576.563,0.013
1577.344,-0.714
1578.125,-1.15
1578.906,-1.731
1579.688,-2.361
1580.469,-1.15
1581.25,-1.198
1582.031,-1.634
1582.813,-0.859
1583.594,-1.247
1584.375,0.061
1585.156,0.74
1585.938,0.546
1586.719,1.66
1587.5,1.902
1588.281,2.484
1589.063,2.774
1589.844,1.612
1590.625,1.079
1591.406,0.352
1592.188,-0.423
1592.969,-0.956
1593.75,-1.198
1594.531,-2.07
1595.313,-1.877
1596.094,-0.956
1596.875,-2.022
1597.656,-1.344
1598.438,-1.392
1599.219,-1.15

Machine Name,P29201A
Point Name,29VT-2003AY
Wf Amp,40.405
Number of Revs,8
X-Axis Unit,ms
Y-Axis Unit,µm 
Sample Speed, 3961 rpm
Sample Status,Valid
Timestamp,8/27/2023 11:37:13 AM
Variable,Disp Wf(256X/8revs).29KT-2014A
X-Axis Value,Y-Axis Value
0,15.138
0.059,15.041
0.118,15.186
0.178,15.38
0.237,15.331
0.296,14.799
0.355,15.041
0.414,15.138
0.473,15.089
0.533,15.089
0.592,15.186
0.651,15.428
0.71,15.428
0.769,15.525
0.828,15.961
0.888,16.01
0.947,15.913
1.006,15.719
1.065,15.671
1.124,15.767
1.183,15.283
1.243,15.186
1.302,15.477
1.361,15.428
1.42,15.138
1.479,14.799
1.538,14.508
1.598,14.653
1.657,14.75
1.716,15.525
1.775,15.089
1.834,14.605
1.893,14.072
1.953,15.041
2.012,15.235
2.071,15.283
2.13,13.975
2.189,13.684
2.248,13.781
2.308,14.556
2.367,14.217
2.426,13.927
2.485,12.764
2.544,12.473
2.604,12.667
2.663,13.49
2.722,13.006
2.781,12.715
2.84,11.892
2.899,12.473
2.959,12.425
3.018,13.49
3.077,12.909
3.136,12.715
3.195,11.262
3.254,11.456
3.314,11.456
3.373,12.037
3.432,11.262
3.491,10.971
3.55,9.905
3.609,9.809
3.669,9.082
3.728,9.469
3.787,9.324
3.846,9.276
3.905,7.725
3.964,8.064
4.024,7.871
4.083,9.276
4.142,8.016
4.201,7.435
4.26,5.933
4.319,6.563
4.379,5.933
4.438,6.611
4.497,5.255
4.556,3.995
4.615,1.815
4.674,2.009
4.734,1.718
4.793,2.251
4.852,0.991
4.911,0.846
4.97,-0.22
5.03,0.265
5.089,0.313
5.148,1.621
5.207,-0.075
5.266,-0.947
5.325,-2.255
5.385,-1.286
5.444,-1.625
5.503,-1.334
5.562,-3.369
5.621,-3.756
5.68,-5.646
5.74,-4.968
5.799,-5.452
5.858,-4.435
5.917,-6.13
5.976,-6.954
6.035,-8.068
6.095,-6.76
6.154,-6.76
6.213,-6.227
6.272,-6.954
6.331,-7.487
6.39,-8.407
6.45,-7.051
6.509,-6.276
6.568,-5.21
6.627,-6.179
6.686,-5.985
6.745,-6.566
6.805,-6.276
6.864,-8.311
6.923,-7.342
6.982,-7.923
7.041,-8.214
7.1,-10.2
7.16,-9.861
7.219,-10.394
7.278,-10.684
7.337,-12.961
7.396,-13.591
7.456,-14.076
7.515,-13.446
7.574,-14.56
7.633,-15.093
7.692,-16.062
7.751,-16.062
7.811,-16.401
7.87,-15.965
7.929,-16.643
7.988,-16.886
8.047,-18.291
8.106,-17.467
8.166,-17.273
8.225,-16.498
8.284,-17.225
8.343,-17.322
8.402,-18.533
8.461,-18.145
8.521,-18.097
8.58,-17.031
8.639,-17.128
8.698,-16.982
8.757,-17.515
8.816,-17.225
8.876,-17.515
8.935,-17.273
8.994,-17.225
9.053,-16.643
9.112,-16.982
9.171,-17.176
9.231,-18
9.29,-17.37
9.349,-17.661
9.408,-17.418
9.467,-17.612
9.526,-17.467
9.586,-17.854
9.645,-17.758
9.704,-17.661
9.763,-16.547
9.822,-16.837
9.882,-16.789
9.941,-17.031
10,-16.11
10.059,-15.529
10.118,-15.335
10.177,-15.432
10.237,-15.238
10.296,-15.19
10.355,-15.141
10.414,-14.899
10.473,-14.512
10.532,-14.948
10.592,-15.19
10.651,-14.802
10.71,-13.979
10.769,-13.785
10.828,-13.737
10.887,-13.494
10.947,-12.574
11.006,-12.089
11.065,-11.46
11.124,-11.411
11.183,-11.024
11.242,-11.072
11.302,-10.539
11.361,-9.667
11.42,-9.037
11.479,-8.94
11.538,-8.795
11.597,-8.02
11.657,-7.196
11.716,-6.857
11.775,-6.857
11.834,-6.712
11.893,-6.373
11.952,-5.84
12.012,-5.065
12.071,-4.193
12.13,-3.999
12.189,-4.435
12.248,-3.95
12.307,-2.885
12.367,-1.964
12.426,-1.819
12.485,-1.528
12.544,-1.431
12.603,-0.85
12.663,0.652
12.722,1.718
12.781,2.445
12.84,2.105
12.899,2.735
12.958,3.22
13.018,4.383
13.077,4.625
13.136,5.158
13.195,4.77
13.254,3.947
13.313,3.898
13.373,5.497
13.432,7.047
13.491,7.725
13.55,7.289
13.609,7.822
13.668,8.888
13.728,10.148
13.787,10.051
13.846,10.584
13.905,10.777
13.964,11.456
14.023,11.553
14.083,13.006
14.142,13.006
14.201,12.958
14.26,12.279
14.319,13.394
14.378,13.975
14.438,15.138
14.497,14.847
14.556,14.896
14.615,13.83
14.674,13.878
14.733,13.781
14.793,15.235
14.852,14.847
14.911,14.314
14.97,13.49
15.029,14.217
15.089,14.411
15.148,15.283
15.207,14.944
15.266,15.331
15.325,14.411
15.384,14.75
15.444,14.605
15.503,15.961
15.562,15.38
15.621,15.671
15.68,14.411
15.739,15.041
15.799,14.992
15.858,16.446
15.917,15.719
15.976,15.767
16.035,14.363
16.094,15.477
16.154,15.38
16.213,16.107
16.272,15.186
16.331,15.671
16.39,15.041
16.449,15.331
16.509,15.041
16.568,16.397
16.627,15.913
16.686,15.767
16.745,14.363
16.804,15.235
16.864,15.913
16.923,16.688
16.982,15.283
17.041,15.428
17.1,14.605
17.159,15.622
17.219,15.186
17.278,16.01
17.337,14.847
17.396,14.847
17.455,13.927
17.515,15.331
17.574,14.847
17.633,14.992
17.692,13.636
17.751,14.072
17.81,13.781
17.87,14.314
17.929,13.878
17.988,14.12
18.047,13.394
18.106,13.587
18.165,13.2
18.225,13.442
18.284,12.618
18.343,13.006
18.402,11.94
18.461,12.134
18.52,10.729
18.58,11.165
18.639,10.632
18.698,11.31
18.757,9.76
18.816,9.324
18.875,8.258
18.935,8.791
18.994,8.307
19.053,8.743
19.112,7.774
19.171,7.096
19.23,6.417
19.29,6.756
19.349,6.514
19.408,5.933
19.467,4.576
19.526,4.528
19.585,3.704
19.645,3.704
19.704,2.299
19.763,1.815
19.822,0.701
19.881,0.507
19.941,-0.317
20,0.071
20.059,-0.123
20.118,-0.075
20.177,-1.043
20.236,-0.704
20.296,-0.462
20.355,-1.14
20.414,-2.303
20.473,-2.206
20.532,-2.545
20.591,-3.272
20.651,-4.435
20.71,-4.774
20.769,-5.404
20.828,-5.937
20.887,-7.148
20.946,-7.487
21.006,-7.923
21.065,-7.826
21.124,-8.795
21.183,-9.037
21.242,-9.715
21.301,-9.57
21.361,-9.619
21.42,-9.376
21.479,-10.151
21.538,-10.684
21.597,-10.588
21.656,-9.861
21.716,-9.425
21.775,-9.183
21.834,-9.183
21.893,-9.183
21.952,-10.103
22.011,-11.072
22.071,-10.684
22.13,-10.345
22.189,-11.363
22.248,-11.896
22.307,-11.992
22.367,-11.944
22.426,-13.058
22.485,-14.173
22.544,-14.705
22.603,-14.802
22.662,-15.287
22.722,-15.674
22.781,-15.917
22.84,-16.45
22.899,-17.128
22.958,-17.031
23.017,-16.934
23.077,-17.467
23.136,-17.951
23.195,-18.436
23.254,-18.048
23.313,-17.951
23.372,-17.903
23.432,-17.758
23.491,-17.951
23.55,-18.872
23.609,-19.744
23.668,-19.066
23.727,-18
23.787,-18
23.846,-18.436
23.905,-18.484
23.964,-18.339
24.023,-18.436
24.082,-18.242
24.142,-18
24.201,-17.37
24.26,-17.758
24.319,-17.661
24.378,-17.661
24.437,-16.789
24.497,-17.079
24.556,-16.643
24.615,-16.547
24.674,-16.062
24.733,-16.353
24.793,-15.965
24.852,-15.578
24.911,-14.754
24.97,-15.045
25.029,-14.996
25.088,-14.851
25.148,-14.221
25.207,-13.397
25.266,-13.349
25.325,-13.979
25.384,-14.076
25.443,-14.415
25.503,-13.349
25.562,-13.155
25.621,-13.252
25.68,-14.802
25.739,-14.318
25.798,-14.173
25.858,-12.719
25.917,-12.913
25.976,-12.622
26.035,-13.446
26.094,-12.622
26.153,-12.332
26.213,-10.878
26.272,-11.169
26.331,-11.072
26.39,-11.896
26.449,-10.878
26.508,-10.345
26.568,-9.037
26.627,-9.425
26.686,-8.407
26.745,-8.747
26.804,-7.923
26.863,-7.778
26.923,-5.985
26.982,-6.034
27.041,-5.791
27.1,-6.373
27.159,-4.774
27.219,-4.193
27.278,-2.836
27.337,-3.466
27.396,-2.788
27.455,-3.369
27.514,-1.77
27.574,-1.431
27.633,-0.026
27.692,-0.704
27.751,-0.317
27.81,-0.075
27.869,1.912
27.929,2.251
27.988,3.365
28.047,2.881
28.106,3.462
28.165,3.074
28.224,4.673
28.284,4.964
28.343,5.594
28.402,3.753
28.461,4.286
28.52,4.286
28.579,6.611
28.639,6.708
28.698,8.307
28.757,8.452
28.816,9.13
28.875,8.597
28.934,10.002
28.994,10.584
29.053,12.086
29.112,11.746
29.171,12.425
29.23,11.843
29.289,12.812
29.349,12.812
29.408,14.072
29.467,13.781
29.526,14.023
29.585,13.733
29.645,15.331
29.704,15.428
29.763,15.477
29.822,14.169
29.881,14.896
29.94,14.75
30,15.525
30.059,14.847
30.118,15.574
30.177,14.944
30.236,15.089
30.295,14.556
30.355,15.331
30.414,15.235
30.473,15.671
30.532,14.799
30.591,14.75
30.65,14.169
30.71,14.992
30.769,15.235
30.828,15.235
30.887,14.363
30.946,14.605
31.005,14.75
31.065,15.525
31.124,15.235
31.183,15.816
31.242,14.896
31.301,15.041
31.36,14.363
31.42,15.38
31.479,15.331
31.538,15.138
31.597,14.12
31.656,14.702
31.715,14.992
31.775,15.38
31.834,14.411
31.893,14.169
31.952,14.508
32.011,14.896
32.07,14.944
32.13,14.896
32.189,14.411
32.248,14.556
32.307,14.508
32.366,14.944
32.426,14.266
32.485,14.169
32.544,13.733
32.603,14.411
32.662,14.023
32.721,13.442
32.781,12.522
32.84,12.57
32.899,12.57
32.958,12.328
33.017,11.698
33.076,11.65
33.136,11.553
33.195,11.456
33.254,11.843
33.313,11.843
33.372,11.601
33.431,11.117
33.491,11.359
33.55,11.746
33.609,11.698
33.668,11.456
33.727,10.826
33.786,11.117
33.846,11.02
33.905,11.117
33.964,10.39
34.023,10.293
34.082,9.809
34.141,10.148
34.201,10.148
34.26,9.76
34.319,9.324
34.378,9.276
34.437,9.566
34.496,8.694
34.556,8.307
34.615,8.064
34.674,7.919
34.733,7.096
34.792,6.32
34.852,5.594
34.911,4.818
34.97,3.995
35.029,3.171
35.088,2.978
35.147,2.881
35.207,2.832
35.266,2.59
35.325,2.299
35.384,2.493
35.443,2.154
35.502,1.96
35.562,1.718
35.621,1.766
35.68,0.797
35.739,0.555
35.798,-0.026
35.857,0.216
35.917,-0.608
35.976,-1.043
36.035,-2.158
36.094,-2.594
36.153,-2.981
36.212,-2.255
36.272,-2.933
36.331,-3.514
36.39,-4.629
36.449,-4.629
36.508,-4.289
36.567,-3.756
36.627,-4.725
36.686,-5.113
36.745,-5.598
36.804,-5.113
36.863,-5.016
36.922,-4.241
36.982,-4.629
37.041,-4.532
37.1,-6.663
37.159,-7.584
37.218,-8.117
37.278,-6.906
37.337,-8.262
37.396,-9.183
37.455,-10.83
37.514,-11.024
37.573,-12.235
37.633,-12.138
37.692,-13.494
37.751,-13.979
37.81,-15.045
37.869,-15.141
37.928,-15.723
37.988,-15.674
38.047,-16.256
38.106,-15.917
38.165,-16.982
38.224,-16.934
38.283,-17.37
38.343,-16.304
38.402,-17.128
38.461,-16.643
38.52,-17.515
38.579,-16.062
38.638,-17.176
38.698,-17.031
38.757,-18.145
38.816,-17.418
38.875,-18.097
38.934,-17.758
38.993,-18.097
39.053,-17.128
39.112,-18
39.171,-18.533
39.23,-19.889
39.289,-19.017
39.348,-18.678
39.408,-17.806
39.467,-18.775
39.526,-18.92
39.585,-20.083
39.644,-19.599
39.704,-19.163
39.763,-17.612
39.822,-18.872
39.881,-19.114
39.94,-20.18
39.999,-18.678
40.059,-18.242
40.118,-16.886
40.177,-18
40.236,-17.758
40.295,-18.387
40.354,-16.595
40.414,-16.11
40.473,-15.529
40.532,-16.353
40.591,-16.062
40.65,-16.353
40.709,-15.287
40.769,-15.384
40.828,-14.948
40.887,-15.723
40.946,-15.141
41.005,-15.432
41.064,-13.785
41.124,-13.591
41.183,-12.622
41.242,-13.494
41.301,-12.38
41.36,-12.671
41.419,-11.46
41.479,-11.75
41.538,-11.024
41.597,-11.556
41.656,-11.363
41.715,-11.411
41.774,-9.958
41.834,-9.57
41.893,-9.183
41.952,-9.909
42.011,-9.134
42.07,-8.747
42.13,-7.923
42.189,-8.02
42.248,-6.906
42.307,-6.954
42.366,-6.324
42.425,-5.937
42.485,-4.919
42.544,-4.871
42.603,-4.096
42.662,-3.853
42.721,-3.03
42.78,-3.175
42.84,-2.594
42.899,-1.77
42.958,-0.268
43.017,-0.123
43.076,0.41
43.135,0.701
43.195,2.057
43.254,2.493
43.313,2.832
43.372,3.171
43.431,3.85
43.49,3.462
43.55,3.365
43.609,3.414
43.668,4.237
43.727,4.818
43.786,5.981
43.845,6.32
43.905,7.241
43.964,7.483
44.023,8.016
44.082,8.113
44.141,8.791
44.2,9.276
44.26,10.535
44.319,10.681
44.378,10.971
44.437,10.826
44.496,11.601
44.556,11.795
44.615,12.037
44.674,12.861
44.733,13.539
44.792,14.508
44.851,14.217
44.911,14.12
44.97,14.072
45.029,14.314
45.088,14.799
45.147,15.235
45.206,15.331
45.266,15.428
45.325,15.574
45.384,15.477
45.443,16.107
45.502,16.349
45.561,16.736
45.621,16.979
45.68,16.882
45.739,16.543
45.798,16.494
45.857,17.027
45.916,17.657
45.976,17.463
46.035,16.543
46.094,17.027
46.153,17.512
46.212,17.851
46.271,17.657
46.331,17.705
46.39,17.512
46.449,17.366
46.508,17.415
46.567,17.657
46.626,17.948
46.686,17.56
46.745,17.366
46.804,17.318
46.863,17.609
46.922,17.705
46.982,17.512
47.041,17.512
47.1,17.318
47.159,17.705
47.218,17.657
47.277,17.996
47.337,17.512
47.396,17.754
47.455,17.415
47.514,17.705
47.573,16.833
47.632,16.688
47.692,17.172
47.751,17.269
47.81,16.155
47.869,15.622
47.928,15.38
47.987,15.671
48.047,15.235
48.106,15.138
48.165,14.314
48.224,14.023
48.283,13.297
48.342,14.217
48.402,14.556
48.461,14.508
48.52,13.2
48.579,12.958
48.638,12.618
48.697,13.587
48.757,13.006
48.816,13.103
48.875,11.746
48.934,11.31
48.993,10.971
49.052,12.037
49.112,11.262
49.171,10.681
49.23,9.082
49.289,9.421
49.348,9.373
49.408,10.099
49.467,9.324
49.526,9.033
49.585,7.677
49.644,7.289
49.703,6.805
49.763,7.774
49.822,6.514
49.881,5.933
49.94,4.237
49.999,3.995
50.058,2.638
50.118,3.074
50.177,1.766
50.236,1.815
50.295,0.216
50.354,0.652
50.413,0.555
50.473,1.234
50.532,0.313
50.591,0.119
50.65,-1.334
50.709,-1.431
50.768,-2.012
50.828,-1.334
50.887,-2.303
50.946,-3.224
51.005,-5.549
51.064,-4.968
51.123,-5.307
51.183,-5.065
51.242,-7.002
51.301,-7.293
51.36,-8.407
51.419,-7.681
51.478,-8.601
51.538,-7.681
51.597,-8.601
51.656,-8.601
51.715,-9.812
51.774,-8.989
51.834,-9.134
51.893,-8.262
51.952,-8.795
52.011,-8.359
52.07,-8.601
52.129,-7.632
52.189,-8.117
52.248,-8.165
52.307,-9.909
52.366,-9.764
52.425,-10.103
52.484,-9.861
52.544,-10.781
52.603,-10.394
52.662,-11.944
52.721,-12.428
52.78,-14.221
52.839,-14.076
52.899,-14.269
52.958,-13.737
53.017,-15.335
53.076,-16.159
53.135,-17.612
53.194,-16.256
53.254,-16.256
53.313,-16.11
53.372,-17.661
53.431,-18.097
53.49,-18.727
53.549,-17.903
53.609,-17.322
53.668,-16.643
53.727,-18
53.786,-18.291
53.845,-19.308
53.904,-18.387
53.964,-18.291
54.023,-17.467
54.082,-18.145
54.141,-18
54.2,-18.775
54.259,-18.145
54.319,-18.242
54.378,-17.709
54.437,-18.387
54.496,-18.291
54.555,-18.194
54.615,-17.564
54.674,-17.661
54.733,-17.854
54.792,-18.097
54.851,-17.564
54.91,-17.564
54.97,-17.128
55.029,-17.322
55.088,-16.982
55.147,-17.612
55.206,-17.176
55.265,-16.595
55.325,-16.159
55.384,-16.692
55.443,-16.789
55.502,-16.304
55.561,-15.384
55.62,-15.723
55.68,-15.626
55.739,-15.626
55.798,-15.287
55.857,-15.529
55.916,-15.045
55.975,-15.19
56.035,-15.045
56.094,-15.093
56.153,-14.318
56.212,-14.076
56.271,-13.737
56.33,-13.688
56.39,-13.204
56.449,-12.525
56.508,-12.041
56.567,-11.75
56.626,-11.508
56.685,-11.314
56.745,-10.781
56.804,-10.539
56.863,-9.715
56.922,-9.134
56.981,-8.698
57.041,-8.02
57.1,-7.293
57.159,-7.293
57.218,-7.002
57.277,-6.809
57.336,-5.888
57.396,-5.501
57.455,-5.307
57.514,-4.822
57.573,-4.435
57.632,-3.66
57.691,-3.611
57.751,-2.885
57.81,-2.497
57.869,-2.158
57.928,-1.867
57.987,-0.995
58.046,0.119
58.106,0.797
58.165,1.185
58.224,1.912
58.283,2.493
58.342,3.026
58.401,3.656
58.461,4.14
58.52,4.673
58.579,4.673
58.638,4.237
58.697,4.286
58.756,4.479
58.816,5.642
58.875,5.884
58.934,7.096
58.993,7.58
59.052,8.84
59.111,9.712
59.171,10.293
59.23,10.196
59.289,10.729
59.348,11.746
59.407,13.297
59.467,13.587
59.526,13.345
59.585,13.297
59.644,13.587
59.703,13.975
59.762,15.089
59.822,15.477
59.881,16.058
59.94,15.428
59.999,16.3
60.058,16.397
60.117,17.269
60.177,16.736
60.236,17.657
60.295,17.705
60.354,17.948
60.413,17.657
60.472,19.013
60.532,19.013
60.591,19.159
60.65,18.141
60.709,18.674
60.768,18.868
60.827,19.304
60.887,18.432
60.946,18.19
61.005,17.802
61.064,17.899
61.123,17.415
61.182,18.432
61.242,18.287
61.301,18.529
61.36,17.221
61.419,17.948
61.478,17.899
61.537,18.868
61.597,17.705
61.656,18.044
61.715,17.027
61.774,17.318
61.833,16.833
61.893,17.269
61.952,16.446
62.011,16.688
62.07,15.574
62.129,15.816
62.188,15.138
62.248,16.058
62.307,15.719
62.366,16.155
62.425,14.75
62.484,14.847
62.543,14.847
62.603,16.397
62.662,15.525
62.721,15.138
62.78,13.394
62.839,14.266
62.898,14.023
62.958,14.944
63.017,13.2
63.076,12.425
63.135,10.729
63.194,11.601
63.253,11.65
63.313,12.182
63.372,10.438
63.431,9.76
63.49,9.324
63.549,10.341
63.608,10.148
63.668,10.535
63.727,8.985
63.786,8.694
63.845,7.289
63.904,8.404
63.963,8.064
64.023,8.404
64.082,6.853
64.141,6.805
64.2,5.933
64.259,6.369
64.319,5.739
64.378,6.466
64.437,5.884
64.496,5.787
64.555,4.479
64.614,5.303
64.674,5.448
64.733,6.03
64.792,4.479
64.851,3.704
64.91,2.832
64.969,3.414
65.029,3.026
65.088,2.881
65.147,0.604
65.206,-0.365
65.265,-1.286
65.324,-0.704
65.384,-1.383
65.443,-1.237
65.502,-2.255
65.561,-2.012
65.62,-2.885
65.679,-1.819
65.739,-1.673
65.798,-1.77
65.857,-3.708
65.916,-3.708
65.975,-4.047
66.034,-3.563
66.094,-4.774
66.153,-5.307
66.212,-6.13
66.271,-6.518
66.33,-7.729
66.389,-7.584
66.449,-7.438
66.508,-7.487
66.567,-8.747
66.626,-9.279
66.685,-9.134
66.745,-8.359
66.804,-8.65
66.863,-8.553
66.922,-9.328
66.981,-9.183
67.04,-9.231
67.1,-7.971
67.159,-7.584
67.218,-7.535
67.277,-8.068
67.336,-7.438
67.395,-8.068
67.455,-9.183
67.514,-9.473
67.573,-9.328
67.632,-9.619
67.691,-10.151
67.75,-10.539
67.81,-10.927
67.869,-11.896
67.928,-12.768
67.987,-13.737
68.046,-13.301
68.105,-13.688
68.165,-14.076
68.224,-15.287
68.283,-15.529
68.342,-15.868
68.401,-15.481
68.46,-15.723
68.52,-16.11
68.579,-17.176
68.638,-17.515
68.697,-17.225
68.756,-16.401
68.815,-16.401
68.875,-16.692
68.934,-17.37
68.993,-18.242
69.052,-18.581
69.111,-17.806
69.171,-17.273
69.23,-17.564
69.289,-18.339
69.348,-18.678
69.407,-18.145
69.466,-17.709
69.526,-18.291
69.585,-18.775
69.644,-18.581
69.703,-17.951
69.762,-17.854
69.821,-17.951
69.881,-18.097
69.94,-18.339
69.999,-18.194
70.058,-17.709
70.117,-16.886
70.176,-17.176
70.236,-17.661
70.295,-17.758
70.354,-16.934
70.413,-16.498
70.472,-16.11
70.531,-16.45
70.591,-15.965
70.65,-15.917
70.709,-15.723
70.768,-15.868
70.827,-15.093
70.886,-14.705
70.946,-14.996
71.005,-15.384
71.064,-15.19
71.123,-15.335
71.182,-15.141
71.241,-14.754
71.301,-14.027
71.36,-13.979
71.419,-14.027
71.478,-13.737
71.537,-12.235
71.597,-11.944
71.656,-11.169
71.715,-11.944
71.774,-11.072
71.833,-10.927
71.892,-9.667
71.952,-9.473
72.011,-8.698
72.07,-8.747
72.129,-8.165
72.188,-7.342
72.247,-6.324
72.307,-6.179
72.366,-5.549
72.425,-5.791
72.484,-5.016
72.543,-5.016
72.602,-3.514
72.662,-3.175
72.721,-2.739
72.78,-3.563
72.839,-2.642
72.898,-2.061
72.957,-0.317
73.017,-1.14
73.076,-0.414
73.135,-1.237
73.194,0.119
73.253,0.652
73.312,2.881
73.372,2.881
73.431,3.074
73.49,2.202
73.549,3.753
73.608,4.576
73.667,5.981
73.727,5.545
73.786,5.206
73.845,3.85
73.904,4.77
73.963,5.594
74.023,7.919
74.082,8.161
74.141,8.549
74.2,7.919
74.259,10.051
74.318,10.002
74.378,11.407
74.437,11.214
74.496,12.182
74.555,11.65
74.614,13.006
74.673,12.861
74.733,14.266
74.792,13.49
74.851,13.781
74.91,13.297
74.969,14.556
75.028,15.235
75.088,16.397
75.147,15.477
75.206,14.992
75.265,13.781
75.324,15.186
75.383,15.574
75.443,16.494
75.502,14.799
75.561,14.896
75.62,14.411
75.679,15.864
75.738,15.138
75.798,16.155
75.857,15.235
75.916,15.622
75.975,14.653
76.034,15.767
76.093,15.719
76.153,16.397
76.212,15.767
76.271,15.864
76.33,15.477
76.389,16.349
76.448,16.736
76.508,17.609
76.567,16.979
76.626,16.736
76.685,15.767
76.744,16.93
76.804,17.124
76.863,17.512
76.922,16.446
76.981,16.3
77.04,15.767
77.099,16.591
77.159,16.494
77.218,16.93
77.277,15.719
77.336,15.331
77.395,14.992
77.454,16.3
77.514,16.203
77.573,15.864
77.632,14.944
77.691,14.847
77.75,14.702
77.809,15.138
77.869,14.411
77.928,14.266
77.987,13.587
78.046,13.781
78.105,13.539
78.164,13.442
78.224,12.425
78.283,12.522
78.342,12.279
78.401,12.618
78.46,11.698
78.519,11.989
78.579,11.795
78.638,12.086
78.697,11.843
78.756,11.989
78.815,11.843
78.874,11.31
78.934,10.923
78.993,11.02
79.052,10.923
79.111,10.535
79.17,9.857
79.23,10.051
79.289,9.421
79.348,9.227
79.407,8.452
79.466,8.452
79.525,8.355
79.585,8.113
79.644,7.58
79.703,7.483
79.762,7.047
79.821,7.144
79.88,6.417
79.94,6.03
79.999,5.109
80.058,4.576
80.117,4.286
80.176,3.753
80.235,3.123
80.295,1.573
80.354,0.701
80.413,0.071
80.472,-0.268
80.531,-0.656
80.59,-0.704
80.65,-0.656
80.709,-0.995
80.768,-1.286
80.827,-1.043
80.886,-0.608
80.945,-1.479
81.005,-1.916
81.064,-2.352
81.123,-2.497
81.182,-2.933
81.241,-3.369
81.3,-3.95
81.36,-4.822
81.419,-5.501
81.478,-6.13
81.537,-6.034
81.596,-6.034
81.656,-6.566
81.715,-7.148
81.774,-7.39
81.833,-7.681
81.892,-7.438
81.951,-7.342
82.011,-7.245
82.07,-8.214
82.129,-8.747
82.188,-8.456
82.247,-7.487
82.306,-7.39
82.366,-7.535
82.425,-7.729
82.484,-7.487
82.543,-8.504
82.602,-9.473
82.661,-9.279
82.721,-8.843
82.78,-10.055
82.839,-10.927
82.898,-11.411
82.957,-10.975
83.016,-12.041
83.076,-13.058
83.135,-14.512
83.194,-14.366
83.253,-14.851
83.312,-14.56
83.371,-15.384
83.431,-15.917
83.49,-17.031
83.549,-16.595
83.608,-16.595
83.667,-16.159
83.726,-17.37
83.786,-17.709
83.845,-18.194
83.904,-17.515
83.963,-17.612
84.022,-17.225
84.082,-17.951
84.141,-18.727
84.2,-19.744
84.259,-19.066
84.318,-18.727
84.377,-18.145
84.437,-19.26
84.496,-18.727
84.555,-19.986
84.614,-19.55
84.673,-20.277
84.732,-18.969
84.792,-19.453
84.851,-19.26
84.91,-20.471
84.969,-19.841
85.028,-20.035
85.087,-19.211
85.147,-19.599
85.206,-19.066
85.265,-20.083
85.324,-19.744
85.383,-19.986
85.442,-18.242
85.502,-18.484
85.561,-18.533
85.62,-19.502
85.679,-18.291
85.738,-18
85.797,-16.547
85.857,-17.273
85.916,-16.789
85.975,-17.467
86.034,-16.498
86.093,-16.401
86.152,-14.802
86.212,-15.481
86.271,-15.529
86.33,-16.643
86.389,-15.141
86.448,-14.318
86.508,-13.155
86.567,-13.64
86.626,-13.543
86.685,-13.882
86.744,-12.622
86.803,-11.896
86.863,-10.588
86.922,-11.46
86.981,-11.12
87.04,-11.799
87.099,-9.764
87.158,-9.328
87.218,-7.438
87.277,-8.165
87.336,-7.342
87.395,-7.729
87.454,-6.082
87.513,-5.549
87.573,-4.338
87.632,-5.21
87.691,-4.435
87.75,-4.047
87.809,-2.448
87.868,-2.206
87.928,-1.286
87.987,-1.479
88.046,-0.656
88.105,-0.365
88.164,1.137
88.223,1.427
88.283,2.687
88.342,2.396
88.401,3.753
88.46,3.947
88.519,5.4
88.578,5.448
88.638,6.708
88.697,6.224
88.756,6.369
88.815,6.32
88.874,7.822
88.934,7.241
88.993,6.853
89.052,6.224
89.111,7.338
89.17,8.5
89.229,9.712
89.289,10.148
89.348,11.068
89.407,11.068
89.466,11.456
89.525,11.456
89.584,12.812
89.644,12.958
89.703,13.733
89.762,13.345
89.821,13.83
89.88,13.684
89.939,14.217
89.999,14.169
90.058,14.896
90.117,14.896
90.176,15.671
90.235,16.252
90.294,16.446
90.354,16.203
90.413,16.3
90.472,16.252
90.531,16.833
90.59,16.736
90.649,16.93
90.709,16.833
90.768,17.027
90.827,16.494
90.886,16.688
90.945,16.688
91.004,16.882
91.064,16.446
91.123,16.349
91.182,15.767
91.241,16.058
91.3,15.864
91.36,16.397
91.419,15.961
91.478,15.525
91.537,15.961
91.596,16.591
91.655,16.64
91.715,16.203
91.774,15.961
91.833,16.01
91.892,16.397
91.951,16.203
92.01,15.961
92.07,15.913
92.129,15.622
92.188,15.138
92.247,15.428
92.306,16.058
92.365,15.816
92.425,15.331
92.484,14.75
92.543,15.331
92.602,15.961
92.661,16.203
92.72,16.252
92.78,15.913
92.839,15.816
92.898,15.864
92.957,16.107
93.016,16.155
93.075,15.816
93.135,15.38
93.194,15.622
93.253,15.477
93.312,15.283
93.371,15.041
93.43,14.75
93.49,14.556
93.549,14.266
93.608,14.12
93.667,14.314
93.726,14.023
93.786,13.927
93.845,14.12
93.904,14.314
93.963,13.781
94.022,13.442
94.081,13.442
94.141,13.733
94.2,12.812
94.259,12.715
94.318,12.231
94.377,12.57
94.436,11.94
94.496,11.892
94.555,11.407
94.614,11.068
94.673,10.293
94.732,10.826
94.791,10.826
94.851,10.681
94.91,9.179
94.969,9.227
95.028,9.13
95.087,9.373
95.146,8.113
95.206,7.677
95.265,6.708
95.324,6.611
95.383,5.642
95.442,5.4
95.501,3.947
95.561,3.607
95.62,1.815
95.679,2.009
95.738,1.815
95.797,2.396
95.856,1.573
95.916,1.621
95.975,0.507
96.034,1.185
96.093,0.022
96.152,0.458
96.211,-0.511
96.271,-0.753
96.33,-2.352
96.389,-2.4
96.448,-3.321
96.507,-2.788
96.567,-3.611
96.626,-4.193
96.685,-6.082
96.744,-5.743
96.803,-5.84
96.862,-5.113
96.922,-6.324
96.981,-6.906
97.04,-8.02
97.099,-7.148
97.158,-7.342
97.217,-6.663
97.277,-7.826
97.336,-7.487
97.395,-8.456
97.454,-7.002
97.513,-6.954
97.572,-5.743
97.632,-7.051
97.691,-7.875
97.75,-9.667
97.809,-8.504
97.868,-8.795
97.927,-8.698
97.987,-10.103
98.046,-10.491
98.105,-12.089
98.164,-12.332
98.223,-13.252
98.282,-13.01
98.342,-14.463
98.401,-14.754
98.46,-16.401
98.519,-15.917
98.578,-16.692
98.637,-16.062
98.697,-17.225
98.756,-17.322
98.815,-18.92
98.874,-18.63
98.933,-18.872
98.993,-17.758
99.052,-18.823
99.111,-18.872
99.17,-19.647
99.229,-19.211
99.288,-20.131
99.348,-20.083
99.407,-20.228
99.466,-20.035
99.525,-20.858
99.584,-20.228
99.643,-20.374
99.703,-19.55
99.762,-20.664
99.821,-20.471
99.88,-21.1
99.939,-19.841
99.998,-20.035
100.058,-19.114
100.117,-20.277
100.176,-20.277
100.235,-21.052
100.294,-19.599
100.353,-19.163
100.413,-18.969
100.472,-20.18
100.531,-20.18
100.59,-20.035
100.649,-19.017
100.708,-18.63
100.768,-18.097
100.827,-18.823
100.886,-18.63
100.945,-17.903
101.004,-16.498
101.063,-16.74
101.123,-16.498
101.182,-17.079
101.241,-16.304
101.3,-16.014
101.359,-15.432
101.419,-15.917
101.478,-15.723
101.537,-15.771
101.596,-14.851
101.655,-14.463
101.714,-13.349
101.774,-13.446
101.833,-13.155
101.892,-12.719
101.951,-11.508
102.01,-11.314
102.069,-11.024
102.129,-10.539
102.188,-9.812
102.247,-9.667
102.306,-9.279
102.365,-8.456
102.424,-7.196
102.484,-7.342
102.543,-6.906
102.602,-6.809
102.661,-5.888
102.72,-5.549
102.779,-5.113
102.839,-4.725
102.898,-4.047
102.957,-3.563
103.016,-2.836
103.075,-2.352
103.134,-2.109
103.194,-1.722
103.253,-1.092
103.312,-0.462
103.371,-0.075
103.43,0.119
103.489,0.701
103.549,1.67
103.608,2.348
103.667,2.978
103.726,3.559
103.785,3.947
103.845,4.14
103.904,4.334
103.963,5.4
104.022,5.981
104.081,5.497
104.14,4.964
104.2,5.448
104.259,6.078
104.318,6.902
104.377,8.161
104.436,8.985
104.495,9.712
104.555,9.712
104.614,10.196
104.673,10.584
104.732,11.359
104.791,11.94
104.85,12.57
104.91,12.57
104.969,12.473
105.028,12.328
105.087,13.151
105.146,13.587
105.205,13.49
105.265,13.297
105.324,13.781
105.383,14.459
105.442,14.411
105.501,13.975
105.56,13.927
105.62,13.345
105.679,13.733
105.738,13.636
105.797,13.975
105.856,13.733
105.915,13.781
105.975,13.248
106.034,13.49
106.093,13.442
106.152,14.217
106.211,13.975
106.27,14.411
106.33,13.442
106.389,13.442
106.448,13.83
106.507,14.653
106.566,14.266
106.625,14.023
106.685,13.878
106.744,14.459
106.803,14.023
106.862,15.041
106.921,14.847
106.98,14.944
107.039,13.539
107.099,14.169
107.158,14.508
107.217,15.913
107.276,14.459
107.335,14.556
107.394,14.072
107.454,15.186
107.513,14.896
107.572,15.671
107.631,15.041
107.69,15.041
107.749,14.508
107.809,15.283
107.868,15.428
107.927,15.961
107.986,14.992
108.045,15.477
108.104,14.653
108.163,15.041
108.223,14.411
108.282,15.913
108.341,15.671
108.4,15.913
108.459,14.363
108.518,14.702
108.578,14.75
108.637,16.058
108.696,15.331
108.755,15.477
108.814,13.83
108.873,14.556
108.932,14.653
108.992,16.3
109.051,15.428
109.11,14.944
109.169,13.49
109.228,14.411
109.287,14.363
109.347,14.992
109.406,13.878
109.465,13.587
109.524,12.473
109.583,13.2
109.642,12.909
109.701,13.394
109.761,11.795
109.82,11.65
109.879,10.777
109.938,11.504
109.997,10.341
110.056,10.777
110.116,9.712
110.175,9.663
110.234,7.58
110.293,7.822
110.352,7.58
110.411,8.016
110.471,6.078
110.53,5.594
110.589,3.947
110.648,3.704
110.707,2.978
110.766,3.51
110.825,2.299
110.885,1.96
110.944,0.797
111.003,1.912
111.062,1.96
111.121,2.493
111.18,1.185
111.24,0.555
111.299,-0.365
111.358,0.022
111.417,-0.511
111.476,-0.462
111.535,-1.916
111.594,-2.691
111.654,-3.805
111.713,-3.466
111.772,-4.096
111.831,-4.532
111.89,-5.452
111.949,-5.549
112.009,-6.615
112.068,-6.566
112.127,-6.76
112.186,-6.469
112.245,-7.293
112.304,-7.535
112.363,-8.311
112.423,-7.971
112.482,-8.068
112.541,-7.584
112.6,-7.875
112.659,-7.729
112.718,-8.262
112.778,-7.778
112.837,-9.037
112.896,-9.861
112.955,-10.733
113.014,-10.394
113.073,-11.072
113.133,-11.314
113.192,-12.332
113.251,-12.865
113.31,-13.688
113.369,-14.657
113.428,-15.384
113.487,-16.014
113.547,-16.014
113.606,-16.498
113.665,-17.515
113.724,-17.806
113.783,-17.951
113.842,-17.564
113.902,-18.242
113.961,-18.581
114.02,-19.163
114.079,-19.066
114.138,-19.26
114.197,-18.823
114.256,-18.727
114.316,-18.63
114.375,-19.695
114.434,-20.131
114.493,-20.228
114.552,-19.647
114.611,-19.647
114.671,-20.083
114.73,-19.938
114.789,-19.938
114.848,-19.792
114.907,-19.986
114.966,-20.18
115.026,-19.986
115.085,-20.035
115.144,-19.502
115.203,-19.114
115.262,-19.308
115.321,-19.792
115.38,-19.55
115.44,-19.017
115.499,-18.048
115.558,-18.242
115.617,-18.339
115.676,-18.387
115.735,-17.951
115.795,-16.934
115.854,-16.256
115.913,-15.723
115.972,-16.062
116.031,-15.481
116.09,-14.705
116.149,-14.027
116.209,-13.785
116.268,-13.543
116.327,-13.252
116.386,-13.204
116.445,-13.494
116.504,-13.01
116.564,-12.525
116.623,-12.768
116.682,-13.204
116.741,-12.865
116.8,-11.944
116.859,-11.169
116.918,-11.314
116.978,-10.975
117.037,-10.83
117.096,-10.491
117.155,-10.636
117.214,-9.522
117.273,-9.183
117.333,-9.086
117.392,-10.006
117.451,-8.989
117.51,-8.262
117.569,-6.906
117.628,-7.051
117.688,-6.712
117.747,-6.76
117.806,-6.179
117.865,-5.84
117.924,-4.241
117.983,-3.756
118.042,-3.369
118.102,-3.611
118.161,-2.352
118.22,-1.964
118.279,-0.947
118.338,-0.656
118.397,0.701
118.457,0.071
118.516,0.604
118.575,0.846
118.634,2.638
118.693,3.171
118.752,3.947
118.811,3.171
118.871,4.334
118.93,4.818
118.989,6.078
119.048,5.884
119.107,6.466
119.166,5.594
119.226,6.078
119.285,5.206
119.344,6.369
119.403,6.175
119.462,7.096
119.521,7.192
119.58,8.258
119.64,8.646
119.699,9.857
119.758,9.518
119.817,9.76
119.876,9.13
119.935,11.02
119.995,11.456
120.054,12.667
120.113,11.504
120.172,12.134
120.231,11.601
120.29,12.715
120.35,12.667
120.409,14.459
120.468,14.314
120.527,14.702
120.586,13.587
120.645,14.266
120.704,14.508
120.764,15.525
120.823,14.75
120.882,15.331
120.941,13.975
121,14.847
121.059,15.041
121.119,16.203

