Machine Name,P29201A
Point Name,29VT-2003AX
Wf Amp,59.589
Number of Revs,8
X-Axis Unit,ms
Y-Axis Unit,µm 
Sample Speed, 4762 rpm
Sample Status,Valid
Timestamp,7/25/2026 1:40:10 PM
Variable,Disp Wf(256X/8revs).29KT-2014A
X-Axis Value,Y-Axis Value
0,-21.829
0.049,-21.781
0.098,-21.829
0.148,-22.265
0.197,-22.701
0.246,-23.331
0.295,-23.961
0.345,-24.978
0.394,-25.317
0.443,-25.414
0.492,-25.995
0.541,-26.48
0.591,-26.819
0.64,-27.158
0.689,-27.158
0.738,-27.497
0.787,-27.691
0.837,-28.273
0.886,-28.369
0.935,-28.273
0.984,-28.563
1.034,-28.515
1.083,-28.612
1.132,-28.708
1.181,-28.66
1.23,-28.612
1.28,-28.515
1.329,-28.321
1.378,-28.321
1.427,-28.418
1.477,-28.708
1.526,-28.127
1.575,-27.691
1.624,-27.401
1.673,-27.207
1.723,-27.352
1.772,-27.304
1.821,-27.401
1.87,-27.255
1.919,-27.546
1.969,-27.643
2.018,-27.304
2.067,-27.158
2.116,-27.158
2.166,-26.819
2.215,-26.383
2.264,-25.802
2.313,-25.463
2.362,-24.93
2.412,-24.494
2.461,-23.719
2.51,-23.331
2.559,-22.992
2.609,-22.701
2.658,-22.556
2.707,-22.459
2.756,-21.974
2.805,-21.635
2.855,-21.151
2.904,-20.666
2.953,-20.085
3.002,-19.794
3.052,-19.407
3.101,-19.068
3.15,-18.583
3.199,-17.953
3.248,-17.663
3.298,-17.324
3.347,-16.791
3.396,-16.064
3.445,-15.628
3.494,-15.967
3.544,-15.434
3.593,-14.611
3.642,-13.787
3.691,-13.157
3.741,-12.382
3.79,-11.51
3.839,-10.735
3.888,-9.814
3.937,-9.039
3.987,-8.458
4.036,-7.634
4.085,-7.344
4.134,-6.762
4.184,-5.793
4.233,-4.727
4.282,-4.098
4.331,-3.662
4.38,-2.693
4.43,-1.966
4.479,-1.094
4.528,-0.125
4.577,0.796
4.626,1.522
4.676,1.91
4.725,2.685
4.774,3.363
4.823,3.896
4.873,4.477
4.922,4.962
4.971,5.495
5.02,5.931
5.069,6.173
5.119,6.851
5.168,7.481
5.217,8.595
5.266,9.516
5.316,10.097
5.365,10.485
5.414,10.63
5.463,11.987
5.512,13.44
5.562,14.409
5.611,15.039
5.66,15.136
5.709,15.766
5.758,16.298
5.808,16.686
5.857,17.074
5.906,17.413
5.955,17.897
6.005,18.382
6.054,19.06
6.103,19.399
6.152,19.738
6.201,20.416
6.251,21.095
6.3,22.015
6.349,22.306
6.398,22.742
6.448,23.372
6.497,23.759
6.546,24.244
6.595,24.68
6.644,25.358
6.694,25.406
6.743,25.406
6.792,25.503
6.841,25.213
6.89,25.649
6.94,25.842
6.989,25.794
7.038,26.036
7.087,25.939
7.137,26.23
7.186,26.521
7.235,27.005
7.284,27.441
7.333,27.635
7.383,27.441
7.432,27.102
7.481,27.296
7.53,27.441
7.58,27.102
7.629,26.666
7.678,26.327
7.727,26.23
7.776,26.085
7.826,25.939
7.875,25.939
7.924,26.182
7.973,26.811
8.022,26.618
8.072,26.23
8.121,26.375
8.17,26.618
8.219,26.618
8.269,26.666
8.318,26.521
8.367,26.182
8.416,26.23
8.465,26.714
8.515,26.86
8.564,26.763
8.613,27.054
8.662,26.714
8.712,25.842
8.761,25.164
8.81,25.552
8.859,25.794
8.908,24.97
8.958,24.68
9.007,24.05
9.056,23.614
9.105,22.596
9.155,21.385
9.204,20.659
9.253,20.416
9.302,19.835
9.351,18.818
9.401,18.139
9.45,17.267
9.499,16.88
9.548,16.88
9.597,16.444
9.647,15.669
9.696,15.087
9.745,14.748
9.794,14.409
9.844,13.925
9.893,13.246
9.942,11.938
9.991,11.018
10.04,10.146
10.09,9.371
10.139,9.322
10.188,8.741
10.237,8.063
10.287,7.384
10.336,6.997
10.385,6.609
10.434,5.979
10.483,5.689
10.533,5.01
10.582,4.284
10.631,3.799
10.68,3.121
10.729,2.152
10.779,1.183
10.828,0.311
10.877,-0.416
10.926,-0.706
10.976,-1.288
11.025,-2.45
11.074,-2.79
11.123,-2.838
11.172,-3.274
11.222,-3.516
11.271,-3.952
11.32,-4.727
11.369,-5.067
11.419,-4.921
11.468,-5.406
11.517,-6.617
11.566,-7.198
11.615,-8.022
11.665,-8.991
11.714,-9.911
11.763,-10.977
11.812,-12.382
11.861,-13.157
11.911,-13.012
11.96,-13.109
12.009,-13.399
12.058,-13.593
12.108,-14.562
12.157,-14.804
12.206,-14.756
12.255,-15.143
12.304,-15.386
12.354,-15.676
12.403,-16.209
12.452,-17.227
12.501,-17.953
12.551,-18.196
12.6,-18.196
12.649,-17.711
12.698,-17.76
12.747,-18.147
12.797,-18.438
12.846,-18.874
12.895,-19.31
12.944,-19.746
12.993,-19.891
13.043,-20.376
13.092,-20.909
13.141,-21.538
13.19,-22.604
13.24,-23.282
13.289,-23.331
13.338,-23.719
13.387,-24.251
13.436,-24.591
13.486,-24.494
13.535,-24.736
13.584,-24.397
13.633,-24.155
13.683,-24.155
13.732,-23.622
13.781,-23.379
13.83,-23.525
13.879,-23.815
13.929,-24.058
13.978,-24.494
14.027,-25.414
14.076,-26.044
14.125,-26.48
14.175,-26.092
14.224,-25.608
14.273,-25.85
14.322,-25.899
14.372,-25.124
14.421,-24.881
14.47,-25.075
14.519,-25.22
14.568,-24.978
14.618,-24.784
14.667,-24.251
14.716,-24.203
14.765,-24.445
14.815,-24.106
14.864,-23.864
14.913,-23.912
14.962,-23.815
15.011,-23.282
15.061,-22.943
15.11,-22.411
15.159,-21.878
15.208,-21.732
15.258,-21.587
15.307,-21.296
15.356,-21.005
15.405,-20.86
15.454,-20.618
15.504,-20.037
15.553,-19.94
15.602,-20.037
15.651,-19.988
15.7,-20.037
15.75,-19.601
15.799,-19.504
15.848,-19.504
15.897,-19.116
15.947,-18.389
15.996,-17.614
16.045,-17.033
16.094,-16.5
16.143,-15.967
16.193,-15.192
16.242,-14.126
16.291,-13.545
16.34,-13.109
16.39,-12.527
16.439,-11.752
16.488,-11.074
16.537,-10.396
16.586,-9.475
16.636,-9.088
16.685,-8.797
16.734,-8.216
16.783,-7.44
16.832,-6.423
16.882,-5.987
16.931,-5.406
16.98,-4.727
17.029,-4.146
17.079,-3.323
17.128,-2.79
17.177,-1.869
17.226,-1.724
17.275,-1.385
17.325,-0.658
17.374,-0.125
17.423,0.456
17.472,0.844
17.522,1.667
17.571,2.491
17.62,2.927
17.669,3.702
17.718,4.138
17.768,5.059
17.817,6.318
17.866,7.433
17.915,8.111
17.964,8.353
18.014,8.789
18.063,9.419
18.112,10.339
18.161,11.066
18.211,11.115
18.26,11.357
18.309,11.841
18.358,12.326
18.407,13.052
18.457,13.682
18.506,13.925
18.555,14.312
18.604,14.942
18.654,15.814
18.703,16.541
18.752,17.461
18.801,17.897
18.85,19.011
18.9,19.496
18.949,19.738
18.998,20.126
19.047,20.61
19.096,21.143
19.146,21.192
19.195,21.628
19.244,22.161
19.293,22.548
19.343,22.596
19.392,22.693
19.441,22.645
19.49,22.79
19.539,23.178
19.589,23.372
19.638,23.081
19.687,23.226
19.736,23.372
19.786,23.517
19.835,23.759
19.884,23.808
19.933,23.711
19.982,23.032
20.032,23.081
20.081,23.469
20.13,24.098
20.179,24.583
20.229,24.244
20.278,24.001
20.327,24.147
20.376,24.195
20.425,24.001
20.475,23.905
20.524,24.147
20.573,24.244
20.622,23.808
20.671,23.372
20.721,23.226
20.77,23.178
20.819,23.469
20.868,23.323
20.918,23.032
20.967,23.032
21.016,23.759
21.065,24.292
21.114,24.68
21.164,24.97
21.213,25.164
21.262,24.874
21.311,23.662
21.361,22.839
21.41,23.032
21.459,23.129
21.508,22.596
21.557,21.821
21.607,21.628
21.656,21.046
21.705,19.98
21.754,19.108
21.803,18.672
21.853,18.769
21.902,18.479
21.951,17.8
22,16.831
22.05,16.202
22.099,16.105
22.148,15.572
22.197,14.603
22.246,13.585
22.296,12.665
22.345,12.229
22.394,12.18
22.443,12.277
22.493,11.696
22.542,11.018
22.591,10.194
22.64,9.371
22.689,9.322
22.739,9.467
22.788,9.031
22.837,8.402
22.886,7.772
22.935,7.287
22.985,6.9
23.034,6.318
23.083,5.592
23.132,5.01
23.182,4.623
23.231,3.848
23.28,3.557
23.329,3.266
23.378,2.733
23.428,2.104
23.477,2.055
23.526,2.152
23.575,1.135
23.625,0.553
23.674,-0.028
23.723,-0.173
23.772,-0.028
23.821,-0.416
23.871,-1.191
23.92,-2.063
23.969,-2.596
24.018,-2.596
24.067,-3.177
24.117,-3.662
24.166,-4.243
24.215,-4.679
24.264,-4.921
24.314,-5.357
24.363,-6.181
24.412,-7.15
24.461,-7.634
24.51,-8.022
24.56,-7.876
24.609,-8.07
24.658,-8.942
24.707,-9.281
24.757,-9.281
24.806,-9.378
24.855,-9.378
24.904,-9.766
24.953,-10.25
25.003,-10.783
25.052,-11.462
25.101,-12.14
25.15,-12.285
25.199,-11.607
25.249,-11.752
25.298,-12.043
25.347,-12.527
25.396,-12.963
25.446,-13.448
25.495,-13.884
25.544,-14.126
25.593,-14.707
25.642,-15.192
25.692,-15.289
25.741,-16.258
25.79,-16.839
25.839,-16.984
25.888,-17.178
25.938,-17.566
25.987,-17.856
26.036,-18.099
26.085,-18.632
26.134,-18.535
26.184,-18.583
26.233,-19.116
26.282,-19.213
26.331,-19.601
26.38,-20.037
26.43,-20.182
26.479,-20.376
26.528,-20.521
26.577,-20.763
26.627,-21.054
26.676,-22.168
26.725,-22.411
26.774,-22.12
26.823,-21.974
26.873,-21.878
26.922,-21.587
26.971,-21.442
27.02,-21.442
27.069,-21.829
27.119,-22.265
27.168,-22.556
27.217,-22.459
27.266,-22.556
27.315,-22.847
27.365,-22.701
27.414,-22.798
27.463,-22.701
27.512,-22.556
27.561,-22.411
27.611,-22.314
27.66,-22.12
27.709,-21.345
27.758,-21.393
27.807,-21.442
27.857,-21.102
27.906,-21.345
27.955,-21.296
28.004,-21.248
28.054,-21.587
28.103,-21.538
28.152,-21.635
28.201,-21.538
28.25,-21.781
28.3,-21.151
28.349,-20.763
28.398,-20.521
28.447,-20.327
28.496,-19.988
28.546,-19.504
28.595,-19.068
28.644,-18.486
28.693,-18.583
28.742,-18.438
28.792,-17.324
28.841,-17.033
28.89,-16.936
28.939,-16.5
28.988,-16.403
29.038,-16.258
29.087,-15.386
29.136,-14.756
29.185,-14.465
29.235,-13.642
29.284,-13.157
29.333,-12.818
29.382,-11.607
29.431,-10.686
29.481,-10.299
29.53,-9.766
29.579,-9.185
29.628,-8.409
29.677,-7.731
29.727,-6.859
29.776,-6.52
29.825,-6.326
29.874,-5.551
29.923,-5.163
29.973,-4.485
30.022,-3.807
30.071,-3.226
30.12,-2.402
30.169,-1.482
30.219,-0.706
30.268,-0.609
30.317,-0.27
30.366,0.263
30.415,0.892
30.465,1.861
30.514,2.685
30.563,2.927
30.612,3.557
30.662,4.768
30.711,6.222
30.76,6.9
30.809,7.723
30.858,8.159
30.908,8.838
30.957,10.049
31.006,10.921
31.055,11.502
31.104,11.793
31.154,12.132
31.203,12.713
31.252,13.246
31.301,14.021
31.35,14.264
31.4,15.087
31.449,16.008
31.498,16.734
31.547,17.703
31.596,18.624
31.646,19.641
31.695,20.223
31.744,20.852
31.793,21.531
31.842,22.015
31.892,22.548
31.941,22.984
31.99,22.936
32.039,23.129
32.089,22.936
32.138,23.032
32.187,23.275
32.236,23.565
32.285,23.808
32.335,24.341
32.384,25.31
32.433,25.794
32.482,26.375
32.531,26.569
32.581,26.375
32.63,26.714
32.679,26.957
32.728,27.683
32.777,27.829
32.827,27.683
32.876,27.635
32.925,27.587
32.974,27.683
33.023,27.732
33.073,27.587
33.122,27.877
33.171,28.023
33.22,27.877
33.27,27.732
33.319,27.974
33.368,28.362
33.417,28.652
33.466,28.749
33.516,28.458
33.565,28.458
33.614,28.943
33.663,29.718
33.712,30.154
33.762,30.203
33.811,30.59
33.86,30.348
33.909,29.427
33.958,28.507
34.008,28.846
34.057,29.185
34.106,28.701
34.155,28.119
34.204,27.78
34.254,27.151
34.303,26.424
34.352,25.213
34.401,24.534
34.45,24.147
34.5,23.469
34.549,22.403
34.598,21.337
34.647,20.949
34.697,20.513
34.746,20.174
34.795,19.544
34.844,18.382
34.893,17.606
34.943,17.074
34.992,17.122
35.041,17.074
35.09,16.589
35.139,15.862
35.189,14.845
35.238,14.021
35.287,13.634
35.336,13.392
35.385,12.713
35.435,11.793
35.484,10.969
35.533,10.388
35.582,9.903
35.631,9.225
35.681,8.45
35.73,8.014
35.779,7.142
35.828,6.367
35.878,5.786
35.927,5.059
35.976,4.429
36.025,3.557
36.074,3.266
36.124,2.685
36.173,1.425
36.222,0.456
36.271,-0.706
36.32,-0.9
36.37,-1.142
36.419,-1.772
36.468,-2.499
36.517,-3.565
36.566,-3.855
36.616,-3.952
36.665,-4.243
36.714,-5.018
36.763,-5.793
36.812,-6.375
36.862,-7.44
36.911,-8.167
36.96,-8.991
37.009,-10.105
37.058,-11.122
37.108,-11.849
37.157,-11.849
37.206,-12.624
37.255,-13.254
37.305,-13.787
37.354,-13.932
37.403,-13.642
37.452,-13.932
37.501,-14.514
37.551,-15.047
37.6,-15.676
37.649,-16.5
37.698,-17.566
37.747,-17.614
37.797,-17.566
37.846,-17.711
37.895,-18.05
37.944,-18.777
37.993,-19.165
38.043,-19.649
38.092,-20.23
38.141,-20.763
38.19,-21.054
38.239,-21.151
38.289,-21.393
38.338,-21.829
38.387,-22.12
38.436,-22.556
38.486,-22.847
38.535,-23.428
38.584,-24.397
38.633,-25.317
38.682,-25.705
38.732,-25.899
38.781,-26.189
38.83,-26.044
38.879,-26.189
38.928,-26.674
38.978,-26.625
39.027,-26.528
39.076,-26.625
39.125,-26.238
39.174,-26.141
39.224,-27.013
39.273,-27.643
39.322,-27.788
39.371,-28.03
39.42,-27.788
39.47,-27.837
39.519,-28.176
39.568,-28.079
39.617,-27.885
39.666,-27.982
39.716,-28.224
39.765,-28.03
39.814,-27.497
39.863,-27.401
39.913,-26.916
39.962,-26.771
40.011,-26.577
40.06,-26.092
40.109,-25.85
40.159,-25.753
40.208,-25.366
40.257,-24.93
40.306,-24.978
40.355,-24.93
40.405,-24.833
40.454,-24.93
40.503,-24.833
40.552,-24.106
40.601,-23.622
40.651,-23.04
40.7,-22.459
40.749,-21.732
40.798,-21.732
40.847,-21.538
40.897,-21.054
40.946,-20.86
40.995,-20.085
41.044,-19.794
41.093,-19.455
41.143,-19.068
41.192,-18.389
41.241,-17.953
41.29,-17.856
41.34,-17.081
41.389,-16.209
41.438,-15.143
41.487,-14.417
41.536,-14.126
41.586,-13.593
41.635,-12.818
41.684,-12.237
41.733,-11.849
41.782,-11.171
41.832,-10.444
41.881,-10.541
41.93,-9.717
41.979,-8.603
42.028,-7.876
42.078,-6.568
42.127,-5.89
42.176,-5.212
42.225,-4.34
42.274,-3.129
42.324,-2.16
42.373,-0.997
42.422,0.359
42.471,0.796
42.521,1.522
42.57,2.2
42.619,2.491
42.668,2.636
42.717,3.46
42.767,4.623
42.816,5.01
42.865,5.592
42.914,6.27
42.963,6.803
43.013,7.723
43.062,8.983
43.111,9.613
43.16,10.243
43.209,10.776
43.259,11.696
43.308,12.713
43.357,13.779
43.406,14.264
43.455,14.409
43.505,15.572
43.554,16.202
43.603,16.831
43.652,17.316
43.701,17.655
43.751,18.285
43.8,19.351
43.849,20.416
43.898,20.707
43.948,21.143
43.997,21.87
44.046,22.451
44.095,23.469
44.144,24.147
44.194,24.68
44.243,25.213
44.292,25.649
44.341,25.697
44.39,25.649
44.44,26.036
44.489,26.182
44.538,26.133
44.587,26.327
44.636,26.424
44.686,26.521
44.735,27.005
44.784,27.538
44.833,27.635
44.882,27.877
44.932,28.507
44.981,29.04
45.03,29.427
45.079,30.009
45.129,30.009
45.178,29.718
45.227,29.96
45.276,29.96
45.325,29.864
45.375,29.767
45.424,29.331
45.473,28.701
45.522,28.798
45.571,28.798
45.621,28.313
45.67,28.41
45.719,28.458
45.768,28.313
45.817,27.974
45.867,27.732
45.916,27.635
45.965,27.587
46.014,27.829
46.063,27.441
46.113,27.102
46.162,26.908
46.211,27.296
46.26,28.119
46.309,28.604
46.359,28.652
46.408,28.895
46.457,28.991
46.506,28.071
46.556,27.199
46.605,27.635
46.654,27.247
46.703,26.085
46.752,25.213
46.802,24.438
46.851,23.662
46.9,22.354
46.949,21.337
46.998,20.707
47.048,20.223
47.097,19.835
47.146,18.963
47.195,18.188
47.244,17.703
47.294,17.413
47.343,17.074
47.392,16.444
47.441,15.766
47.49,14.845
47.54,14.264
47.589,14.07
47.638,13.295
47.687,12.762
47.736,11.938
47.786,10.969
47.835,10.097
47.884,9.903
47.933,9.71
47.983,9.08
48.032,8.595
48.081,7.772
48.13,7.336
48.179,7.045
48.229,6.173
48.278,5.398
48.327,4.574
48.376,3.509
48.425,2.297
48.475,1.571
48.524,0.989
48.573,-0.125
48.622,-0.803
48.671,-1.142
48.721,-1.385
48.77,-1.821
48.819,-2.45
48.868,-2.79
48.917,-2.886
48.967,-2.935
49.016,-3.565
49.065,-4.824
49.114,-5.793
49.164,-6.423
49.213,-6.423
49.262,-7.198
49.311,-8.313
49.36,-9.33
49.41,-10.493
49.459,-11.316
49.508,-11.946
49.557,-12.915
49.606,-13.69
49.656,-14.514
49.705,-14.998
49.754,-15.095
49.803,-15.579
49.852,-16.258
49.902,-16.839
49.951,-16.791
50,-17.275
50.049,-17.566
50.098,-18.292
50.148,-18.922
50.197,-19.358
50.246,-20.182
50.295,-20.521
50.344,-20.521
50.394,-20.182
50.443,-19.94
50.492,-20.182
50.541,-20.327
50.591,-20.376
50.64,-20.909
50.689,-21.296
50.738,-22.071
50.787,-22.798
50.837,-23.573
50.886,-24.397
50.935,-25.124
50.984,-25.656
51.033,-25.753
51.083,-26.092
51.132,-26.577
51.181,-26.916
51.23,-27.449
51.279,-27.401
51.329,-27.497
51.378,-27.207
51.427,-27.255
51.476,-27.497
51.525,-27.594
51.575,-27.74
51.624,-27.788
51.673,-27.837
51.722,-27.74
51.772,-27.885
51.821,-28.466
51.87,-28.854
51.919,-28.999
51.968,-28.466
52.018,-27.885
52.067,-27.837
52.116,-27.401
52.165,-27.013
52.214,-26.722
52.264,-26.819
52.313,-26.964
52.362,-26.964
52.411,-26.722
52.46,-26.141
52.51,-26.189
52.559,-26.383
52.608,-26.044
52.657,-25.947
52.706,-25.85
52.756,-25.366
52.805,-24.784
52.854,-24.203
52.903,-23.525
52.952,-23.137
53.002,-23.137
53.051,-22.895
53.1,-22.507
53.149,-22.168
53.199,-21.684
53.248,-21.102
53.297,-20.666
53.346,-20.376
53.395,-19.988
53.445,-19.843
53.494,-19.504
53.543,-18.825
53.592,-18.292
53.641,-17.808
53.691,-17.324
53.74,-16.645
53.789,-15.919
53.838,-15.289
53.887,-14.95
53.937,-14.611
53.986,-13.593
54.035,-12.818
54.084,-12.721
54.133,-12.334
54.183,-11.801
54.232,-11.316
54.281,-10.686
54.33,-9.911
54.38,-9.33
54.429,-8.942
54.478,-8.603
54.527,-7.683
54.576,-6.762
54.626,-5.163
54.675,-4.049
54.724,-3.226
54.773,-2.305
54.822,-1.627
54.872,-1.191
54.921,-0.367
54.97,0.602
55.019,1.038
55.068,1.328
55.118,1.861
55.167,2.104
55.216,2.588
55.265,3.121
55.314,3.702
55.364,4.671
55.413,5.301
55.462,5.786
55.511,5.979
55.56,7.094
55.61,8.256
55.659,9.08
55.708,9.903
55.757,10.194
55.807,10.436
55.856,11.163
55.905,12.277
55.954,12.762
56.003,13.246
56.053,13.925
56.102,14.506
56.151,15.184
56.2,16.008
56.249,16.395
56.299,16.831
56.348,17.606
56.397,18.236
56.446,18.721
56.495,19.157
56.545,19.496
56.594,19.496
56.643,20.029
56.692,20.416
56.741,20.319
56.791,20.852
56.84,21.288
56.889,21.579
56.938,21.918
56.987,22.548
57.037,23.275
57.086,23.565
57.135,23.953
57.184,23.905
57.234,23.662
57.283,23.808
57.332,23.953
57.381,24.05
57.43,24.195
57.48,24.244
57.529,24.244
57.578,24.244
57.627,24.68
57.676,24.68
57.726,24.97
57.775,24.874
57.824,24.631
57.873,24.825
57.922,25.116
57.972,24.777
58.021,24.05
58.07,23.759
58.119,23.42
58.168,22.79
58.218,22.548
58.267,22.112
58.316,21.87
58.365,22.015
58.415,21.773
58.464,21.385
58.513,21.531
58.562,21.87
58.611,22.112
58.661,22.306
58.71,22.209
58.759,22.015
58.808,22.742
58.857,23.469
58.907,23.517
58.956,23.372
59.005,23.178
59.054,22.596
59.103,21.095
59.153,20.319
59.202,20.271
59.251,20.174
59.3,19.593
59.349,18.721
59.399,18.042
59.448,17.461
59.497,16.444
59.546,15.233
59.595,14.506
59.645,14.603
59.694,14.07
59.743,13.198
59.792,12.277
59.842,11.502
59.891,11.26
59.94,10.776
59.989,10.291
60.038,9.371
60.088,8.983
60.137,8.595
60.186,8.45
60.235,8.256
60.284,8.014
60.334,6.9
60.383,6.173
60.432,5.446
60.481,4.962
60.53,4.623
60.58,4.041
60.629,3.024
60.678,2.249
60.727,2.007
60.776,1.377
60.826,0.263
60.875,-0.319
60.924,-1.046
60.973,-1.627
61.023,-1.966
61.072,-1.821
61.121,-2.305
61.17,-2.693
61.219,-3.323
61.269,-3.807
61.318,-3.71
61.367,-4.195
61.416,-4.921
61.465,-5.406
61.515,-5.163
61.564,-5.406
61.613,-6.036
61.662,-7.053
61.711,-7.925
61.761,-8.361
61.81,-8.07
61.859,-8.7
61.908,-9.814
61.957,-10.444
62.007,-11.171
62.056,-11.994
62.105,-12.624
62.154,-13.109
62.203,-14.126
62.253,-15.24
62.302,-15.337
62.351,-15.531
62.4,-15.579
62.45,-15.967
62.499,-16.306
62.548,-16.306
62.597,-15.967
62.646,-16.161
62.696,-16.791
62.745,-16.645
62.794,-16.694
62.843,-17.517
62.892,-17.76
62.942,-17.953
62.991,-17.663
63.04,-17.856
63.089,-18.438
63.138,-19.068
63.188,-19.504
63.237,-19.746
63.286,-20.424
63.335,-21.054
63.385,-21.393
63.434,-21.587
63.483,-21.829
63.532,-22.071
63.581,-22.217
63.631,-22.362
63.68,-22.265
63.729,-22.168
63.778,-22.314
63.828,-22.411
63.877,-22.411
63.926,-22.604
63.975,-22.459
64.024,-22.411
64.074,-22.556
64.123,-22.847
64.172,-22.75
64.221,-22.847
64.27,-23.089
64.32,-23.04
64.369,-23.137
64.418,-23.815
64.467,-24.3
64.517,-24.397
64.566,-24.203
64.615,-23.815
64.664,-23.428
64.713,-23.525
64.763,-23.04
64.812,-22.943
64.861,-23.331
64.91,-23.525
64.96,-23.622
65.009,-23.186
65.058,-22.847
65.107,-22.507
65.156,-22.071
65.206,-21.781
65.255,-21.248
65.304,-21.054
65.353,-20.957
65.402,-20.424
65.452,-19.94
65.501,-19.455
65.55,-19.552
65.599,-19.746
65.649,-19.891
65.698,-19.891
65.747,-19.649
65.796,-19.31
65.845,-19.31
65.895,-19.165
65.944,-18.825
65.993,-18.535
66.042,-18.292
66.092,-17.663
66.141,-17.033
66.19,-16.548
66.239,-16.112
66.288,-15.919
66.338,-15.579
66.387,-14.853
66.436,-14.368
66.485,-14.223
66.534,-13.787
66.584,-13.157
66.633,-12.673
66.682,-12.188
66.731,-11.898
66.781,-11.51
66.83,-10.396
66.879,-9.572
66.928,-9.088
66.977,-8.506
67.027,-8.216
67.076,-8.167
67.125,-8.07
67.174,-7.004
67.224,-6.278
67.273,-6.036
67.322,-5.648
67.371,-5.212
67.42,-4.63
67.47,-3.855
67.519,-2.79
67.568,-1.869
67.617,-1.385
67.666,-0.997
67.716,-0.513
67.765,0.311
67.814,0.989
67.863,1.377
67.913,2.249
67.962,2.927
68.011,3.218
68.06,3.218
68.109,3.218
68.159,3.993
68.208,4.72
68.257,5.834
68.306,6.609
68.356,6.658
68.405,6.948
68.454,7.82
68.503,8.886
68.552,9.903
68.602,10.582
68.651,10.63
68.7,11.115
68.749,12.035
68.799,12.471
68.848,12.956
68.897,13.392
68.946,13.779
68.995,14.457
69.045,14.99
69.094,15.62
69.143,16.202
69.192,17.316
69.241,18.285
69.291,18.915
69.34,19.835
69.389,20.174
69.438,20.707
69.488,20.949
69.537,21.288
69.586,21.87
69.635,22.403
69.684,22.887
69.734,22.887
69.783,22.984
69.832,23.032
69.881,23.032
69.931,23.42
69.98,23.517
70.029,24.05
70.078,24.292
70.127,24.728
70.177,25.455
70.226,25.6
70.275,26.133
70.324,26.375
70.373,25.891
70.423,26.036
70.472,26.278
70.521,26.472
70.57,26.278
70.62,26.182
70.669,25.794
70.718,25.552
70.767,25.891
70.816,25.649
70.866,25.649
70.915,26.23
70.964,26.278
71.013,26.278
71.063,26.424
71.112,26.714
71.161,26.86
71.21,27.054
71.259,27.199
71.309,26.472
71.358,26.182
71.407,26.908
71.456,27.247
71.505,27.877
71.555,27.926
71.604,28.071
71.653,27.538
71.702,26.472
71.752,25.6
71.801,25.649
71.85,26.182
71.899,25.649
71.948,25.019
71.998,24.825
72.047,24.05
72.096,22.936
72.145,22.161
72.195,21.724
72.244,21.337
72.293,21.095
72.342,20.562
72.391,19.108
72.441,18.527
72.49,18.479
72.539,18.236
72.588,17.752
72.637,16.88
72.687,16.105
72.736,15.233
72.785,15.039
72.834,14.651
72.884,13.876
72.933,13.537
72.982,12.326
73.031,11.066
73.08,9.903
73.13,9.613
73.179,8.935
73.228,8.063
73.277,7.917
73.327,7.626
73.376,7.481
73.425,7.094
73.474,6.222
73.523,5.834
73.573,5.301
73.622,4.913
73.671,4.284
73.72,3.848
73.769,2.976
73.819,1.91
73.868,1.571
73.917,1.038
73.966,-0.125
74.016,-0.852
74.065,-1.482
74.114,-2.16
74.163,-2.305
74.212,-2.45
74.262,-3.565
74.311,-4.437
74.36,-4.485
74.409,-4.582
74.459,-5.454
74.508,-6.036
74.557,-7.053
74.606,-8.022
74.655,-8.652
74.705,-9.233
74.754,-10.153
74.803,-11.219
74.852,-12.043
74.902,-12.818
74.951,-12.673
75,-12.866
75.049,-13.448
75.098,-13.593
75.148,-13.496
75.197,-13.545
75.246,-13.932
75.295,-14.368
75.344,-15.289
75.394,-16.209
75.443,-16.984
75.492,-18.05
75.541,-18.535
75.591,-18.438
75.64,-18.486
75.689,-18.68
75.738,-19.068
75.787,-19.213
75.837,-19.601
75.886,-20.037
75.935,-20.23
75.984,-20.86
76.034,-20.812
76.083,-21.151
76.132,-21.974
76.181,-22.507
76.23,-22.992
76.28,-23.428
76.329,-23.912
76.378,-24.348
76.427,-24.833
76.476,-25.269
76.526,-24.978
76.575,-24.881
76.624,-24.736
76.673,-24.688
76.723,-24.881
76.772,-24.833
76.821,-24.881
76.87,-24.542
76.919,-24.445
76.969,-24.784
77.018,-25.366
77.067,-26.383
77.116,-26.722
77.166,-26.577
77.215,-26.528
77.264,-26.432
77.313,-26.238
77.362,-25.608
77.412,-25.366
77.461,-25.075
77.51,-25.124
77.559,-25.075
77.608,-24.542
77.658,-24.3
77.707,-24.106
77.756,-24.251
77.805,-24.106
77.855,-24.009
77.904,-23.719
77.953,-23.476
78.002,-23.186
78.051,-22.701
78.101,-22.411
78.15,-22.411
78.199,-22.265
78.248,-21.974
78.298,-21.442
78.347,-20.909
78.396,-20.618
78.445,-20.569
78.494,-20.376
78.544,-20.085
78.593,-20.037
78.642,-19.891
78.691,-19.649
78.74,-19.261
78.79,-18.777
78.839,-18.874
78.888,-18.583
78.937,-17.953
78.987,-17.178
79.036,-16.403
79.085,-16.161
79.134,-15.579
79.183,-14.707
79.233,-13.884
79.282,-13.254
79.331,-12.721
79.38,-12.237
79.43,-12.14
79.479,-11.655
79.528,-11.026
79.577,-10.589
79.626,-10.105
79.676,-9.475
79.725,-8.652
79.774,-7.876
79.823,-7.004
79.872,-6.278
79.922,-5.842
79.971,-5.212
80.02,-4.63
80.069,-3.807
80.119,-2.79
80.168,-2.257
80.217,-1.821
80.266,-1.772
80.315,-1.385
80.365,-0.609
80.414,-0.125
80.463,0.408
80.512,1.135
80.562,2.055
80.611,2.588
80.66,2.976
80.709,3.848
80.758,4.526
80.808,5.882
80.857,7.045
80.906,7.53
80.955,7.869
81.005,8.353
81.054,9.128
81.103,10.146
81.152,10.824
81.201,11.26
81.251,11.163
81.3,11.599
81.349,12.132
81.398,12.956
81.447,13.682
81.497,14.118
81.546,14.99
81.595,15.959
81.644,16.589
81.694,17.316
81.743,18.091
81.792,18.915
81.841,19.69
81.89,20.659
81.94,21.24
81.989,21.821
82.038,22.403
82.087,22.451
82.137,22.548
82.186,22.936
82.235,23.323
82.284,23.565
82.333,23.565
82.383,23.808
82.432,23.905
82.481,24.195
82.53,24.68
82.579,24.97
82.629,25.358
82.678,25.406
82.727,26.133
82.776,26.375
82.826,26.811
82.875,27.441
82.924,27.247
82.973,27.151
83.022,27.344
83.072,27.829
83.121,28.119
83.17,28.216
83.219,28.216
83.269,28.265
83.318,28.846
83.367,28.652
83.416,28.507
83.465,28.362
83.515,28.071
83.564,27.78
83.613,27.393
83.662,27.151
83.711,27.151
83.761,27.441
83.81,27.877
83.859,27.296
83.908,27.102
83.958,27.151
84.007,27.441
84.056,28.652
84.105,29.282
84.154,29.524
84.204,29.621
84.253,29.427
84.302,28.216
84.351,27.199
84.401,27.78
84.45,27.683
84.499,27.005
84.548,26.327
84.597,25.794
84.647,25.116
84.696,24.486
84.745,23.759
84.794,23.372
84.843,23.129
84.893,22.839
84.942,21.579
84.991,20.659
85.04,20.029
85.09,19.448
85.139,19.011
85.188,18.382
85.237,16.831
85.286,15.572
85.336,14.7
85.385,14.361
85.434,13.876
85.483,13.828
85.533,13.343
85.582,12.568
85.631,12.084
85.68,11.696
85.729,11.502
85.779,11.212
85.828,10.727
85.877,9.855
85.926,9.371
85.976,8.983
86.025,7.772
86.074,7.045
86.123,6.561
86.172,5.689
86.222,4.865
86.271,4.332
86.32,3.557
86.369,2.491
86.418,1.813
86.468,1.667
86.517,1.183
86.566,0.65
86.615,-0.367
86.665,-1.142
86.714,-1.433
86.763,-1.821
86.812,-2.79
86.861,-4.049
86.911,-4.534
86.96,-5.018
87.009,-5.454
87.058,-5.89
87.108,-7.004
87.157,-7.828
87.206,-8.555
87.255,-9.233
87.304,-9.96
87.354,-10.638
87.403,-11.607
87.452,-12.721
87.501,-13.109
87.55,-13.496
87.6,-14.465
87.649,-15.047
87.698,-15.919
87.747,-16.112
87.797,-16.258
87.846,-16.5
87.895,-17.178
87.944,-17.614
87.993,-17.663
88.043,-18.729
88.092,-19.455
88.141,-19.552
88.19,-19.261
88.24,-19.358
88.289,-19.601
88.338,-19.94
88.387,-20.521
88.436,-20.909
88.486,-21.345
88.535,-22.411
88.584,-22.701
88.633,-22.943
88.682,-23.428
88.732,-23.864
88.781,-24.251
88.83,-24.542
88.879,-24.688
88.928,-25.027
88.978,-25.705
89.027,-26.238
89.076,-26.238
89.125,-26.335
89.174,-26.432
89.224,-26.335
89.273,-26.577
89.322,-27.061
89.371,-27.013
89.42,-26.819
89.47,-26.916
89.519,-26.916
89.568,-26.916
89.617,-27.546
89.667,-27.885
89.716,-27.594
89.765,-27.304
89.814,-26.771
89.863,-26.383
89.913,-26.189
89.962,-26.335
90.011,-25.85
90.06,-26.189
90.109,-26.528
90.159,-25.995
90.208,-25.705
90.257,-25.753
90.306,-25.705
90.355,-25.899
90.405,-25.899
90.454,-25.414
90.503,-24.978
90.552,-24.639
90.601,-24.203
90.651,-23.573
90.7,-23.282
90.749,-22.992
90.798,-22.701
90.848,-22.362
90.897,-21.926
90.946,-21.49
90.995,-21.296
91.044,-21.054
91.094,-20.763
91.143,-20.376
91.192,-20.279
91.241,-20.085
91.29,-19.891
91.34,-19.116
91.389,-18.68
91.438,-18.486
91.487,-17.856
91.536,-17.13
91.586,-15.967
91.635,-15.628
91.684,-15.676
91.733,-15.386
91.782,-14.804
91.832,-14.029
91.881,-13.399
91.93,-12.866
91.979,-12.479
92.028,-12.043
92.078,-11.365
92.127,-10.686
92.176,-9.863
92.225,-9.185
92.275,-8.894
92.324,-7.925
92.373,-6.714
92.422,-5.793
92.471,-5.309
92.521,-4.34
92.57,-4.001
92.619,-3.565
92.668,-2.402
92.717,-1.917
92.767,-1.191
92.816,-0.9
92.865,-0.513
92.914,0.069
92.963,0.747
93.013,1.571
93.062,2.249
93.111,3.024
93.16,3.896
93.209,4.671
93.259,5.301
93.308,5.834
93.357,6.706
93.406,7.723
93.455,8.45
93.505,8.886
93.554,8.789
93.603,9.031
93.652,10
93.702,11.066
93.751,12.277
93.8,12.762
93.849,13.295
93.898,13.876
93.948,14.748
93.997,15.572
94.046,16.008
94.095,16.589
94.144,16.928
94.194,17.655
94.243,18.188
94.292,18.527
94.341,19.06
94.39,19.544
94.44,20.368
94.489,21.288
94.538,21.724
94.587,22.354
94.636,23.032
94.686,23.614
94.735,23.856
94.784,24.195
94.833,24.922
94.883,25.019
94.932,25.067
94.981,24.728
95.03,24.389
95.079,24.244
95.129,24.438
95.178,24.874
95.227,24.777
95.276,25.019
95.325,25.406
95.375,25.697
95.424,26.182
95.473,26.666
95.522,27.005
95.571,27.054
95.621,27.296
95.67,27.587
95.719,27.441
95.768,27.151
95.817,26.521
95.867,26.133
95.916,25.842
95.965,25.891
96.014,25.794
96.063,25.358
96.113,25.455
96.162,25.455
96.211,25.116
96.26,25.31
96.31,25.019
96.359,25.164
96.408,25.213
96.457,25.116
96.506,24.777
96.556,24.922
96.605,25.455
96.654,25.842
96.703,25.939
96.752,26.133
96.802,25.939
96.851,25.649
96.9,24.583
96.949,23.905
96.998,24.292
97.048,24.341
97.097,23.856
97.146,22.742
97.195,22.161
97.244,21.579
97.294,20.562
97.343,19.738
97.392,19.06
97.441,18.769
97.491,18.091
97.54,16.977
97.589,15.862
97.638,14.942
97.687,14.942
97.737,14.651
97.786,13.828
97.835,12.81
97.884,12.18
97.933,12.035
97.983,11.744
98.032,11.89
98.081,11.212
98.13,10.339
98.179,9.564
98.229,8.692
98.278,8.402
98.327,8.547
98.376,8.014
98.425,7.142
98.475,6.125
98.524,5.882
98.573,4.962
98.622,4.284
98.671,3.509
98.721,2.685
98.77,2.249
98.819,1.813
98.868,1.231
98.918,0.505
98.967,-0.222
99.016,-1.046
99.065,-1.385
99.114,-1.482
99.164,-2.16
99.213,-3.226
99.262,-3.662
99.311,-3.759
99.36,-3.855
99.41,-4.195
99.459,-4.97
99.508,-5.939
99.557,-6.181
99.606,-5.939
99.656,-6.665
99.705,-7.392
99.754,-7.828
99.803,-8.845
99.852,-9.911
99.902,-10.735
99.951,-11.801
100,-13.206
100.049,-14.126
100.098,-14.514
100.148,-14.95
100.197,-14.95
100.246,-15.628
100.295,-16.403
100.345,-16.403
100.394,-16.452
100.443,-16.548
100.492,-16.984
100.541,-17.13
100.591,-17.663
100.64,-18.244
100.689,-18.486
100.738,-19.068

Machine Name,P29201A
Point Name,29VT-2003AX
Wf Amp,0.823
Number of Revs,N/A
X-Axis Unit,ms
Y-Axis Unit,µm 
Sample Speed, N/A rpm
Sample Status,Valid
Timestamp,4/27/2023 1:29:05 PM
Variable,Disp Wf(500Hz)
X-Axis Value,Y-Axis Value
0,-0.057
0.781,0.185
1.563,0.088
2.344,-0.057
3.125,-0.154
3.906,0.039
4.688,0.136
5.469,0.088
6.25,-0.057
7.031,-0.203
7.813,-0.154
8.594,0.088
9.375,0.379
10.156,0.039
10.938,-0.251
11.719,-0.057
12.5,0.088
13.281,0.088
14.063,0.088
14.844,-0.106
15.625,-0.251
16.406,0.136
17.188,0.233
17.969,0.088
18.75,-0.057
19.531,-0.154
20.313,-0.009
21.094,0.088
21.875,0.233
22.656,-0.106
23.438,-0.203
24.219,0.039
25,-0.057
25.781,0.185
26.563,0.088
27.344,-0.251
28.125,-0.057
28.906,0.088
29.688,0.136
30.469,0.136
31.25,-0.106
32.031,-0.203
32.813,0.088
33.594,0.088
34.375,0.039
35.156,-0.154
35.938,-0.251
36.719,0.088
37.5,0.136
38.281,0.039
39.063,-0.009
39.844,-0.106
40.625,-0.154
41.406,0.136
42.188,0.282
42.969,-0.154
43.75,-0.057
44.531,0.039
45.313,0.039
46.094,0.088
46.875,-0.009
47.656,-0.009
48.438,-0.203
49.219,0.088
50,0.185
50.781,0.039
51.563,-0.009
52.344,-0.154
53.125,-0.009
53.906,0.136
54.688,0.039
55.469,-0.154
56.25,-0.057
57.031,-0.057
57.813,0.136
58.594,0.185
59.375,-0.057
60.156,-0.057
60.938,-0.106
61.719,0.136
62.5,0.088
63.281,0.136
64.063,-0.154
64.844,-0.251
65.625,0.039
66.406,0.039
67.188,0.233
67.969,-0.154
68.75,-0.154
69.531,0.088
70.313,0.088
71.094,0.233
71.875,-0.203
72.656,-0.251
73.438,-0.009
74.219,0.136
75,0.282
75.781,-0.203
76.563,-0.154
77.344,0.136
78.125,-0.009
78.906,0.233
79.688,0.039
80.469,-0.251
81.25,-0.154
82.031,0.136
82.813,0.136
83.594,-0.106
84.375,-0.106
85.156,-0.154
85.938,0.088
86.719,0.136
87.5,-0.009
88.281,-0.106
89.063,-0.106
89.844,0.088
90.625,0.136
91.406,0.039
92.188,-0.009
92.969,-0.106
93.75,-0.057
94.531,0.282
95.313,0.185
96.094,-0.057
96.875,-0.154
97.656,-0.106
98.438,0.088
99.219,0.185
100,-0.009
100.781,-0.203
101.563,-0.106
102.344,0.039
103.125,0.185
103.906,-0.057
104.688,-0.106
105.469,-0.009
106.25,-0.203
107.031,0.233
107.813,0.185
108.594,-0.057
109.375,-0.154
110.156,-0.154
110.938,0.136
111.719,0.136
112.5,-0.009
113.281,-0.203
114.063,-0.009
114.844,0.185
115.625,0.088
116.406,0.136
117.188,-0.106
117.969,-0.251
118.75,-0.057
119.531,0.185
120.313,0.039
121.094,-0.106
121.875,-0.057
122.656,-0.106
123.438,0.185
124.219,0.233
125,-0.203
125.781,-0.3
126.563,0.039
127.344,0.233
128.125,0.088
128.906,-0.009
129.688,-0.203
130.469,-0.251
131.25,0.136
132.031,0.185
132.813,-0.057
133.594,-0.057
134.375,-0.009
135.156,-0.009
135.938,0.185
136.719,0.039
137.5,-0.251
138.281,-0.154
139.063,0.136
139.844,0.185
140.625,0.088
141.406,-0.106
142.188,-0.203
142.969,0.088
143.75,0.088
144.531,0.136
145.313,-0.057
146.094,-0.106
146.875,-0.009
147.656,-0.057
148.438,0.185
149.219,-0.106
150,-0.154
150.781,-0.106
151.563,-0.009
152.344,0.33
153.125,-0.009
153.906,-0.203
154.688,-0.154
155.469,0.088
156.25,0.233
157.031,-0.057
157.813,-0.057
158.594,-0.057
159.375,-0.057
160.156,0.185
160.938,0.233
161.719,-0.057
162.5,-0.154
163.281,-0.009
164.063,0.039
164.844,0.088
165.625,-0.009
166.406,-0.251
167.188,-0.057
167.969,0.185
168.75,0.136
169.531,0.039
170.313,-0.106
171.094,-0.154
171.875,-0.009
172.656,0.233
173.438,0.039
174.219,-0.106
175,-0.057
175.781,-0.106
176.563,0.136
177.344,0.136
178.125,-0.009
178.906,-0.203
179.688,-0.009
180.469,0.33
181.25,0.088
182.031,-0.154
182.813,-0.203
183.594,-0.106
184.375,0.088
185.156,0.185
185.938,-0.057
186.719,-0.203
187.5,-0.009
188.281,0.185
189.063,0.185
189.844,0.039
190.625,-0.057
191.406,-0.154
192.188,-0.057
192.969,0.282
193.75,0.136
194.531,-0.154
195.313,-0.154
196.094,0.039
196.875,0.136
197.656,-0.009
198.438,0.039
199.219,-0.106
200,-0.106
200.781,0.136
201.563,-0.009
202.344,0.039
203.125,-0.106
203.906,-0.106
204.688,0.136
205.469,0.088
206.25,0.039
207.031,-0.154
207.813,-0.251
208.594,0.136
209.375,0.233
210.156,0.136
210.938,-0.009
211.719,-0.348
212.5,0.039
213.281,0.185
214.063,0.039
214.844,-0.009
215.625,-0.251
216.406,0.039
217.188,0.039
217.969,0.185
218.75,0.088
219.531,-0.348
220.313,-0.106
221.094,0.088
221.875,0.185
222.656,-0.009
223.438,-0.154
224.219,-0.057
225,-0.009
225.781,0.282
226.563,0.088
227.344,-0.3
228.125,-0.106
228.906,0.088
229.688,0.136
230.469,0.088
231.25,-0.057
232.031,-0.203
232.813,0.039
233.594,0.185
234.375,-0.009
235.156,-0.057
235.938,-0.251
236.719,0.039
237.5,0.136
238.281,-0.009
239.063,0.039
239.844,-0.154
240.625,-0.009
241.406,-0.009
242.188,0.088
242.969,0.039
243.75,-0.154
244.531,0.039
245.313,0.039
246.094,0.136
246.875,0.088
247.656,-0.251
248.438,-0.203
249.219,-0.009
250,0.185
250.781,-0.009
251.563,-0.106
252.344,-0.009
253.125,0.039
253.906,0.088
254.688,0.088
255.469,0.039
256.25,-0.203
257.031,-0.057
257.813,0.136
258.594,0.039
259.375,0.136
260.156,-0.251
260.938,-0.251
261.719,0.039
262.5,0.233
263.281,0.088
264.063,-0.154
264.844,-0.057
265.625,-0.009
266.406,0.088
267.188,-0.057
267.969,-0.106
268.75,-0.154
269.531,-0.057
270.313,0.136
271.094,0.136
271.875,0.088
272.656,-0.106
273.438,-0.251
274.219,0.185
275,0.282
275.781,-0.106
276.563,-0.106
277.344,-0.154
278.125,-0.009
278.906,0.185
279.688,-0.009
280.469,-0.154
281.25,-0.057
282.031,0.039
282.813,0.185
283.594,0.088
284.375,-0.009
285.156,-0.251
285.938,-0.009
286.719,0.282
287.5,-0.009
288.281,-0.057
289.063,-0.106
289.844,-0.106
290.625,0.136
291.406,0.088
292.188,-0.009
292.969,-0.057
293.75,-0.106
294.531,0.185
295.313,0.136
296.094,0.039
296.875,-0.057
297.656,-0.203
298.438,0.039
299.219,0.185
300,0.136
300.781,-0.057
301.563,-0.251
302.344,-0.057
303.125,0.185
303.906,0.088
304.688,-0.057
305.469,-0.203
306.25,0.039
307.031,0.039
307.813,0.088
308.594,0.088
309.375,-0.3
310.156,-0.057
310.938,0.136
311.719,0.136
312.5,0.136
313.281,-0.154
314.063,-0.203
314.844,-0.009
315.625,0.233
316.406,0.185
317.188,-0.251
317.969,-0.106
318.75,0.088
319.531,0.088
320.313,0.185
321.094,-0.154
321.875,-0.251
322.656,-0.009
323.438,0.136
324.219,0.136
325,-0.057
325.781,-0.203
326.563,-0.154
327.344,0.088
328.125,0.233
328.906,0.088
329.688,-0.154
330.469,-0.203
331.25,0.088
332.031,0.233
332.813,0.088
333.594,-0.251
334.375,-0.154
335.156,0.088
335.938,0.136
336.719,0.039
337.5,-0.106
338.281,-0.009
339.063,-0.009
339.844,-0.009
340.625,0.088
341.406,-0.057
342.188,-0.154
342.969,0.039
343.75,0.136
344.531,0.136
345.313,-0.009
346.094,-0.154
346.875,-0.106
347.656,0.185
348.438,0.088
349.219,-0.009
350,-0.009
350.781,-0.154
351.563,0.185
352.344,0.136
353.125,-0.009
353.906,-0.057
354.688,-0.251
355.469,-0.057
356.25,0.185
357.031,0.185
357.813,-0.106
358.594,-0.106
359.375,-0.106
360.156,0.136
360.938,0.185
361.719,-0.057
362.5,0.039
363.281,-0.106
364.063,0.039
364.844,0.282
365.625,-0.009
366.406,-0.203
367.188,-0.106
367.969,-0.057
368.75,0.233
369.531,0.136
370.313,-0.106
371.094,-0.057
371.875,-0.057
372.656,0.136
373.438,0.136
374.219,-0.251
375,-0.106
375.781,0.039
376.563,0.088
377.344,0.185
378.125,-0.057
378.906,-0.154
379.688,0.039
380.469,0.088
381.25,0.185
382.031,0.039
382.813,-0.251
383.594,-0.057
384.375,0.136
385.156,0.185
385.938,0.039
386.719,-0.106
387.5,-0.106
388.281,0.088
389.063,0.136
389.844,-0.009
390.625,0.039
391.406,-0.203
392.188,-0.057
392.969,0.233
393.75,0.039
394.531,-0.009
395.313,-0.057
396.094,-0.154
396.875,0.185
397.656,0.136
398.438,-0.057
399.219,-0.057
400,-0.106
400.781,0.185
401.563,0.039
402.344,-0.009
403.125,-0.057
403.906,-0.154
404.688,0.136
405.469,-0.009
406.25,0.136
407.031,0.039
407.813,-0.203
408.594,-0.057
409.375,0.088
410.156,0.185
410.938,-0.106
411.719,-0.348
412.5,0.039
413.281,0.136
414.063,0.136
414.844,0.136
415.625,-0.106
416.406,-0.203
417.188,0.039
417.969,0.185
418.75,-0.009
419.531,-0.106
420.313,-0.154
421.094,-0.057
421.875,0.088
422.656,0.039
423.438,-0.106
424.219,-0.3
425,0.088
425.781,0.282
426.563,-0.057
427.344,-0.057
428.125,-0.203
428.906,-0.106
429.688,0.039
430.469,0.088
431.25,0.039
432.031,-0.203
432.813,0.039
433.594,0.088
434.375,0.185
435.156,0.088
435.938,-0.203
436.719,-0.009
437.5,-0.057
438.281,0.088
439.063,0.088
439.844,-0.348
440.625,-0.154
441.406,0.088
442.188,0.088
442.969,0.039
443.75,-0.154
444.531,-0.009
445.313,-0.057
446.094,0.039
446.875,0.136
447.656,-0.106
448.438,-0.154
449.219,-0.009
450,0.136
450.781,0.088
451.563,-0.009
452.344,-0.106
453.125,-0.009
453.906,0.039
454.688,0.185
455.469,0.088
456.25,-0.251
457.031,-0.057
457.813,0.039
458.594,-0.009
459.375,0.039
460.156,-0.057
460.938,-0.203
461.719,-0.009
462.5,0.136
463.281,0.039
464.063,0.039
464.844,-0.154
465.625,-0.154
466.406,0.185
467.188,0.185
467.969,-0.057
468.75,-0.203
469.531,-0.203
470.313,0.088
471.094,0.185
471.875,0.039
472.656,-0.057
473.438,-0.3
474.219,0.136
475,0.282
475.781,0.039
476.563,-0.106
477.344,-0.445
478.125,0.039
478.906,0.282
479.688,-0.009
480.469,-0.057
481.25,-0.154
482.031,0.088
482.813,0.185
483.594,-0.009
484.375,-0.106
485.156,-0.251
485.938,-0.106
486.719,0.185
487.5,0.136
488.281,-0.106
489.063,-0.154
489.844,-0.154
490.625,0.088
491.406,0.282
492.188,0.136
492.969,-0.106
493.75,-0.203
494.531,0.185
495.313,0.039
496.094,-0.009
496.875,0.039
497.656,-0.3
498.438,0.136
499.219,0.185
500,-0.009
500.781,-0.009
501.563,-0.203
502.344,-0.057
503.125,0.039
503.906,0.185
504.688,0.088
505.469,-0.251
506.25,0.039
507.031,0.088
507.813,0.088
508.594,0.088
509.375,-0.251
510.156,-0.009
510.938,-0.009
511.719,0.185
512.5,0.185
513.281,-0.251
514.063,-0.154
514.844,-0.057
515.625,0.136
516.406,0.136
517.188,-0.106
517.969,-0.203
518.75,-0.009
519.531,0.233
520.313,-0.154
521.094,0.039
521.875,-0.057
522.656,-0.203
523.438,0.185
524.219,0.136
525,-0.057
525.781,-0.203
526.563,0.039
527.344,-0.057
528.125,0.088
528.906,0.233
529.688,-0.251
530.469,0.039
531.25,0.039
532.031,-0.009
532.813,0.185
533.594,-0.203
534.375,-0.106
535.156,-0.009
535.938,0.088
536.719,0.233
537.5,-0.154
538.281,-0.251
539.063,0.136
539.844,0.185
540.625,0.039
541.406,-0.009
542.188,-0.154
542.969,-0.154
543.75,0.233
544.531,0.039
545.313,0.088
546.094,-0.106
546.875,-0.154
547.656,0.136
548.438,-0.009
549.219,0.185
550,-0.154
550.781,-0.154
551.563,0.136
552.344,-0.009
553.125,0.039
553.906,-0.106
554.688,-0.251
555.469,-0.009
556.25,0.088
557.031,0.136
557.813,-0.057
558.594,-0.154
559.375,0.039
560.156,-0.009
560.938,0.185
561.719,0.039
562.5,-0.251
563.281,-0.057
564.063,0.039
564.844,0.185
565.625,0.039
566.406,-0.154
567.188,-0.009
567.969,-0.009
568.75,0.088
569.531,0.039
570.313,-0.009
571.094,-0.154
571.875,-0.106
572.656,0.282
573.438,0.136
574.219,-0.154
575,-0.3
575.781,-0.009
576.563,0.185
577.344,0.088
578.125,-0.009
578.906,-0.154
579.688,-0.203
580.469,0.039
581.25,0.233
582.031,-0.009
582.813,-0.154
583.594,-0.106
584.375,0.185
585.156,0.185
585.938,-0.106
586.719,-0.057
587.5,-0.106
588.281,-0.057
589.063,0.233
589.844,0.088
590.625,-0.3
591.406,-0.106
592.188,0.039
592.969,0.088
593.75,0.088
594.531,-0.057
595.313,0.039
596.094,-0.057
596.875,-0.057
597.656,0.185
598.438,0.039
599.219,-0.106
600,-0.203
600.781,0.088
601.563,0.233
602.344,-0.009
603.125,-0.203
603.906,-0.057
604.688,0.039
605.469,-0.009
606.25,0.088
607.031,-0.106
607.813,-0.106
608.594,-0.106
609.375,-0.009
610.156,0.33
610.938,-0.009
611.719,-0.106
612.5,-0.009
613.281,-0.057
614.063,0.185
614.844,0.039
615.625,-0.154
616.406,-0.106
617.188,-0.057
617.969,0.282
618.75,0.039
619.531,-0.203
620.313,-0.154
621.094,-0.057
621.875,0.233
622.656,0.039
623.438,-0.009
624.219,-0.106
625,-0.154
625.781,0.185
626.563,0.039
627.344,-0.057
628.125,-0.154
628.906,-0.154
629.688,0.136
630.469,0.185
631.25,0.136
632.031,-0.3
632.813,-0.106
633.594,0.33
634.375,0.039
635.156,0.039
635.938,-0.106
636.719,-0.251
637.5,0.136
638.281,0.088
639.063,-0.057
639.844,-0.009
640.625,-0.251
641.406,0.136
642.188,0.33
642.969,-0.106
643.75,-0.009
644.531,-0.106
645.313,-0.057
646.094,0.185
646.875,0.039
647.656,-0.009
648.438,-0.154
649.219,-0.057
650,0.136
650.781,0.088
651.563,-0.009
652.344,-0.106
653.125,-0.009
653.906,-0.009
654.688,0.088
655.469,0.136
656.25,-0.009
657.031,-0.154
657.813,-0.106
658.594,0.233
659.375,0.039
660.156,-0.203
660.938,-0.009
661.719,-0.057
662.5,0.136
663.281,0.185
664.063,-0.106
664.844,-0.106
665.625,-0.154
666.406,0.039
667.188,0.039
667.969,0.039
668.75,-0.057
669.531,-0.348
670.313,0.136
671.094,0.282
671.875,-0.106
672.656,-0.057
673.438,-0.106
674.219,-0.009
675,0.136
675.781,0.039
676.563,-0.057
677.344,-0.203
678.125,-0.009
678.906,0.185
679.688,0.185
680.469,-0.009
681.25,-0.203
682.031,-0.057
682.813,0.039
683.594,0.233
684.375,0.039
685.156,-0.348
685.938,-0.009
686.719,0.039
687.5,0.039
688.281,0.185
689.063,-0.203
689.844,-0.154
690.625,0.088
691.406,0.088
692.188,0.185
692.969,-0.251
693.75,-0.057
694.531,-0.009
695.313,-0.009
696.094,0.33
696.875,-0.057
697.656,-0.203
698.438,0.039
699.219,0.136
700,0.185
700.781,-0.057
701.563,-0.106
702.344,-0.009
703.125,-0.009
703.906,0.136
704.688,-0.057
705.469,-0.154
706.25,-0.057
707.031,0.088
707.813,0.185
708.594,0.088
709.375,-0.154
710.156,-0.203
710.938,-0.009
711.719,0.136
712.5,0.088
713.281,-0.057
714.063,-0.203
714.844,-0.057
715.625,0.185
716.406,0.136
717.188,-0.009
717.969,-0.154
718.75,-0.106
719.531,0.039
720.313,0.136
721.094,-0.009
721.875,-0.106
722.656,-0.057
723.438,-0.154
724.219,0.136
725,0.185
725.781,-0.154
726.563,-0.057
727.344,0.088
728.125,0.088
728.906,0.136
729.688,-0.154
730.469,-0.154
731.25,-0.009
732.031,0.039
732.813,0.233
733.594,-0.106
734.375,-0.154
735.156,-0.057
735.938,0.136
736.719,0.282
737.5,-0.106
738.281,-0.203
739.063,-0.154
739.844,0.039
740.625,0.185
741.406,-0.106
742.188,-0.106
742.969,-0.106
743.75,-0.009
744.531,0.233
745.313,-0.057
746.094,0.039
746.875,-0.057
747.656,0.039
748.438,0.185
749.219,-0.009
750,-0.009
750.781,-0.203
751.563,-0.009
752.344,0.185
753.125,0.136
753.906,0.039
754.688,-0.106
755.469,-0.106
756.25,0.039
757.031,0.088
757.813,0.136
758.594,-0.057
759.375,-0.203
760.156,-0.009
760.938,0.185
761.719,-0.057
762.5,-0.106
763.281,-0.057
764.063,0.039
764.844,0.282
765.625,-0.009
766.406,0.039
767.188,-0.106
767.969,-0.203
768.75,0.136
769.531,0.185
770.313,-0.057
771.094,-0.251
771.875,-0.009
772.656,0.136
773.438,0.088
774.219,0.136
775,-0.154
775.781,-0.106
776.563,0.088
777.344,0.136
778.125,0.039
778.906,-0.203
779.688,-0.057
780.469,-0.009
781.25,0.136
782.031,0.088
782.813,-0.154
783.594,-0.009
784.375,-0.009
785.156,0.088
785.938,0.088
786.719,-0.106
787.5,-0.154
788.281,-0.203
789.063,0.088
789.844,0.33
790.625,-0.057
791.406,-0.251
792.188,-0.106
792.969,0.185
793.75,0.185
794.531,-0.009
795.313,-0.057
796.094,-0.106
796.875,-0.009
797.656,0.088
798.438,0.088
799.219,-0.106
800,-0.154
800.781,0.136
801.563,0.088
802.344,0.039
803.125,-0.009
803.906,-0.154
804.688,-0.057
805.469,0.136
806.25,0.088
807.031,-0.203
807.813,-0.009
808.594,-0.057
809.375,-0.154
810.156,0.282
810.938,0.039
811.719,-0.203
812.5,-0.009
813.281,0.039
814.063,0.039
814.844,-0.009
815.625,-0.009
816.406,-0.203
817.188,-0.057
817.969,0.233
818.75,0.088
819.531,0.039
820.313,-0.203
821.094,-0.057
821.875,0.185
822.656,0.136
823.438,-0.009
824.219,-0.3
825,-0.057
825.781,0.185
826.563,-0.009
827.344,-0.009
828.125,-0.154
828.906,-0.203
829.688,0.136
830.469,0.233
831.25,0.088
832.031,-0.106
832.813,-0.3
833.594,0.088
834.375,0.33
835.156,-0.057
835.938,-0.203
836.719,-0.106
837.5,-0.009
838.281,0.185
839.063,0.088
839.844,-0.057
840.625,0.039
841.406,-0.057
842.188,0.088
842.969,0.185
843.75,-0.057
844.531,-0.106
845.313,-0.203
846.094,0.039
846.875,0.136
847.656,-0.057
848.438,-0.106
849.219,-0.251
850,0.088
850.781,0.185
851.563,0.039
852.344,-0.057
853.125,-0.251
853.906,0.088
854.688,0.088
855.469,-0.009
856.25,-0.057
857.031,-0.057
857.813,0.136
858.594,0.088
859.375,0.185
860.156,-0.057
860.938,-0.057
861.719,-0.106
862.5,0.088
863.281,0.282
864.063,-0.203
864.844,-0.106
865.625,-0.057
866.406,-0.009
867.188,0.185
867.969,-0.009
868.75,-0.009
869.531,-0.154
870.313,-0.009
871.094,0.233
871.875,0.088
872.656,-0.009
873.438,-0.348
874.219,-0.057
875,0.136
875.781,0.088
876.563,0.088
877.344,-0.106
878.125,0.039
878.906,-0.106
879.688,0.136
880.469,0.136
881.25,-0.348
882.031,-0.057
882.813,0.088
883.594,0.088
884.375,0.185
885.156,-0.106
885.938,-0.251
886.719,0.039
887.5,0.233
888.281,0.088
889.063,-0.057
889.844,-0.251
890.625,0.039
891.406,0.282
892.188,-0.009
892.969,-0.106
893.75,-0.057
894.531,-0.009
895.313,0.088
896.094,0.088
896.875,-0.009
897.656,-0.106
898.438,-0.106
899.219,0.039
900,0.136
900.781,-0.009
901.563,-0.106
902.344,-0.009
903.125,-0.009
903.906,0.185
904.688,0.185
905.469,-0.251
906.25,-0.106
907.031,0.039
907.813,0.233
908.594,0.136
909.375,-0.251
910.156,-0.106
910.938,0.039
911.719,0.039
912.5,0.185
913.281,-0.009
914.063,-0.154
914.844,-0.106
915.625,0.088
916.406,0.233
917.188,0.039
917.969,-0.154
918.75,-0.154
919.531,-0.009
920.313,0.136
921.094,0.088
921.875,-0.106
922.656,-0.203
923.438,-0.009
924.219,0.185
925,0.088
925.781,0.039
926.563,-0.154
927.344,-0.154
928.125,0.233
928.906,0.088
929.688,-0.106
930.469,-0.251
931.25,-0.106
932.031,0.233
932.813,0.088
933.594,0.136
934.375,-0.154
935.156,-0.251
935.938,0.185
936.719,0.185
937.5,-0.009
938.281,-0.057
939.063,-0.106
939.844,-0.057
940.625,0.233
941.406,0.039
942.188,-0.154
942.969,-0.106
943.75,0.039
944.531,0.282
945.313,-0.106
946.094,-0.154
946.875,-0.154
947.656,-0.057
948.438,0.233
949.219,0.088
950,0.088
950.781,-0.251
951.563,-0.106
952.344,0.185
953.125,0.088
953.906,0.136
954.688,-0.154
955.469,-0.057
956.25,0.039
957.031,0.039
957.813,-0.009
958.594,-0.154
959.375,0.039
960.156,-0.057
960.938,0.136
961.719,0.136
962.5,-0.106
963.281,-0.057
964.063,-0.154
964.844,-0.009
965.625,0.088
966.406,0.088
967.188,-0.203
967.969,-0.106
968.75,0.185
969.531,-0.057
970.313,0.088
971.094,-0.154
971.875,-0.203
972.656,0.185
973.438,0.039
974.219,0.185
975,-0.154
975.781,-0.251
976.563,0.185
977.344,-0.106
978.125,0.185
978.906,-0.057
979.688,-0.3
980.469,0.282
981.25,0.088
982.031,0.185
982.813,-0.057
983.594,-0.251
984.375,0.039
985.156,-0.009
985.938,0.185
986.719,-0.009
987.5,-0.3
988.281,-0.057
989.063,0.136
989.844,0.088
990.625,-0.009
991.406,-0.106
992.188,-0.154
992.969,0.088
993.75,0.233
994.531,-0.009
995.313,-0.154
996.094,-0.3
996.875,-0.009
997.656,0.185
998.438,0.136
999.219,-0.009
1000,-0.203
1000.781,0.185
1001.563,0.136
1002.344,0.088
1003.125,0.088
1003.906,-0.251
1004.688,-0.009
1005.469,0.039
1006.25,-0.009
1007.031,-0.009
1007.813,-0.057
1008.594,-0.057
1009.375,-0.106
1010.156,0.136
1010.938,0.136
1011.719,-0.106
1012.5,-0.106
1013.281,-0.057
1014.063,0.088
1014.844,0.088
1015.625,-0.106
1016.406,-0.203
1017.188,-0.009
1017.969,0.233
1018.75,0.136
1019.531,-0.009
1020.313,-0.057
1021.094,-0.057
1021.875,0.136
1022.656,0.088
1023.438,-0.009
1024.219,-0.154
1025,-0.154
1025.781,0.088
1026.563,0.233
1027.344,-0.057
1028.125,-0.203
1028.906,-0.009
1029.688,0.039
1030.469,0.088
1031.25,0.088
1032.031,-0.106
1032.813,-0.106
1033.594,-0.009
1034.375,0.088
1035.156,0.185
1035.938,-0.057
1036.719,-0.3
1037.5,-0.009
1038.281,0.233
1039.063,0.136
1039.844,-0.009
1040.625,-0.106
1041.406,-0.154
1042.188,0.185
1042.969,0.136
1043.75,-0.154
1044.531,0.039
1045.313,-0.203
1046.094,0.039
1046.875,0.233
1047.656,-0.009
1048.438,-0.057
1049.219,-0.203
1050,0.039
1050.781,0.039
1051.563,0.136
1052.344,0.039
1053.125,-0.106
1053.906,0.088
1054.688,0.136
1055.469,0.136
1056.25,-0.154
1057.031,-0.009
1057.813,-0.106
1058.594,-0.009
1059.375,0.379
1060.156,-0.203
1060.938,-0.106
1061.719,-0.009
1062.5,-0.154
1063.281,0.33
1064.063,-0.009
1064.844,-0.106
1065.625,-0.009
1066.406,-0.057
1067.188,0.136
1067.969,0.136
1068.75,-0.203
1069.531,-0.106
1070.313,0.088
1071.094,0.088
1071.875,0.185
1072.656,-0.057
1073.438,-0.057
1074.219,-0.009
1075,-0.009
1075.781,0.282
1076.563,-0.057
1077.344,-0.106
1078.125,-0.057
1078.906,-0.106
1079.688,0.379
1080.469,-0.106
1081.25,-0.3
1082.031,-0.057
1082.813,-0.106
1083.594,0.379
1084.375,0.088
1085.156,-0.203
1085.938,-0.057
1086.719,-0.106
1087.5,0.185
1088.281,-0.009
1089.063,-0.057
1089.844,-0.106
1090.625,-0.106
1091.406,0.136
1092.188,0.233
1092.969,-0.009
1093.75,-0.251
1094.531,-0.009
1095.313,0.088
1096.094,0.185
1096.875,0.088
1097.656,-0.251
1098.438,-0.106
1099.219,0.136
1100,0.039
1100.781,0.039
1101.563,-0.057
1102.344,-0.154
1103.125,0.039
1103.906,0.233
1104.688,0.039
1105.469,-0.154
1106.25,-0.009
1107.031,-0.057
1107.813,0.136
1108.594,0.136
1109.375,-0.057
1110.156,-0.154
1110.938,-0.154
1111.719,0.282
1112.5,0.088
1113.281,-0.057
1114.063,0.136
1114.844,-0.251
1115.625,0.039
1116.406,0.282
1117.188,-0.154
1117.969,0.039
1118.75,-0.106
1119.531,-0.154
1120.313,0.282
1121.094,0.185
1121.875,-0.203
1122.656,-0.251
1123.438,-0.009
1124.219,0.185
1125,0.282
1125.781,-0.154
1126.563,-0.203
1127.344,0.088
1128.125,-0.009
1128.906,-0.009
1129.688,0.088
1130.469,-0.154
1131.25,-0.203
1132.031,0.185
1132.813,0.136
1133.594,-0.009
1134.375,-0.154
1135.156,-0.154
1135.938,0.185
1136.719,0.039
1137.5,-0.009
1138.281,-0.057
1139.063,-0.154
1139.844,-0.009
1140.625,0.185
1141.406,0.088
1142.188,-0.057
1142.969,-0.203
1143.75,0.039
1144.531,0.282
1145.313,-0.057
1146.094,-0.009
1146.875,-0.106
1147.656,-0.251
1148.438,0.185
1149.219,0.088
1150,-0.106
1150.781,-0.009
1151.563,-0.203
1152.344,0.088
1153.125,0.185
1153.906,-0.106
1154.688,-0.009
1155.469,-0.057
1156.25,-0.106
1157.031,0.136
1157.813,0.136
1158.594,-0.009
1159.375,-0.203
1160.156,-0.057
1160.938,0.33
1161.719,0.185
1162.5,-0.106
1163.281,-0.154
1164.063,-0.057
1164.844,0.136
1165.625,0.136
1166.406,-0.009
1167.188,-0.154
1167.969,-0.106
1168.75,-0.009
1169.531,0.039
1170.313,-0.009
1171.094,-0.057
1171.875,-0.154
1172.656,-0.009
1173.438,0.185
1174.219,0.088
1175,-0.057
1175.781,-0.203
1176.563,-0.009
1177.344,0.136
1178.125,0.088
1178.906,-0.057
1179.688,-0.106
1180.469,-0.057
1181.25,0.136
1182.031,0.185
1182.813,-0.009
1183.594,-0.203
1184.375,-0.203
1185.156,-0.009
1185.938,0.282
1186.719,-0.057
1187.5,-0.203
1188.281,-0.009
1189.063,-0.106
1189.844,0.136
1190.625,0.039
1191.406,-0.203
1192.188,-0.154
1192.969,0.088
1193.75,0.233
1194.531,-0.106
1195.313,-0.057
1196.094,-0.057
1196.875,-0.009
1197.656,0.136
1198.438,0.039
1199.219,0.088
1200,-0.203
1200.781,-0.057
1201.563,0.233
1202.344,0.039
1203.125,-0.057
1203.906,-0.057
1204.688,-0.057
1205.469,0.039
1206.25,0.185
1207.031,-0.009
1207.813,-0.203
1208.594,-0.057
1209.375,0.136
1210.156,0.039
1210.938,0.039
1211.719,-0.057
1212.5,-0.203
1213.281,-0.057
1214.063,0.185
1214.844,0.088
1215.625,-0.106
1216.406,-0.057
1217.188,-0.009
1217.969,0.136
1218.75,0.088
1219.531,-0.057
1220.313,-0.203
1221.094,-0.106
1221.875,0.039
1222.656,0.136
1223.438,0.185
1224.219,-0.154
1225,-0.203
1225.781,0.039
1226.563,0.282
1227.344,0.136
1228.125,-0.203
1228.906,-0.057
1229.688,-0.057
1230.469,0.136
1231.25,0.088
1232.031,-0.203
1232.813,-0.154
1233.594,-0.057
1234.375,0.233
1235.156,0.136
1235.938,-0.106
1236.719,-0.106
1237.5,-0.106
1238.281,0.039
1239.063,0.233
1239.844,-0.009
1240.625,-0.251
1241.406,-0.009
1242.188,-0.009
1242.969,0.185
1243.75,0.039
1244.531,-0.203
1245.313,0.039
1246.094,0.039
1246.875,0.185
1247.656,0.088
1248.438,-0.251
1249.219,-0.057
1250,0.088
1250.781,-0.009
1251.563,0.088
1252.344,0.088
1253.125,-0.251
1253.906,0.088
1254.688,0.088
1255.469,0.039
1256.25,0.136
1257.031,-0.3
1257.813,-0.106
1258.594,0.136
1259.375,0.088
1260.156,-0.106
1260.938,-0.154
1261.719,0.039
1262.5,-0.009
1263.281,0.136
1264.063,0.185
1264.844,-0.009
1265.625,-0.203
1266.406,-0.106
1267.188,0.33
1267.969,0.136
1268.75,-0.106
1269.531,-0.154
1270.313,-0.057
1271.094,0.088
1271.875,0.185
1272.656,0.088
1273.438,-0.203
1274.219,-0.009
1275,0.088
1275.781,0.136
1276.563,0.088
1277.344,-0.154
1278.125,-0.251
1278.906,0.088
1279.688,0.233
1280.469,0.039
1281.25,-0.057
1282.031,-0.154
1282.813,-0.057
1283.594,0.233
1284.375,0.185
1285.156,-0.154
1285.938,-0.203
1286.719,-0.057
1287.5,0.136
1288.281,0.185
1289.063,-0.106
1289.844,-0.106
1290.625,-0.106
1291.406,0.039
1292.188,0.282
1292.969,0.039
1293.75,-0.154
1294.531,-0.106
1295.313,0.088
1296.094,0.088
1296.875,-0.057
1297.656,-0.203
1298.438,-0.057
1299.219,0.039
1300,0.185
1300.781,0.233
1301.563,-0.203
1302.344,-0.251
1303.125,0.039
1303.906,0.185
1304.688,0.136
1305.469,-0.106
1306.25,-0.154
1307.031,-0.009
1307.813,0.039
1308.594,0.136
1309.375,-0.009
1310.156,-0.154
1310.938,-0.057
1311.719,0.136
1312.5,0.282
1313.281,-0.057
1314.063,-0.057
1314.844,-0.154
1315.625,-0.203
1316.406,0.282
1317.188,-0.106
1317.969,-0.154
1318.75,-0.009
1319.531,-0.009
1320.313,0.233
1321.094,0.136
1321.875,-0.009
1322.656,-0.203
1323.438,-0.057
1324.219,0.233
1325,0.088
1325.781,0.039
1326.563,-0.251
1327.344,-0.154
1328.125,0.088
1328.906,0.136
1329.688,0.088
1330.469,-0.106
1331.25,-0.057
1332.031,-0.057
1332.813,0.185
1333.594,0.039
1334.375,-0.3
1335.156,-0.106
1335.938,-0.009
1336.719,0.039
1337.5,0.088
1338.281,-0.009
1339.063,-0.106
1339.844,-0.057
1340.625,0.282
1341.406,0.185
1342.188,-0.106
1342.969,-0.251
1343.75,-0.057
1344.531,0.088
1345.313,0.039
1346.094,0.088
1346.875,-0.3
1347.656,-0.106
1348.438,0.136
1349.219,0.088
1350,0.233
1350.781,-0.203
1351.563,-0.154
1352.344,0.039
1353.125,0.088
1353.906,0.136
1354.688,-0.251
1355.469,-0.154
1356.25,-0.057
1357.031,0.185
1357.813,0.185
1358.594,-0.203
1359.375,0.039
1360.156,-0.106
1360.938,0.136
1361.719,0.282
1362.5,-0.203
1363.281,-0.106
1364.063,-0.057
1364.844,0.039
1365.625,0.185
1366.406,-0.009
1367.188,-0.154
1367.969,-0.106
1368.75,-0.009
1369.531,0.136
1370.313,0.088
1371.094,-0.057
1371.875,-0.057
1372.656,-0.057
1373.438,0.088
1374.219,0.136
1375,-0.154
1375.781,-0.106
1376.563,0.039
1377.344,0.039
1378.125,0.233
1378.906,-0.009
1379.688,-0.154
1380.469,-0.106
1381.25,0.039
1382.031,0.33
1382.813,0.039
1383.594,-0.3
1384.375,-0.106
1385.156,0.136
1385.938,0.136
1386.719,-0.106
1387.5,-0.009
1388.281,-0.154
1389.063,-0.154
1389.844,0.33
1390.625,0.039
1391.406,-0.154
1392.188,-0.154
1392.969,-0.057
1393.75,0.33
1394.531,0.039
1395.313,-0.057
1396.094,-0.106
1396.875,-0.057
1397.656,0.282
1398.438,0.088
1399.219,-0.009
1400,-0.154
1400.781,-0.057
1401.563,-0.009
1402.344,0.136
1403.125,0.039
1403.906,-0.203
1404.688,-0.009
1405.469,-0.106
1406.25,0.282
1407.031,0.136
1407.813,-0.251
1408.594,-0.057
1409.375,-0.009
1410.156,0.185
1410.938,0.136
1411.719,-0.154
1412.5,-0.154
1413.281,-0.009
1414.063,0.185
1414.844,0.039
1415.625,-0.106
1416.406,0.039
1417.188,-0.154
1417.969,0.136
1418.75,0.185
1419.531,0.039
1420.313,-0.154
1421.094,-0.203
1421.875,0.088
1422.656,0.136
1423.438,0.233
1424.219,-0.106
1425,-0.106
1425.781,0.039
1426.563,0.039
1427.344,0.233
1428.125,-0.203
1428.906,-0.106
1429.688,-0.009
1430.469,-0.009
1431.25,0.33
1432.031,0.039
1432.813,-0.251
1433.594,-0.057
1434.375,0.039
1435.156,0.185
1435.938,0.136
1436.719,-0.154
1437.5,-0.203
1438.281,-0.009
1439.063,0.185
1439.844,0.039
1440.625,-0.251
1441.406,-0.057
1442.188,0.233
1442.969,0.136
1443.75,0.136
1444.531,-0.106
1445.313,-0.154
1446.094,0.088
1446.875,0.039
1447.656,0.136
1448.438,-0.009
1449.219,-0.251
1450,-0.057
1450.781,0.185
1451.563,0.136
1452.344,-0.106
1453.125,-0.009
1453.906,-0.154
1454.688,0.088
1455.469,0.282
1456.25,-0.154
1457.031,0.039
1457.813,-0.057
1458.594,-0.009
1459.375,0.185
1460.156,-0.106
1460.938,-0.057
1461.719,-0.057
1462.5,-0.009
1463.281,0.136
1464.063,0.136
1464.844,-0.009
1465.625,-0.251
1466.406,-0.106
1467.188,0.185
1467.969,0.088
1468.75,0.136
1469.531,-0.203
1470.313,-0.154
1471.094,0.233
1471.875,-0.009
1472.656,0.136
1473.438,-0.057
1474.219,-0.154
1475,-0.009
1475.781,0.039
1476.563,0.233
1477.344,-0.203
1478.125,-0.203
1478.906,0.039
1479.688,0.136
1480.469,0.233
1481.25,-0.106
1482.031,-0.106
1482.813,-0.057
1483.594,0.136
1484.375,0.185
1485.156,-0.057
1485.938,-0.203
1486.719,-0.106
1487.5,0.088
1488.281,0.088
1489.063,-0.009
1489.844,-0.154
1490.625,-0.154
1491.406,0.088
1492.188,0.282
1492.969,-0.009
1493.75,-0.251
1494.531,-0.106
1495.313,0.039
1496.094,0.088
1496.875,0.039
1497.656,-0.154
1498.438,-0.154
1499.219,-0.009
1500,0.039
1500.781,0.136
1501.563,-0.057
1502.344,-0.057
1503.125,-0.057
1503.906,0.088
1504.688,0.233
1505.469,-0.251
1506.25,-0.251
1507.031,-0.009
1507.813,-0.057
1508.594,0.136
1509.375,0.039
1510.156,-0.154
1510.938,-0.057
1511.719,-0.009
1512.5,0.185
1513.281,-0.106
1514.063,-0.106
1514.844,-0.009
1515.625,-0.009
1516.406,0.136
1517.188,-0.009
1517.969,0.039
1518.75,-0.3
1519.531,-0.009
1520.313,0.282
1521.094,0.039
1521.875,0.136
1522.656,-0.154
1523.438,-0.057
1524.219,0.088
1525,0.136
1525.781,0.088
1526.563,-0.251
1527.344,-0.106
1528.125,0.088
1528.906,0.088
1529.688,0.185
1530.469,-0.057
1531.25,-0.348
1532.031,-0.009
1532.813,0.33
1533.594,0.088
1534.375,-0.106
1535.156,-0.203
1535.938,-0.154
1536.719,0.233
1537.5,0.088
1538.281,-0.009
1539.063,-0.106
1539.844,-0.106
1540.625,0.185
1541.406,0.282
1542.188,0.088
1542.969,-0.251
1543.75,-0.154
1544.531,0.136
1545.313,0.233
1546.094,0.088
1546.875,-0.203
1547.656,-0.057
1548.438,0.039
1549.219,0.088
1550,0.185
1550.781,-0.251
1551.563,-0.154
1552.344,0.136
1553.125,0.039
1553.906,0.136
1554.688,0.039
1555.469,-0.203
1556.25,-0.106
1557.031,0.136
1557.813,0.185
1558.594,0.039
1559.375,-0.154
1560.156,-0.106
1560.938,0.233
1561.719,0.088
1562.5,-0.057
1563.281,0.039
1564.063,-0.251
1564.844,0.136
1565.625,0.185
1566.406,-0.009
1567.188,0.039
1567.969,-0.203
1568.75,0.136
1569.531,0.039
1570.313,-0.009
1571.094,0.136
1571.875,-0.203
1572.656,-0.106
1573.438,0.185
1574.219,0.088
1575,0.088
1575.781,-0.154
1576.563,-0.106
1577.344,0.039
1578.125,0.185
1578.906,0.039
1579.688,-0.3
1580.469,-0.057
1581.25,0.088
1582.031,0.088
1582.813,0.136
1583.594,-0.106
1584.375,-0.154
1585.156,0.088
1585.938,0.33
1586.719,0.088
1587.5,-0.154
1588.281,-0.106
1589.063,-0.057
1589.844,0.136
1590.625,0.136
1591.406,-0.154
1592.188,-0.057
1592.969,0.039
1593.75,0.136
1594.531,0.088
1595.313,-0.009
1596.094,-0.057
1596.875,-0.203
1597.656,0.088
1598.438,0.185
1599.219,-0.009

Machine Name,P29201A
Point Name,29VT-2003AY
Wf Amp,40.405
Number of Revs,8
X-Axis Unit,ms
Y-Axis Unit,µm 
Sample Speed, 3961 rpm
Sample Status,Valid
Timestamp,8/27/2023 11:37:13 AM
Variable,Disp Wf(256X/8revs).29KT-2014A
X-Axis Value,Y-Axis Value
0,15.138
0.059,15.041
0.118,15.186
0.178,15.38
0.237,15.331
0.296,14.799
0.355,15.041
0.414,15.138
0.473,15.089
0.533,15.089
0.592,15.186
0.651,15.428
0.71,15.428
0.769,15.525
0.828,15.961
0.888,16.01
0.947,15.913
1.006,15.719
1.065,15.671
1.124,15.767
1.183,15.283
1.243,15.186
1.302,15.477
1.361,15.428
1.42,15.138
1.479,14.799
1.538,14.508
1.598,14.653
1.657,14.75
1.716,15.525
1.775,15.089
1.834,14.605
1.893,14.072
1.953,15.041
2.012,15.235
2.071,15.283
2.13,13.975
2.189,13.684
2.248,13.781
2.308,14.556
2.367,14.217
2.426,13.927
2.485,12.764
2.544,12.473
2.604,12.667
2.663,13.49
2.722,13.006
2.781,12.715
2.84,11.892
2.899,12.473
2.959,12.425
3.018,13.49
3.077,12.909
3.136,12.715
3.195,11.262
3.254,11.456
3.314,11.456
3.373,12.037
3.432,11.262
3.491,10.971
3.55,9.905
3.609,9.809
3.669,9.082
3.728,9.469
3.787,9.324
3.846,9.276
3.905,7.725
3.964,8.064
4.024,7.871
4.083,9.276
4.142,8.016
4.201,7.435
4.26,5.933
4.319,6.563
4.379,5.933
4.438,6.611
4.497,5.255
4.556,3.995
4.615,1.815
4.674,2.009
4.734,1.718
4.793,2.251
4.852,0.991
4.911,0.846
4.97,-0.22
5.03,0.265
5.089,0.313
5.148,1.621
5.207,-0.075
5.266,-0.947
5.325,-2.255
5.385,-1.286
5.444,-1.625
5.503,-1.334
5.562,-3.369
5.621,-3.756
5.68,-5.646
5.74,-4.968
5.799,-5.452
5.858,-4.435
5.917,-6.13
5.976,-6.954
6.035,-8.068
6.095,-6.76
6.154,-6.76
6.213,-6.227
6.272,-6.954
6.331,-7.487
6.39,-8.407
6.45,-7.051
6.509,-6.276
6.568,-5.21
6.627,-6.179
6.686,-5.985
6.745,-6.566
6.805,-6.276
6.864,-8.311
6.923,-7.342
6.982,-7.923
7.041,-8.214
7.1,-10.2
7.16,-9.861
7.219,-10.394
7.278,-10.684
7.337,-12.961
7.396,-13.591
7.456,-14.076
7.515,-13.446
7.574,-14.56
7.633,-15.093
7.692,-16.062
7.751,-16.062
7.811,-16.401
7.87,-15.965
7.929,-16.643
7.988,-16.886
8.047,-18.291
8.106,-17.467
8.166,-17.273
8.225,-16.498
8.284,-17.225
8.343,-17.322
8.402,-18.533
8.461,-18.145
8.521,-18.097
8.58,-17.031
8.639,-17.128
8.698,-16.982
8.757,-17.515
8.816,-17.225
8.876,-17.515
8.935,-17.273
8.994,-17.225
9.053,-16.643
9.112,-16.982
9.171,-17.176
9.231,-18
9.29,-17.37
9.349,-17.661
9.408,-17.418
9.467,-17.612
9.526,-17.467
9.586,-17.854
9.645,-17.758
9.704,-17.661
9.763,-16.547
9.822,-16.837
9.882,-16.789
9.941,-17.031
10,-16.11
10.059,-15.529
10.118,-15.335
10.177,-15.432
10.237,-15.238
10.296,-15.19
10.355,-15.141
10.414,-14.899
10.473,-14.512
10.532,-14.948
10.592,-15.19
10.651,-14.802
10.71,-13.979
10.769,-13.785
10.828,-13.737
10.887,-13.494
10.947,-12.574
11.006,-12.089
11.065,-11.46
11.124,-11.411
11.183,-11.024
11.242,-11.072
11.302,-10.539
11.361,-9.667
11.42,-9.037
11.479,-8.94
11.538,-8.795
11.597,-8.02
11.657,-7.196
11.716,-6.857
11.775,-6.857
11.834,-6.712
11.893,-6.373
11.952,-5.84
12.012,-5.065
12.071,-4.193
12.13,-3.999
12.189,-4.435
12.248,-3.95
12.307,-2.885
12.367,-1.964
12.426,-1.819
12.485,-1.528
12.544,-1.431
12.603,-0.85
12.663,0.652
12.722,1.718
12.781,2.445
12.84,2.105
12.899,2.735
12.958,3.22
13.018,4.383
13.077,4.625
13.136,5.158
13.195,4.77
13.254,3.947
13.313,3.898
13.373,5.497
13.432,7.047
13.491,7.725
13.55,7.289
13.609,7.822
13.668,8.888
13.728,10.148
13.787,10.051
13.846,10.584
13.905,10.777
13.964,11.456
14.023,11.553
14.083,13.006
14.142,13.006
14.201,12.958
14.26,12.279
14.319,13.394
14.378,13.975
14.438,15.138
14.497,14.847
14.556,14.896
14.615,13.83
14.674,13.878
14.733,13.781
14.793,15.235
14.852,14.847
14.911,14.314
14.97,13.49
15.029,14.217
15.089,14.411
15.148,15.283
15.207,14.944
15.266,15.331
15.325,14.411
15.384,14.75
15.444,14.605
15.503,15.961
15.562,15.38
15.621,15.671
15.68,14.411
15.739,15.041
15.799,14.992
15.858,16.446
15.917,15.719
15.976,15.767
16.035,14.363
16.094,15.477
16.154,15.38
16.213,16.107
16.272,15.186
16.331,15.671
16.39,15.041
16.449,15.331
16.509,15.041
16.568,16.397
16.627,15.913
16.686,15.767
16.745,14.363
16.804,15.235
16.864,15.913
16.923,16.688
16.982,15.283
17.041,15.428
17.1,14.605
17.159,15.622
17.219,15.186
17.278,16.01
17.337,14.847
17.396,14.847
17.455,13.927
17.515,15.331
17.574,14.847
17.633,14.992
17.692,13.636
17.751,14.072
17.81,13.781
17.87,14.314
17.929,13.878
17.988,14.12
18.047,13.394
18.106,13.587
18.165,13.2
18.225,13.442
18.284,12.618
18.343,13.006
18.402,11.94
18.461,12.134
18.52,10.729
18.58,11.165
18.639,10.632
18.698,11.31
18.757,9.76
18.816,9.324
18.875,8.258
18.935,8.791
18.994,8.307
19.053,8.743
19.112,7.774
19.171,7.096
19.23,6.417
19.29,6.756
19.349,6.514
19.408,5.933
19.467,4.576
19.526,4.528
19.585,3.704
19.645,3.704
19.704,2.299
19.763,1.815
19.822,0.701
19.881,0.507
19.941,-0.317
20,0.071
20.059,-0.123
20.118,-0.075
20.177,-1.043
20.236,-0.704
20.296,-0.462
20.355,-1.14
20.414,-2.303
20.473,-2.206
20.532,-2.545
20.591,-3.272
20.651,-4.435
20.71,-4.774
20.769,-5.404
20.828,-5.937
20.887,-7.148
20.946,-7.487
21.006,-7.923
21.065,-7.826
21.124,-8.795
21.183,-9.037
21.242,-9.715
21.301,-9.57
21.361,-9.619
21.42,-9.376
21.479,-10.151
21.538,-10.684
21.597,-10.588
21.656,-9.861
21.716,-9.425
21.775,-9.183
21.834,-9.183
21.893,-9.183
21.952,-10.103
22.011,-11.072
22.071,-10.684
22.13,-10.345
22.189,-11.363
22.248,-11.896
22.307,-11.992
22.367,-11.944
22.426,-13.058
22.485,-14.173
22.544,-14.705
22.603,-14.802
22.662,-15.287
22.722,-15.674
22.781,-15.917
22.84,-16.45
22.899,-17.128
22.958,-17.031
23.017,-16.934
23.077,-17.467
23.136,-17.951
23.195,-18.436
23.254,-18.048
23.313,-17.951
23.372,-17.903
23.432,-17.758
23.491,-17.951
23.55,-18.872
23.609,-19.744
23.668,-19.066
23.727,-18
23.787,-18
23.846,-18.436
23.905,-18.484
23.964,-18.339
24.023,-18.436
24.082,-18.242
24.142,-18
24.201,-17.37
24.26,-17.758
24.319,-17.661
24.378,-17.661
24.437,-16.789
24.497,-17.079
24.556,-16.643
24.615,-16.547
24.674,-16.062
24.733,-16.353
24.793,-15.965
24.852,-15.578
24.911,-14.754
24.97,-15.045
25.029,-14.996
25.088,-14.851
25.148,-14.221
25.207,-13.397
25.266,-13.349
25.325,-13.979
25.384,-14.076
25.443,-14.415
25.503,-13.349
25.562,-13.155
25.621,-13.252
25.68,-14.802
25.739,-14.318
25.798,-14.173
25.858,-12.719
25.917,-12.913
25.976,-12.622
26.035,-13.446
26.094,-12.622
26.153,-12.332
26.213,-10.878
26.272,-11.169
26.331,-11.072
26.39,-11.896
26.449,-10.878
26.508,-10.345
26.568,-9.037
26.627,-9.425
26.686,-8.407
26.745,-8.747
26.804,-7.923
26.863,-7.778
26.923,-5.985
26.982,-6.034
27.041,-5.791
27.1,-6.373
27.159,-4.774
27.219,-4.193
27.278,-2.836
27.337,-3.466
27.396,-2.788
27.455,-3.369
27.514,-1.77
27.574,-1.431
27.633,-0.026
27.692,-0.704
27.751,-0.317
27.81,-0.075
27.869,1.912
27.929,2.251
27.988,3.365
28.047,2.881
28.106,3.462
28.165,3.074
28.224,4.673
28.284,4.964
28.343,5.594
28.402,3.753
28.461,4.286
28.52,4.286
28.579,6.611
28.639,6.708
28.698,8.307
28.757,8.452
28.816,9.13
28.875,8.597
28.934,10.002
28.994,10.584
29.053,12.086
29.112,11.746
29.171,12.425
29.23,11.843
29.289,12.812
29.349,12.812
29.408,14.072
29.467,13.781
29.526,14.023
29.585,13.733
29.645,15.331
29.704,15.428
29.763,15.477
29.822,14.169
29.881,14.896
29.94,14.75
30,15.525
30.059,14.847
30.118,15.574
30.177,14.944
30.236,15.089
30.295,14.556
30.355,15.331
30.414,15.235
30.473,15.671
30.532,14.799
30.591,14.75
30.65,14.169
30.71,14.992
30.769,15.235
30.828,15.235
30.887,14.363
30.946,14.605
31.005,14.75
31.065,15.525
31.124,15.235
31.183,15.816
31.242,14.896
31.301,15.041
31.36,14.363
31.42,15.38
31.479,15.331
31.538,15.138
31.597,14.12
31.656,14.702
31.715,14.992
31.775,15.38
31.834,14.411
31.893,14.169
31.952,14.508
32.011,14.896
32.07,14.944
32.13,14.896
32.189,14.411
32.248,14.556
32.307,14.508
32.366,14.944
32.426,14.266
32.485,14.169
32.544,13.733
32.603,14.411
32.662,14.023
32.721,13.442
32.781,12.522
32.84,12.57
32.899,12.57
32.958,12.328
33.017,11.698
33.076,11.65
33.136,11.553
33.195,11.456
33.254,11.843
33.313,11.843
33.372,11.601
33.431,11.117
33.491,11.359
33.55,11.746
33.609,11.698
33.668,11.456
33.727,10.826
33.786,11.117
33.846,11.02
33.905,11.117
33.964,10.39
34.023,10.293
34.082,9.809
34.141,10.148
34.201,10.148
34.26,9.76
34.319,9.324
34.378,9.276
34.437,9.566
34.496,8.694
34.556,8.307
34.615,8.064
34.674,7.919
34.733,7.096
34.792,6.32
34.852,5.594
34.911,4.818
34.97,3.995
35.029,3.171
35.088,2.978
35.147,2.881
35.207,2.832
35.266,2.59
35.325,2.299
35.384,2.493
35.443,2.154
35.502,1.96
35.562,1.718
35.621,1.766
35.68,0.797
35.739,0.555
35.798,-0.026
35.857,0.216
35.917,-0.608
35.976,-1.043
36.035,-2.158
36.094,-2.594
36.153,-2.981
36.212,-2.255
36.272,-2.933
36.331,-3.514
36.39,-4.629
36.449,-4.629
36.508,-4.289
36.567,-3.756
36.627,-4.725
36.686,-5.113
36.745,-5.598
36.804,-5.113
36.863,-5.016
36.922,-4.241
36.982,-4.629
37.041,-4.532
37.1,-6.663
37.159,-7.584
37.218,-8.117
37.278,-6.906
37.337,-8.262
37.396,-9.183
37.455,-10.83
37.514,-11.024
37.573,-12.235
37.633,-12.138
37.692,-13.494
37.751,-13.979
37.81,-15.045
37.869,-15.141
37.928,-15.723
37.988,-15.674
38.047,-16.256
38.106,-15.917
38.165,-16.982
38.224,-16.934
38.283,-17.37
38.343,-16.304
38.402,-17.128
38.461,-16.643
38.52,-17.515
38.579,-16.062
38.638,-17.176
38.698,-17.031
38.757,-18.145
38.816,-17.418
38.875,-18.097
38.934,-17.758
38.993,-18.097
39.053,-17.128
39.112,-18
39.171,-18.533
39.23,-19.889
39.289,-19.017
39.348,-18.678
39.408,-17.806
39.467,-18.775
39.526,-18.92
39.585,-20.083
39.644,-19.599
39.704,-19.163
39.763,-17.612
39.822,-18.872
39.881,-19.114
39.94,-20.18
39.999,-18.678
40.059,-18.242
40.118,-16.886
40.177,-18
40.236,-17.758
40.295,-18.387
40.354,-16.595
40.414,-16.11
40.473,-15.529
40.532,-16.353
40.591,-16.062
40.65,-16.353
40.709,-15.287
40.769,-15.384
40.828,-14.948
40.887,-15.723
40.946,-15.141
41.005,-15.432
41.064,-13.785
41.124,-13.591
41.183,-12.622
41.242,-13.494
41.301,-12.38
41.36,-12.671
41.419,-11.46
41.479,-11.75
41.538,-11.024
41.597,-11.556
41.656,-11.363
41.715,-11.411
41.774,-9.958
41.834,-9.57
41.893,-9.183
41.952,-9.909
42.011,-9.134
42.07,-8.747
42.13,-7.923
42.189,-8.02
42.248,-6.906
42.307,-6.954
42.366,-6.324
42.425,-5.937
42.485,-4.919
42.544,-4.871
42.603,-4.096
42.662,-3.853
42.721,-3.03
42.78,-3.175
42.84,-2.594
42.899,-1.77
42.958,-0.268
43.017,-0.123
43.076,0.41
43.135,0.701
43.195,2.057
43.254,2.493
43.313,2.832
43.372,3.171
43.431,3.85
43.49,3.462
43.55,3.365
43.609,3.414
43.668,4.237
43.727,4.818
43.786,5.981
43.845,6.32
43.905,7.241
43.964,7.483
44.023,8.016
44.082,8.113
44.141,8.791
44.2,9.276
44.26,10.535
44.319,10.681
44.378,10.971
44.437,10.826
44.496,11.601
44.556,11.795
44.615,12.037
44.674,12.861
44.733,13.539
44.792,14.508
44.851,14.217
44.911,14.12
44.97,14.072
45.029,14.314
45.088,14.799
45.147,15.235
45.206,15.331
45.266,15.428
45.325,15.574
45.384,15.477
45.443,16.107
45.502,16.349
45.561,16.736
45.621,16.979
45.68,16.882
45.739,16.543
45.798,16.494
45.857,17.027
45.916,17.657
45.976,17.463
46.035,16.543
46.094,17.027
46.153,17.512
46.212,17.851
46.271,17.657
46.331,17.705
46.39,17.512
46.449,17.366
46.508,17.415
46.567,17.657
46.626,17.948
46.686,17.56
46.745,17.366
46.804,17.318
46.863,17.609
46.922,17.705
46.982,17.512
47.041,17.512
47.1,17.318
47.159,17.705
47.218,17.657
47.277,17.996
47.337,17.512
47.396,17.754
47.455,17.415
47.514,17.705
47.573,16.833
47.632,16.688
47.692,17.172
47.751,17.269
47.81,16.155
47.869,15.622
47.928,15.38
47.987,15.671
48.047,15.235
48.106,15.138
48.165,14.314
48.224,14.023
48.283,13.297
48.342,14.217
48.402,14.556
48.461,14.508
48.52,13.2
48.579,12.958
48.638,12.618
48.697,13.587
48.757,13.006
48.816,13.103
48.875,11.746
48.934,11.31
48.993,10.971
49.052,12.037
49.112,11.262
49.171,10.681
49.23,9.082
49.289,9.421
49.348,9.373
49.408,10.099
49.467,9.324
49.526,9.033
49.585,7.677
49.644,7.289
49.703,6.805
49.763,7.774
49.822,6.514
49.881,5.933
49.94,4.237
49.999,3.995
50.058,2.638
50.118,3.074
50.177,1.766
50.236,1.815
50.295,0.216
50.354,0.652
50.413,0.555
50.473,1.234
50.532,0.313
50.591,0.119
50.65,-1.334
50.709,-1.431
50.768,-2.012
50.828,-1.334
50.887,-2.303
50.946,-3.224
51.005,-5.549
51.064,-4.968
51.123,-5.307
51.183,-5.065
51.242,-7.002
51.301,-7.293
51.36,-8.407
51.419,-7.681
51.478,-8.601
51.538,-7.681
51.597,-8.601
51.656,-8.601
51.715,-9.812
51.774,-8.989
51.834,-9.134
51.893,-8.262
51.952,-8.795
52.011,-8.359
52.07,-8.601
52.129,-7.632
52.189,-8.117
52.248,-8.165
52.307,-9.909
52.366,-9.764
52.425,-10.103
52.484,-9.861
52.544,-10.781
52.603,-10.394
52.662,-11.944
52.721,-12.428
52.78,-14.221
52.839,-14.076
52.899,-14.269
52.958,-13.737
53.017,-15.335
53.076,-16.159
53.135,-17.612
53.194,-16.256
53.254,-16.256
53.313,-16.11
53.372,-17.661
53.431,-18.097
53.49,-18.727
53.549,-17.903
53.609,-17.322
53.668,-16.643
53.727,-18
53.786,-18.291
53.845,-19.308
53.904,-18.387
53.964,-18.291
54.023,-17.467
54.082,-18.145
54.141,-18
54.2,-18.775
54.259,-18.145
54.319,-18.242
54.378,-17.709
54.437,-18.387
54.496,-18.291
54.555,-18.194
54.615,-17.564
54.674,-17.661
54.733,-17.854
54.792,-18.097
54.851,-17.564
54.91,-17.564
54.97,-17.128
55.029,-17.322
55.088,-16.982
55.147,-17.612
55.206,-17.176
55.265,-16.595
55.325,-16.159
55.384,-16.692
55.443,-16.789
55.502,-16.304
55.561,-15.384
55.62,-15.723
55.68,-15.626
55.739,-15.626
55.798,-15.287
55.857,-15.529
55.916,-15.045
55.975,-15.19
56.035,-15.045
56.094,-15.093
56.153,-14.318
56.212,-14.076
56.271,-13.737
56.33,-13.688
56.39,-13.204
56.449,-12.525
56.508,-12.041
56.567,-11.75
56.626,-11.508
56.685,-11.314
56.745,-10.781
56.804,-10.539
56.863,-9.715
56.922,-9.134
56.981,-8.698
57.041,-8.02
57.1,-7.293
57.159,-7.293
57.218,-7.002
57.277,-6.809
57.336,-5.888
57.396,-5.501
57.455,-5.307
57.514,-4.822
57.573,-4.435
57.632,-3.66
57.691,-3.611
57.751,-2.885
57.81,-2.497
57.869,-2.158
57.928,-1.867
57.987,-0.995
58.046,0.119
58.106,0.797
58.165,1.185
58.224,1.912
58.283,2.493
58.342,3.026
58.401,3.656
58.461,4.14
58.52,4.673
58.579,4.673
58.638,4.237
58.697,4.286
58.756,4.479
58.816,5.642
58.875,5.884
58.934,7.096
58.993,7.58
59.052,8.84
59.111,9.712
59.171,10.293
59.23,10.196
59.289,10.729
59.348,11.746
59.407,13.297
59.467,13.587
59.526,13.345
59.585,13.297
59.644,13.587
59.703,13.975
59.762,15.089
59.822,15.477
59.881,16.058
59.94,15.428
59.999,16.3
60.058,16.397
60.117,17.269
60.177,16.736
60.236,17.657
60.295,17.705
60.354,17.948
60.413,17.657
60.472,19.013
60.532,19.013
60.591,19.159
60.65,18.141
60.709,18.674
60.768,18.868
60.827,19.304
60.887,18.432
60.946,18.19
61.005,17.802
61.064,17.899
61.123,17.415
61.182,18.432
61.242,18.287
61.301,18.529
61.36,17.221
61.419,17.948
61.478,17.899
61.537,18.868
61.597,17.705
61.656,18.044
61.715,17.027
61.774,17.318
61.833,16.833
61.893,17.269
61.952,16.446
62.011,16.688
62.07,15.574
62.129,15.816
62.188,15.138
62.248,16.058
62.307,15.719
62.366,16.155
62.425,14.75
62.484,14.847
62.543,14.847
62.603,16.397
62.662,15.525
62.721,15.138
62.78,13.394
62.839,14.266
62.898,14.023
62.958,14.944
63.017,13.2
63.076,12.425
63.135,10.729
63.194,11.601
63.253,11.65
63.313,12.182
63.372,10.438
63.431,9.76
63.49,9.324
63.549,10.341
63.608,10.148
63.668,10.535
63.727,8.985
63.786,8.694
63.845,7.289
63.904,8.404
63.963,8.064
64.023,8.404
64.082,6.853
64.141,6.805
64.2,5.933
64.259,6.369
64.319,5.739
64.378,6.466
64.437,5.884
64.496,5.787
64.555,4.479
64.614,5.303
64.674,5.448
64.733,6.03
64.792,4.479
64.851,3.704
64.91,2.832
64.969,3.414
65.029,3.026
65.088,2.881
65.147,0.604
65.206,-0.365
65.265,-1.286
65.324,-0.704
65.384,-1.383
65.443,-1.237
65.502,-2.255
65.561,-2.012
65.62,-2.885
65.679,-1.819
65.739,-1.673
65.798,-1.77
65.857,-3.708
65.916,-3.708
65.975,-4.047
66.034,-3.563
66.094,-4.774
66.153,-5.307
66.212,-6.13
66.271,-6.518
66.33,-7.729
66.389,-7.584
66.449,-7.438
66.508,-7.487
66.567,-8.747
66.626,-9.279
66.685,-9.134
66.745,-8.359
66.804,-8.65
66.863,-8.553
66.922,-9.328
66.981,-9.183
67.04,-9.231
67.1,-7.971
67.159,-7.584
67.218,-7.535
67.277,-8.068
67.336,-7.438
67.395,-8.068
67.455,-9.183
67.514,-9.473
67.573,-9.328
67.632,-9.619
67.691,-10.151
67.75,-10.539
67.81,-10.927
67.869,-11.896
67.928,-12.768
67.987,-13.737
68.046,-13.301
68.105,-13.688
68.165,-14.076
68.224,-15.287
68.283,-15.529
68.342,-15.868
68.401,-15.481
68.46,-15.723
68.52,-16.11
68.579,-17.176
68.638,-17.515
68.697,-17.225
68.756,-16.401
68.815,-16.401
68.875,-16.692
68.934,-17.37
68.993,-18.242
69.052,-18.581
69.111,-17.806
69.171,-17.273
69.23,-17.564
69.289,-18.339
69.348,-18.678
69.407,-18.145
69.466,-17.709
69.526,-18.291
69.585,-18.775
69.644,-18.581
69.703,-17.951
69.762,-17.854
69.821,-17.951
69.881,-18.097
69.94,-18.339
69.999,-18.194
70.058,-17.709
70.117,-16.886
70.176,-17.176
70.236,-17.661
70.295,-17.758
70.354,-16.934
70.413,-16.498
70.472,-16.11
70.531,-16.45
70.591,-15.965
70.65,-15.917
70.709,-15.723
70.768,-15.868
70.827,-15.093
70.886,-14.705
70.946,-14.996
71.005,-15.384
71.064,-15.19
71.123,-15.335
71.182,-15.141
71.241,-14.754
71.301,-14.027
71.36,-13.979
71.419,-14.027
71.478,-13.737
71.537,-12.235
71.597,-11.944
71.656,-11.169
71.715,-11.944
71.774,-11.072
71.833,-10.927
71.892,-9.667
71.952,-9.473
72.011,-8.698
72.07,-8.747
72.129,-8.165
72.188,-7.342
72.247,-6.324
72.307,-6.179
72.366,-5.549
72.425,-5.791
72.484,-5.016
72.543,-5.016
72.602,-3.514
72.662,-3.175
72.721,-2.739
72.78,-3.563
72.839,-2.642
72.898,-2.061
72.957,-0.317
73.017,-1.14
73.076,-0.414
73.135,-1.237
73.194,0.119
73.253,0.652
73.312,2.881
73.372,2.881
73.431,3.074
73.49,2.202
73.549,3.753
73.608,4.576
73.667,5.981
73.727,5.545
73.786,5.206
73.845,3.85
73.904,4.77
73.963,5.594
74.023,7.919
74.082,8.161
74.141,8.549
74.2,7.919
74.259,10.051
74.318,10.002
74.378,11.407
74.437,11.214
74.496,12.182
74.555,11.65
74.614,13.006
74.673,12.861
74.733,14.266
74.792,13.49
74.851,13.781
74.91,13.297
74.969,14.556
75.028,15.235
75.088,16.397
75.147,15.477
75.206,14.992
75.265,13.781
75.324,15.186
75.383,15.574
75.443,16.494
75.502,14.799
75.561,14.896
75.62,14.411
75.679,15.864
75.738,15.138
75.798,16.155
75.857,15.235
75.916,15.622
75.975,14.653
76.034,15.767
76.093,15.719
76.153,16.397
76.212,15.767
76.271,15.864
76.33,15.477
76.389,16.349
76.448,16.736
76.508,17.609
76.567,16.979
76.626,16.736
76.685,15.767
76.744,16.93
76.804,17.124
76.863,17.512
76.922,16.446
76.981,16.3
77.04,15.767
77.099,16.591
77.159,16.494
77.218,16.93
77.277,15.719
77.336,15.331
77.395,14.992
77.454,16.3
77.514,16.203
77.573,15.864
77.632,14.944
77.691,14.847
77.75,14.702
77.809,15.138
77.869,14.411
77.928,14.266
77.987,13.587
78.046,13.781
78.105,13.539
78.164,13.442
78.224,12.425
78.283,12.522
78.342,12.279
78.401,12.618
78.46,11.698
78.519,11.989
78.579,11.795
78.638,12.086
78.697,11.843
78.756,11.989
78.815,11.843
78.874,11.31
78.934,10.923
78.993,11.02
79.052,10.923
79.111,10.535
79.17,9.857
79.23,10.051
79.289,9.421
79.348,9.227
79.407,8.452
79.466,8.452
79.525,8.355
79.585,8.113
79.644,7.58
79.703,7.483
79.762,7.047
79.821,7.144
79.88,6.417
79.94,6.03
79.999,5.109
80.058,4.576
80.117,4.286
80.176,3.753
80.235,3.123
80.295,1.573
80.354,0.701
80.413,0.071
80.472,-0.268
80.531,-0.656
80.59,-0.704
80.65,-0.656
80.709,-0.995
80.768,-1.286
80.827,-1.043
80.886,-0.608
80.945,-1.479
81.005,-1.916
81.064,-2.352
81.123,-2.497
81.182,-2.933
81.241,-3.369
81.3,-3.95
81.36,-4.822
81.419,-5.501
81.478,-6.13
81.537,-6.034
81.596,-6.034
81.656,-6.566
81.715,-7.148
81.774,-7.39
81.833,-7.681
81.892,-7.438
81.951,-7.342
82.011,-7.245
82.07,-8.214
82.129,-8.747
82.188,-8.456
82.247,-7.487
82.306,-7.39
82.366,-7.535
82.425,-7.729
82.484,-7.487
82.543,-8.504
82.602,-9.473
82.661,-9.279
82.721,-8.843
82.78,-10.055
82.839,-10.927
82.898,-11.411
82.957,-10.975
83.016,-12.041
83.076,-13.058
83.135,-14.512
83.194,-14.366
83.253,-14.851
83.312,-14.56
83.371,-15.384
83.431,-15.917
83.49,-17.031
83.549,-16.595
83.608,-16.595
83.667,-16.159
83.726,-17.37
83.786,-17.709
83.845,-18.194
83.904,-17.515
83.963,-17.612
84.022,-17.225
84.082,-17.951
84.141,-18.727
84.2,-19.744
84.259,-19.066
84.318,-18.727
84.377,-18.145
84.437,-19.26
84.496,-18.727
84.555,-19.986
84.614,-19.55
84.673,-20.277
84.732,-18.969
84.792,-19.453
84.851,-19.26
84.91,-20.471
84.969,-19.841
85.028,-20.035
85.087,-19.211
85.147,-19.599
85.206,-19.066
85.265,-20.083
85.324,-19.744
85.383,-19.986
85.442,-18.242
85.502,-18.484
85.561,-18.533
85.62,-19.502
85.679,-18.291
85.738,-18
85.797,-16.547
85.857,-17.273
85.916,-16.789
85.975,-17.467
86.034,-16.498
86.093,-16.401
86.152,-14.802
86.212,-15.481
86.271,-15.529
86.33,-16.643
86.389,-15.141
86.448,-14.318
86.508,-13.155
86.567,-13.64
86.626,-13.543
86.685,-13.882
86.744,-12.622
86.803,-11.896
86.863,-10.588
86.922,-11.46
86.981,-11.12
87.04,-11.799
87.099,-9.764
87.158,-9.328
87.218,-7.438
87.277,-8.165
87.336,-7.342
87.395,-7.729
87.454,-6.082
87.513,-5.549
87.573,-4.338
87.632,-5.21
87.691,-4.435
87.75,-4.047
87.809,-2.448
87.868,-2.206
87.928,-1.286
87.987,-1.479
88.046,-0.656
88.105,-0.365
88.164,1.137
88.223,1.427
88.283,2.687
88.342,2.396
88.401,3.753
88.46,3.947
88.519,5.4
88.578,5.448
88.638,6.708
88.697,6.224
88.756,6.369
88.815,6.32
88.874,7.822
88.934,7.241
88.993,6.853
89.052,6.224
89.111,7.338
89.17,8.5
89.229,9.712
89.289,10.148
89.348,11.068
89.407,11.068
89.466,11.456
89.525,11.456
89.584,12.812
89.644,12.958
89.703,13.733
89.762,13.345
89.821,13.83
89.88,13.684
89.939,14.217
89.999,14.169
90.058,14.896
90.117,14.896
90.176,15.671
90.235,16.252
90.294,16.446
90.354,16.203
90.413,16.3
90.472,16.252
90.531,16.833
90.59,16.736
90.649,16.93
90.709,16.833
90.768,17.027
90.827,16.494
90.886,16.688
90.945,16.688
91.004,16.882
91.064,16.446
91.123,16.349
91.182,15.767
91.241,16.058
91.3,15.864
91.36,16.397
91.419,15.961
91.478,15.525
91.537,15.961
91.596,16.591
91.655,16.64
91.715,16.203
91.774,15.961
91.833,16.01
91.892,16.397
91.951,16.203
92.01,15.961
92.07,15.913
92.129,15.622
92.188,15.138
92.247,15.428
92.306,16.058
92.365,15.816
92.425,15.331
92.484,14.75
92.543,15.331
92.602,15.961
92.661,16.203
92.72,16.252
92.78,15.913
92.839,15.816
92.898,15.864
92.957,16.107
93.016,16.155
93.075,15.816
93.135,15.38
93.194,15.622
93.253,15.477
93.312,15.283
93.371,15.041
93.43,14.75
93.49,14.556
93.549,14.266
93.608,14.12
93.667,14.314
93.726,14.023
93.786,13.927
93.845,14.12
93.904,14.314
93.963,13.781
94.022,13.442
94.081,13.442
94.141,13.733
94.2,12.812
94.259,12.715
94.318,12.231
94.377,12.57
94.436,11.94
94.496,11.892
94.555,11.407
94.614,11.068
94.673,10.293
94.732,10.826
94.791,10.826
94.851,10.681
94.91,9.179
94.969,9.227
95.028,9.13
95.087,9.373
95.146,8.113
95.206,7.677
95.265,6.708
95.324,6.611
95.383,5.642
95.442,5.4
95.501,3.947
95.561,3.607
95.62,1.815
95.679,2.009
95.738,1.815
95.797,2.396
95.856,1.573
95.916,1.621
95.975,0.507
96.034,1.185
96.093,0.022
96.152,0.458
96.211,-0.511
96.271,-0.753
96.33,-2.352
96.389,-2.4
96.448,-3.321
96.507,-2.788
96.567,-3.611
96.626,-4.193
96.685,-6.082
96.744,-5.743
96.803,-5.84
96.862,-5.113
96.922,-6.324
96.981,-6.906
97.04,-8.02
97.099,-7.148
97.158,-7.342
97.217,-6.663
97.277,-7.826
97.336,-7.487
97.395,-8.456
97.454,-7.002
97.513,-6.954
97.572,-5.743
97.632,-7.051
97.691,-7.875
97.75,-9.667
97.809,-8.504
97.868,-8.795
97.927,-8.698
97.987,-10.103
98.046,-10.491
98.105,-12.089
98.164,-12.332
98.223,-13.252
98.282,-13.01
98.342,-14.463
98.401,-14.754
98.46,-16.401
98.519,-15.917
98.578,-16.692
98.637,-16.062
98.697,-17.225
98.756,-17.322
98.815,-18.92
98.874,-18.63
98.933,-18.872
98.993,-17.758
99.052,-18.823
99.111,-18.872
99.17,-19.647
99.229,-19.211
99.288,-20.131
99.348,-20.083
99.407,-20.228
99.466,-20.035
99.525,-20.858
99.584,-20.228
99.643,-20.374
99.703,-19.55
99.762,-20.664
99.821,-20.471
99.88,-21.1
99.939,-19.841
99.998,-20.035
100.058,-19.114
100.117,-20.277
100.176,-20.277
100.235,-21.052
100.294,-19.599
100.353,-19.163
100.413,-18.969
100.472,-20.18
100.531,-20.18
100.59,-20.035
100.649,-19.017
100.708,-18.63
100.768,-18.097
100.827,-18.823
100.886,-18.63
100.945,-17.903
101.004,-16.498
101.063,-16.74
101.123,-16.498
101.182,-17.079
101.241,-16.304
101.3,-16.014
101.359,-15.432
101.419,-15.917
101.478,-15.723
101.537,-15.771
101.596,-14.851
101.655,-14.463
101.714,-13.349
101.774,-13.446
101.833,-13.155
101.892,-12.719
101.951,-11.508
102.01,-11.314
102.069,-11.024
102.129,-10.539
102.188,-9.812
102.247,-9.667
102.306,-9.279
102.365,-8.456
102.424,-7.196
102.484,-7.342
102.543,-6.906
102.602,-6.809
102.661,-5.888
102.72,-5.549
102.779,-5.113
102.839,-4.725
102.898,-4.047
102.957,-3.563
103.016,-2.836
103.075,-2.352
103.134,-2.109
103.194,-1.722
103.253,-1.092
103.312,-0.462
103.371,-0.075
103.43,0.119
103.489,0.701
103.549,1.67
103.608,2.348
103.667,2.978
103.726,3.559
103.785,3.947
103.845,4.14
103.904,4.334
103.963,5.4
104.022,5.981
104.081,5.497
104.14,4.964
104.2,5.448
104.259,6.078
104.318,6.902
104.377,8.161
104.436,8.985
104.495,9.712
104.555,9.712
104.614,10.196
104.673,10.584
104.732,11.359
104.791,11.94
104.85,12.57
104.91,12.57
104.969,12.473
105.028,12.328
105.087,13.151
105.146,13.587
105.205,13.49
105.265,13.297
105.324,13.781
105.383,14.459
105.442,14.411
105.501,13.975
105.56,13.927
105.62,13.345
105.679,13.733
105.738,13.636
105.797,13.975
105.856,13.733
105.915,13.781
105.975,13.248
106.034,13.49
106.093,13.442
106.152,14.217
106.211,13.975
106.27,14.411
106.33,13.442
106.389,13.442
106.448,13.83
106.507,14.653
106.566,14.266
106.625,14.023
106.685,13.878
106.744,14.459
106.803,14.023
106.862,15.041
106.921,14.847
106.98,14.944
107.039,13.539
107.099,14.169
107.158,14.508
107.217,15.913
107.276,14.459
107.335,14.556
107.394,14.072
107.454,15.186
107.513,14.896
107.572,15.671
107.631,15.041
107.69,15.041
107.749,14.508
107.809,15.283
107.868,15.428
107.927,15.961
107.986,14.992
108.045,15.477
108.104,14.653
108.163,15.041
108.223,14.411
108.282,15.913
108.341,15.671
108.4,15.913
108.459,14.363
108.518,14.702
108.578,14.75
108.637,16.058
108.696,15.331
108.755,15.477
108.814,13.83
108.873,14.556
108.932,14.653
108.992,16.3
109.051,15.428
109.11,14.944
109.169,13.49
109.228,14.411
109.287,14.363
109.347,14.992
109.406,13.878
109.465,13.587
109.524,12.473
109.583,13.2
109.642,12.909
109.701,13.394
109.761,11.795
109.82,11.65
109.879,10.777
109.938,11.504
109.997,10.341
110.056,10.777
110.116,9.712
110.175,9.663
110.234,7.58
110.293,7.822
110.352,7.58
110.411,8.016
110.471,6.078
110.53,5.594
110.589,3.947
110.648,3.704
110.707,2.978
110.766,3.51
110.825,2.299
110.885,1.96
110.944,0.797
111.003,1.912
111.062,1.96
111.121,2.493
111.18,1.185
111.24,0.555
111.299,-0.365
111.358,0.022
111.417,-0.511
111.476,-0.462
111.535,-1.916
111.594,-2.691
111.654,-3.805
111.713,-3.466
111.772,-4.096
111.831,-4.532
111.89,-5.452
111.949,-5.549
112.009,-6.615
112.068,-6.566
112.127,-6.76
112.186,-6.469
112.245,-7.293
112.304,-7.535
112.363,-8.311
112.423,-7.971
112.482,-8.068
112.541,-7.584
112.6,-7.875
112.659,-7.729
112.718,-8.262
112.778,-7.778
112.837,-9.037
112.896,-9.861
112.955,-10.733
113.014,-10.394
113.073,-11.072
113.133,-11.314
113.192,-12.332
113.251,-12.865
113.31,-13.688
113.369,-14.657
113.428,-15.384
113.487,-16.014
113.547,-16.014
113.606,-16.498
113.665,-17.515
113.724,-17.806
113.783,-17.951
113.842,-17.564
113.902,-18.242
113.961,-18.581
114.02,-19.163
114.079,-19.066
114.138,-19.26
114.197,-18.823
114.256,-18.727
114.316,-18.63
114.375,-19.695
114.434,-20.131
114.493,-20.228
114.552,-19.647
114.611,-19.647
114.671,-20.083
114.73,-19.938
114.789,-19.938
114.848,-19.792
114.907,-19.986
114.966,-20.18
115.026,-19.986
115.085,-20.035
115.144,-19.502
115.203,-19.114
115.262,-19.308
115.321,-19.792
115.38,-19.55
115.44,-19.017
115.499,-18.048
115.558,-18.242
115.617,-18.339
115.676,-18.387
115.735,-17.951
115.795,-16.934
115.854,-16.256
115.913,-15.723
115.972,-16.062
116.031,-15.481
116.09,-14.705
116.149,-14.027
116.209,-13.785
116.268,-13.543
116.327,-13.252
116.386,-13.204
116.445,-13.494
116.504,-13.01
116.564,-12.525
116.623,-12.768
116.682,-13.204
116.741,-12.865
116.8,-11.944
116.859,-11.169
116.918,-11.314
116.978,-10.975
117.037,-10.83
117.096,-10.491
117.155,-10.636
117.214,-9.522
117.273,-9.183
117.333,-9.086
117.392,-10.006
117.451,-8.989
117.51,-8.262
117.569,-6.906
117.628,-7.051
117.688,-6.712
117.747,-6.76
117.806,-6.179
117.865,-5.84
117.924,-4.241
117.983,-3.756
118.042,-3.369
118.102,-3.611
118.161,-2.352
118.22,-1.964
118.279,-0.947
118.338,-0.656
118.397,0.701
118.457,0.071
118.516,0.604
118.575,0.846
118.634,2.638
118.693,3.171
118.752,3.947
118.811,3.171
118.871,4.334
118.93,4.818
118.989,6.078
119.048,5.884
119.107,6.466
119.166,5.594
119.226,6.078
119.285,5.206
119.344,6.369
119.403,6.175
119.462,7.096
119.521,7.192
119.58,8.258
119.64,8.646
119.699,9.857
119.758,9.518
119.817,9.76
119.876,9.13
119.935,11.02
119.995,11.456
120.054,12.667
120.113,11.504
120.172,12.134
120.231,11.601
120.29,12.715
120.35,12.667
120.409,14.459
120.468,14.314
120.527,14.702
120.586,13.587
120.645,14.266
120.704,14.508
120.764,15.525
120.823,14.75
120.882,15.331
120.941,13.975
121,14.847
121.059,15.041
121.119,16.203

Machine Name,P29201A
Point Name,29VT-2003AY
Wf Amp,44.135
Number of Revs,105.599998474121
X-Axis Unit,ms
Y-Axis Unit,µm 
Sample Speed, 3960 rpm
Sample Status,Valid
Timestamp,8/27/2023 11:37:11 AM
Variable,Disp Wf(500Hz)
X-Axis Value,Y-Axis Value
0,-13.017
0.781,-6.962
1.563,-0.034
2.344,6.604
3.125,12.611
3.906,14.839
4.688,15.227
5.469,15.421
6.25,13.774
7.031,13.822
7.813,11.981
8.594,6.216
9.375,-0.47
10.156,-6.089
10.938,-9.965
11.719,-16.312
12.5,-20.914
13.281,-20.963
14.063,-17.668
14.844,-12.097
15.625,-7.349
16.406,-1.051
17.188,4.811
17.969,9.704
18.75,14.307
19.531,15.857
20.313,15.469
21.094,14.646
21.875,13.871
22.656,11.545
23.438,7.185
24.219,1.856
25,-4.103
25.781,-6.38
26.563,-10.304
27.344,-17.814
28.125,-20.43
28.906,-19.122
29.688,-15.343
30.469,-10.062
31.25,-3.764
32.031,2.873
32.813,9.074
33.594,14.161
34.375,14.888
35.156,14.016
35.938,13.919
36.719,14.161
37.5,13.871
38.281,9.946
39.063,5.005
39.844,-0.324
40.625,-4.975
41.406,-8.609
42.188,-15.73
42.969,-20.527
43.75,-19.994
44.531,-17.717
45.313,-15.391
46.094,-10.692
46.875,-3.183
47.656,3.794
48.438,10.528
49.219,14.452
50,15.033
50.781,15.76
51.563,16.244
52.344,14.5
53.125,10.092
53.906,5.053
54.688,-0.179
55.469,-5.169
56.25,-8.173
57.031,-14.083
57.813,-19.267
58.594,-19.364
59.375,-17.426
60.156,-13.841
60.938,-10.062
61.719,-2.989
62.5,4.859
63.281,9.268
64.063,12.514
64.844,13.483
65.625,13.192
66.406,13.919
67.188,13.871
67.969,11.158
68.75,7.863
69.531,5.15
70.313,-0.809
71.094,-5.46
71.875,-9.82
72.656,-17.911
73.438,-20.527
74.219,-19.945
75,-18.298
75.781,-12.291
76.563,-4.685
77.344,3.115
78.125,9.317
78.906,13.774
79.688,14.985
80.469,14.403
81.25,14.403
82.031,12.272
82.813,10.964
83.594,9.753
84.375,5.925
85.156,0.548
85.938,-4.878
86.719,-8.56
87.5,-14.374
88.281,-19.122
89.063,-19.945
89.844,-17.911
90.625,-13.841
91.406,-8.851
92.188,-1.681
92.969,3.794
93.75,9.171
94.531,14.064
95.313,14.839
96.094,15.13
96.875,14.839
97.656,13.58
98.438,12.466
99.219,9.22
100,3.503
100.781,-3.376
101.563,-7.591
102.344,-13.066
103.125,-20.333
103.906,-22.997
104.688,-21.738
105.469,-16.554
106.25,-10.401
107.031,-2.698
107.813,4.763
108.594,10.431
109.375,15.808
110.156,16.68
110.938,15.276
111.719,14.549
112.5,12.95
113.281,10.818
114.063,8.009
114.844,3.891
115.625,-2.02
116.406,-5.557
117.188,-9.045
117.969,-16.942
118.75,-20.914
119.531,-20.624
120.313,-17.426
121.094,-12.388
121.875,-7.058
122.656,0.257
123.438,6.216
124.219,11.739
125,14.936
125.781,14.694
126.563,14.936
127.344,14.016
128.125,12.563
128.906,10.092
129.688,5.731
130.469,0.645
131.25,-4.152
132.031,-6.719
132.813,-13.017
133.594,-18.734
134.375,-19.558
135.156,-19.219
135.938,-16.021
136.719,-11.225
137.5,-4.297
138.281,2.631
139.063,8.687
139.844,13.338
140.625,14.064
141.406,14.839
142.188,15.566
142.969,14.743
143.75,14.064
144.531,11.206
145.313,5.296
146.094,-2.117
146.875,-7.543
147.656,-13.017
148.438,-19.558
149.219,-21.302
150,-19.412
150.781,-15.343
151.563,-10.159
152.344,-4.249
153.125,1.953
153.906,6.846
154.688,11.158
155.469,14.113
156.25,14.839
157.031,14.985
157.813,15.518
158.594,14.791
159.375,10.625
160.156,5.053
160.938,-1.826
161.719,-7.979
162.5,-10.547
163.281,-15.101
164.063,-18.492
164.844,-16.942
165.625,-13.744
166.406,-10.401
167.188,-6.138
167.969,-0.712
168.75,2.728
169.531,7.136
170.313,10.77
171.094,11.158
171.875,14.064
172.656,16.002
173.438,15.276
174.219,14.646
175,9.898
175.781,1.71
176.563,-4.781
177.344,-8.851
178.125,-14.858
178.906,-19.655
179.688,-19.945
180.469,-18.589
181.25,-14.083
182.031,-9.771
182.813,-4.685
183.594,1.517
184.375,6.507
185.156,11.884
185.938,14.839
186.719,16.196
187.5,16.971
188.281,15.615
189.063,13.386
189.844,9.123
190.625,2.728
191.406,-4.345
192.188,-8.754
192.969,-11.564
193.75,-16.602
194.531,-18.734
195.313,-18.153
196.094,-15.73
196.875,-11.758
197.656,-7.349
198.438,-0.712
199.219,5.78
200,10.77
200.781,13.725
201.563,14.743
202.344,15.372
203.125,15.905
203.906,15.712
204.688,12.902
205.469,8.105
206.25,1.129
207.031,-5.46
207.813,-9.771
208.594,-16.215
209.375,-19.8
210.156,-19.315
210.938,-16.893
211.719,-12.145
212.5,-7.688
213.281,-1.342
214.063,4.859
214.844,9.946
215.625,13.967
216.406,15.082
217.188,15.566
217.969,14.936
218.75,13.677
219.531,11.836
220.313,7.912
221.094,3.018
221.875,-3.522
222.656,-7.543
223.438,-11.079
224.219,-16.505
225,-17.765
225.781,-17.135
226.563,-15.004
227.344,-11.419
228.125,-5.605
228.906,1.129
229.688,6.313
230.469,12.32
231.25,15.372
232.031,16.244
232.813,16.777
233.594,14.985
234.375,13.531
235.156,10.528
235.938,5.005
236.719,-2.165
237.5,-8.173
238.281,-11.661
239.063,-16.602
239.844,-18.928
240.625,-17.814
241.406,-14.955
242.188,-10.595
242.969,-6.38
243.75,-0.857
244.531,4.181
245.313,9.413
246.094,13.919
246.875,14.888
247.656,15.421
248.438,16.196
249.219,14.791
250,11.448
250.781,6.167
251.563,-1.148
252.344,-7.155
253.125,-9.045
253.906,-13.841
254.688,-18.492
255.469,-17.523
256.25,-15.876
257.031,-12.533
257.813,-8.802
258.594,-4.83
259.375,0.693
260.156,6.41
260.938,10.673
261.719,12.756
262.5,14.549
263.281,15.179
264.063,15.082
264.844,14.21
265.625,10.043
266.406,4.714
267.188,-2.795
267.969,-8.996
268.75,-12.484
269.531,-18.54
270.313,-21.011
271.094,-17.862
271.875,-14.083
272.656,-10.401
273.438,-4.781
274.219,0.741
275,4.956
275.781,11.351
276.563,15.421
277.344,15.615
278.125,16.923
278.906,15.372
279.688,12.126
280.469,9.801
281.25,4.133
282.031,-2.65
282.813,-6.526
283.594,-9.239
284.375,-15.198
285.156,-18.395
285.938,-18.492
286.719,-17.038
287.5,-11.564
288.281,-7.494
289.063,-2.553
289.844,4.23
290.625,10.14
291.406,14.549
292.188,16.39
292.969,16.002
293.75,14.064
294.531,13.192
295.313,11.012
296.094,5.877
296.875,1.468
297.656,-3.909
298.438,-7.155
299.219,-10.207
300,-17.038
300.781,-19.751
301.563,-18.25
302.344,-15.779
303.125,-12.533
303.906,-6.235
304.688,0.693
305.469,6.894
306.25,14.307
307.031,16.584
307.813,16.244
308.594,17.456
309.375,15.615
310.156,12.563
310.938,8.59
311.719,2.34
312.5,-4.055
313.281,-7.591
314.063,-9.965
314.844,-15.149
315.625,-17.862
316.406,-17.62
317.188,-15.682
317.969,-12.824
318.75,-9.239
319.531,-2.892
320.313,3.212
321.094,9.704
321.875,14.646
322.656,16.39
323.438,17.892
324.219,17.359
325,14.355
325.781,10.382
326.563,4.617
327.344,-1.826
328.125,-7.204
328.906,-10.498
329.688,-15.004
330.469,-18.637
331.25,-18.782
332.031,-16.99
332.813,-13.744
333.594,-9.626
334.375,-2.698
335.156,3.6
335.938,8.202
336.719,11.933
337.5,12.611
338.281,13.241
339.063,14.791
339.844,14.21
340.625,12.999
341.406,10.867
342.188,4.617
342.969,-2.698
343.75,-6.865
344.531,-12.436
345.313,-18.54
346.094,-19.8
346.875,-20.091
347.656,-17.378
348.438,-12.339
349.219,-7.301
350,-0.13
350.781,5.635
351.563,10.14
352.344,14.016
353.125,15.808
353.906,16.971
354.688,17.165
355.469,15.76
356.25,12.417
357.031,7.233
357.813,-0.373
358.594,-7.93
359.375,-11.903
360.156,-17.281
360.938,-21.35
361.719,-20.672
362.5,-17.426
363.281,-11.806
364.063,-6.283
364.844,0.402
365.625,5.247
366.406,8.396
367.188,12.805
367.969,14.064
368.75,13.919
369.531,14.258
370.313,13.871
371.094,13.095
371.875,9.946
372.656,3.6
373.438,-3.473
374.219,-7.058
375,-11.322
375.781,-18.007
376.563,-20.43
377.344,-19.509
378.125,-15.973
378.906,-10.256
379.688,-4.2
380.469,1.856
381.25,7.815
382.031,13.435
382.813,16.051
383.594,16.438
384.375,15.905
385.156,14.355
385.938,12.805
386.719,8.929
387.5,2.922
388.281,-3.909
389.063,-7.64
389.844,-9.335
390.625,-14.325
391.406,-17.038
392.188,-16.893
392.969,-14.471
393.75,-11.467
394.531,-8.076
395.313,-2.068
396.094,3.212
396.875,9.607
397.656,14.113
398.438,14.307
399.219,14.646
400,14.985
400.781,14.113
401.563,11.739
402.344,7.33
403.125,0.451
403.906,-5.266
404.688,-7.252
405.469,-12.678
406.25,-18.201
407.031,-18.201
407.813,-16.263
408.594,-12.63
409.375,-9.045
410.156,-3.473
410.938,3.018
411.719,8.832
412.5,14.646
413.281,16.196
414.063,16.051
414.844,16.002
415.625,14.985
416.406,13.144
417.188,8.638
417.969,2.631
418.75,-4.442
419.531,-8.851
420.313,-12.242
421.094,-18.007
421.875,-19.315
422.656,-17.862
423.438,-15.343
424.219,-11.128
425,-6.041
425.781,0.209
426.563,6.7
427.344,12.708
428.125,15.905
428.906,16.874
429.688,17.068
430.469,14.888
431.25,12.659
432.031,9.656
432.813,4.327
433.594,-2.262
434.375,-7.737
435.156,-10.692
435.938,-16.118
436.719,-18.928
437.5,-17.765
438.281,-15.827
439.063,-12
439.844,-7.834
440.625,-2.02
441.406,3.842
442.188,9.995
442.969,14.743
443.75,15.276
444.531,15.566
445.313,15.082
446.094,13.774
446.875,11.836
447.656,7.33
448.438,1.856
449.219,-4.394
450,-8.027
450.781,-12.678
451.563,-18.782
452.344,-18.298
453.125,-15.343
453.906,-12.242
454.688,-7.979
455.469,-3.134
456.25,1.371
457.031,6.604
457.813,12.805
458.594,15.372
459.375,16.923
460.156,17.892
460.938,14.307
461.719,11.303
462.5,7.863
463.281,1.807
464.063,-3.619
464.844,-7.591
465.625,-11.467
466.406,-16.215
467.188,-19.219
467.969,-19.994
468.75,-17.523
469.531,-13.938
470.313,-8.754
471.094,-0.518
471.875,5.199
472.656,9.801
473.438,14.016
474.219,14.161
475,14.016
475.781,14.307
476.563,12.514
477.344,9.995
478.125,6.846
478.906,-0.47
479.688,-7.494
480.469,-10.062
481.25,-15.924
482.031,-19.364
482.813,-18.007
483.594,-17.862
484.375,-14.325
485.156,-9.335
485.938,-4.297
486.719,2.437
487.5,10.092
488.281,14.597
489.063,16.535
489.844,18.037
490.625,15.566
491.406,14.21
492.188,12.902
492.969,6.7
493.75,1.177
494.531,-3.861
495.313,-8.173
496.094,-11.709
496.875,-16.457
497.656,-19.219
498.438,-18.25
499.219,-13.453
500,-10.111
500.781,-4.83
501.563,2.97
502.344,7.33
503.125,12.999
503.906,15.905
504.688,13.531
505.469,13.919
506.25,14.016
507.031,12.563
507.813,11.109
508.594,6.894
509.375,-0.13
510.156,-5.605
510.938,-9.239
511.719,-16.602
512.5,-20.866
513.281,-19.897
514.063,-17.62
514.844,-12.484
515.625,-6.477
516.406,-0.034
517.188,6.022
517.969,10.915
518.75,13.628
519.531,13.628
520.313,14.113
521.094,14.985
521.875,14.985
522.656,13.144
523.438,8.009
524.219,1.517
525,-5.217
525.781,-9.965
526.563,-14.422
527.344,-19.703
528.125,-20.236
528.906,-17.281
529.688,-13.599
530.469,-9.578
531.25,-3.473
532.031,3.115
532.813,7.718
533.594,12.272
534.375,14.113
535.156,13.483
535.938,13.628
536.719,13.144
537.5,10.964
538.281,8.251
539.063,4.666
539.844,-2.262
540.625,-6.041
541.406,-9.239
542.188,-16.99
542.969,-19.17
543.75,-17.862
544.531,-16.263
545.313,-11.661
546.094,-5.944
546.875,-0.663
547.656,5.15
548.438,10.818
549.219,12.659
550,14.355
550.781,16.244
551.563,15.227
552.344,15.082
553.125,12.563
553.906,5.683
554.688,-1.196
555.469,-7.591
556.25,-12.291
557.031,-17.862
557.813,-21.786
558.594,-20.866
559.375,-16.36
560.156,-10.934
560.938,-6.235
561.719,0.015
562.5,4.908
563.281,9.704
564.063,14.403
564.844,14.694
565.625,14.355
566.406,14.016
567.188,12.563
567.969,11.351
568.75,8.299
569.531,3.164
570.313,-2.601
571.094,-6.719
571.875,-12.484
572.656,-19.122
573.438,-20.575
574.219,-18.54
575,-13.356
575.781,-7.737
576.563,-1.584
577.344,5.102
578.125,8.977
578.906,11.933
579.688,13.483
580.469,13.338
581.25,13.531
582.031,14.016
582.813,13.338
583.594,10.431
584.375,6.022
585.156,-1.293
585.938,-7.446
586.719,-11.612
587.5,-18.734
588.281,-21.932
589.063,-20.43
589.844,-17.184
590.625,-11.952
591.406,-5.993
592.188,0.693
592.969,6.167
593.75,10.818
594.531,13.386
595.313,13.967
596.094,14.113
596.875,13.386
597.656,13.628
598.438,12.466
599.219,8.784
600,3.406
600.781,-3.716
601.563,-8.27
602.344,-13.889
603.125,-19.17
603.906,-20.139
604.688,-18.153
605.469,-13.308
606.25,-8.754
607.031,-1.972
607.813,4.036
608.594,8.105
609.375,13.047
610.156,14.694
610.938,14.307
611.719,13.967
612.5,12.999
613.281,11.594
614.063,8.202
614.844,3.358
615.625,-3.425
616.406,-7.398
617.188,-10.062
617.969,-16.263
618.75,-18.395
619.531,-17.765
620.313,-15.924
621.094,-11.419
621.875,-5.75
622.656,0.693
623.438,7.427
624.219,12.902
625,14.694
625.781,14.985
626.563,14.5
627.344,13.144
628.125,13.289
628.906,10.382
629.688,5.974
630.469,1.371
631.25,-4.927
632.031,-8.512
632.813,-13.841
633.594,-19.655
634.375,-19.655
635.156,-16.118
635.938,-13.114
636.719,-8.366
637.5,-0.954
638.281,3.891
639.063,9.656
639.844,14.307
640.625,14.985
641.406,16.487
642.188,15.954
642.969,13.919
643.75,12.708
644.531,7.96
645.313,1.565
646.094,-3.764
646.875,-8.173
647.656,-13.114
648.438,-18.298
649.219,-20.914
650,-20.43
650.781,-16.118
651.563,-11.806
652.344,-5.121
653.125,3.406
653.906,8.784
654.688,14.743
655.469,18.085
656.25,17.068
657.031,16.535
657.813,14.839
658.594,12.369
659.375,9.22
660.156,3.891
660.938,-3.328
661.719,-7.446
662.5,-10.547
663.281,-17.426
664.063,-19.219
664.844,-18.347
665.625,-15.537
666.406,-10.207
667.188,-6.235
667.969,-0.034
668.75,5.877
669.531,10.334
670.313,13.338
671.094,13.386
671.875,12.611
672.656,12.659
673.438,13.677
674.219,12.03
675,8.299
675.781,2.97
676.563,-3.861
677.344,-7.64
678.125,-13.599
678.906,-19.558
679.688,-19.897
680.469,-18.395
681.25,-14.713
682.031,-10.111
682.813,-3.183
683.594,4.423
684.375,9.849
685.156,14.355
685.938,15.808
686.719,14.743
687.5,14.016
688.281,13.047
689.063,10.576
689.844,8.057
690.625,4.763
691.406,-2.02
692.188,-6.041
692.969,-10.256
693.75,-18.153
694.531,-20.963
695.313,-21.447
696.094,-20.381
696.875,-14.761
697.656,-6.962
698.438,1.323
699.219,9.607
700,15.227
700.781,17.407
701.563,18.425
702.344,16.535
703.125,13.241
703.906,11.884
704.688,8.784
705.469,3.987
706.25,-0.76
707.031,-5.799
707.813,-8.56
708.594,-12.63
709.375,-18.104
710.156,-20.139
710.938,-18.589
711.719,-15.44
712.5,-9.287
713.281,-0.567
714.063,5.828
714.844,12.853
715.625,18.231
716.406,17.552
717.188,16.051
717.969,13.386
718.75,10.576
719.531,9.268
720.313,5.731
721.094,0.984
721.875,-2.94
722.656,-5.217
723.438,-9.481
724.219,-16.312
725,-21.253
725.781,-22.028
726.563,-19.122
727.344,-14.907
728.125,-6.235
728.906,2.583
729.688,9.22
730.469,17.165
731.25,20.217
732.031,18.812
732.813,17.892
733.594,15.033
734.375,10.625
735.156,6.555
735.938,1.42
736.719,-4.539
737.5,-6.138
738.281,-8.124
739.063,-15.101
739.844,-17.765
740.625,-18.298
741.406,-17.038
742.188,-12.678
742.969,-8.415
743.75,-1.148
744.531,6.943
745.313,13.338
746.094,16.438
746.875,16.148
747.656,15.615
748.438,14.452
749.219,13.047
750,9.607
750.781,5.005
751.563,0.112
752.344,-5.266
753.125,-8.366
753.906,-14.083
754.688,-19.17
755.469,-18.589
756.25,-16.021
757.031,-12.533
757.813,-8.56
758.594,-2.601
759.375,3.309
760.156,8.832
760.938,13.483
761.719,14.743
762.5,15.227
763.281,15.615
764.063,15.179
764.844,13.531
765.625,9.607
766.406,3.745
767.188,-4.2
767.969,-9.093
768.75,-13.938
769.531,-20.284
770.313,-20.43
771.094,-17.717
771.875,-13.405
772.656,-8.512
773.438,-3.086
774.219,2.146
775,5.925
775.781,10.043
776.563,11.4
777.344,12.32
778.125,14.016
778.906,14.21
779.688,14.597
780.469,12.563
781.25,8.541
782.031,1.953
782.813,-5.508
783.594,-9.965
784.375,-17.038
785.156,-21.641
785.938,-20.43
786.719,-16.845
787.5,-12.291
788.281,-6.816
789.063,0.499
789.844,5.392
790.625,10.673
791.406,14.694
792.188,14.307
792.969,15.663
793.75,16.341
794.531,15.421
795.313,13.919
796.094,8.638
796.875,0.887
797.656,-5.46
798.438,-9.335
799.219,-15.246
800,-20.042
800.781,-21.108
801.563,-19.17
802.344,-13.405
803.125,-8.512
803.906,-1.729
804.688,4.811
805.469,8.396
806.25,12.659
807.031,13.725
807.813,12.805
808.594,14.355
809.375,15.76
810.156,14.355
810.938,11.4
811.719,6.797
812.5,-2.165
813.281,-6.962
814.063,-10.643
814.844,-20.091
815.625,-22.125
816.406,-19.751
817.188,-17.329
817.969,-11.079
818.75,-4.539
819.531,2.437
820.313,9.656
821.094,14.452
821.875,15.179
822.656,14.694
823.438,14.791
824.219,14.452
825,14.307
825.781,10.528
826.563,4.617
827.344,-0.712
828.125,-6.477
828.906,-10.401
829.688,-16.312
830.469,-21.883
831.25,-21.689
832.031,-18.104
832.813,-13.792
833.594,-8.173
834.375,0.015
835.156,6.458
835.938,11.545
836.719,16.002
837.5,15.324
838.281,14.016
839.063,14.646
839.844,12.95
840.625,9.898
841.406,6.458
842.188,1.081
842.969,-5.217
843.75,-8.173
844.531,-12.533
845.313,-18.007
846.094,-17.571
846.875,-15.44
847.656,-12.436
848.438,-9.432
849.219,-5.363
850,1.081
850.781,6.894
851.563,11.884
852.344,14.355
853.125,15.566
853.906,15.857
854.688,15.276
855.469,13.967
856.25,9.317
857.031,5.005
857.813,-0.615
858.594,-7.446
859.375,-11.225
860.156,-17.184
860.938,-21.011
861.719,-18.928
862.5,-15.537
863.281,-12.775
864.063,-7.252
864.844,0.305
865.625,5.828
866.406,12.126
867.188,16.244
867.969,16.293
868.75,17.068
869.531,16.148
870.313,12.611
871.094,9.753
871.875,5.538
872.656,-0.857
873.438,-5.121
874.219,-7.93
875,-14.422
875.781,-18.782
876.563,-19.461
877.344,-18.637
878.125,-13.696
878.906,-9.045
879.688,-2.504
880.469,4.811
881.25,9.365
882.031,13.919
882.813,15.566
883.594,15.13
884.375,14.694
885.156,12.95
885.938,10.092
886.719,6.846
887.5,2.825
888.281,-4.006
889.063,-7.107
889.844,-9.239
890.625,-15.876
891.406,-17.232
892.188,-16.36
892.969,-15.101
893.75,-10.45
894.531,-4.588
895.313,1.177
896.094,6.313
896.875,11.448
897.656,13.58
898.438,14.113
899.219,14.403
900,12.902
900.781,12.417
901.563,10.189
902.344,5.78
903.125,0.402
903.906,-5.508
904.688,-8.996
905.469,-14.229
906.25,-18.54
907.031,-18.637
907.813,-16.118
908.594,-12.581
909.375,-8.318
910.156,-0.857
910.938,4.956
911.719,10.043
912.5,14.694
913.281,14.21
914.063,13.725
914.844,13.822
915.625,12.417
916.406,10.528
917.188,7.33
917.969,1.371
918.75,-4.345
919.531,-6.429
920.313,-11.903
921.094,-18.007
921.875,-19.606
922.656,-19.655
923.438,-16.36
924.219,-12.291
925,-6.526
925.781,1.081
926.563,7.185
927.344,12.514
928.125,15.13
928.906,14.646
929.688,14.307
930.469,14.597
931.25,13.58
932.031,10.722
932.813,6.264
933.594,-0.857
934.375,-6.332
935.156,-10.74
935.938,-18.492
936.719,-21.932
937.5,-21.253
938.281,-18.589
939.063,-13.017
939.844,-5.944
940.625,2.728
941.406,9.22
942.188,13.967
942.969,15.808
943.75,14.403
944.531,13.725
945.313,11.933
946.094,10.189
946.875,8.784
947.656,6.41
948.438,1.904
949.219,-3.473
950,-6.913
950.781,-13.55
951.563,-19.122
952.344,-19.509
953.125,-18.734
953.906,-14.81
954.688,-8.706
955.469,-1.536
956.25,5.344
957.031,10.915
957.813,14.839
958.594,15.082
959.375,14.452
960.156,13.192
960.938,10.915
961.719,9.801
962.5,7.815
963.281,3.939
964.063,-0.809
964.844,-4.055
965.625,-8.463
966.406,-15.004
967.188,-18.54
967.969,-18.928
968.75,-16.505
969.531,-11.855
970.313,-4.733
971.094,2.146
971.875,7.427
972.656,12.466
973.438,13.725
974.219,12.95
975,13.095
975.781,12.466
976.563,12.369
977.344,11.787
978.125,8.009
978.906,0.984
979.688,-4.878
980.469,-9.239
981.25,-16.215
982.031,-20.43
982.813,-21.205
983.594,-19.751
984.375,-15.73
985.156,-10.595
985.938,-2.989
986.719,4.763
987.5,11.69
988.281,16.826
989.063,18.618
989.844,17.892
990.625,15.469
991.406,12.805
992.188,8.784
992.969,4.036
993.75,-0.47
994.531,-5.847
995.313,-8.366
996.094,-12.581
996.875,-18.686
997.656,-20.672
998.438,-19.558
999.219,-15.973
1000,-10.643
1000.781,-3.231
1001.563,3.454
1002.344,9.704
1003.125,15.227
1003.906,15.808
1004.688,14.839
1005.469,13.677
1006.25,11.497
1007.031,10.14
1007.813,7.136
1008.594,2.34
1009.375,-2.94
1010.156,-6.477
1010.938,-9.675
1011.719,-16.312
1012.5,-19.655
1013.281,-18.637
1014.063,-15.827
1014.844,-11.467
1015.625,-5.847
1016.406,0.402
1017.188,5.877
1017.969,11.981
1018.75,15.469
1019.531,14.839
1020.313,14.258
1021.094,12.902
1021.875,12.32
1022.656,11.981
1023.438,8.977
1024.219,4.23
1025,-1.245
1025.781,-6.477
1026.563,-14.907
1027.344,-22.416
1028.125,-23.918
1028.906,-21.253
1029.688,-16.166
1030.469,-9.675
1031.25,-1.148
1032.031,5.635
1032.813,11.4
1033.594,15.566
1034.375,14.985
1035.156,14.21
1035.938,13.967
1036.719,12.659
1037.5,10.576
1038.281,7.863
1039.063,2.437
1039.844,-4.2
1040.625,-7.252
1041.406,-12.969
1042.188,-19.315
1042.969,-19.509
1043.75,-18.201
1044.531,-14.713
1045.313,-9.384
1046.094,-4.152
1046.875,1.904
1047.656,8.541
1048.438,13.241
1049.219,14.694
1050,15.227
1050.781,14.307
1051.563,12.805
1052.344,12.466
1053.125,9.656
1053.906,4.908
1054.688,-1.342
1055.469,-7.446
1056.25,-11.467
1057.031,-16.699
1057.813,-19.122
1058.594,-17.474
1059.375,-14.81
1060.156,-11.612
1060.938,-6.332
1061.719,0.16
1062.5,4.908
1063.281,9.849
1064.063,12.563
1064.844,12.999
1065.625,14.694
1066.406,13.725
1067.188,11.4
1067.969,10.237
1068.75,6.797
1069.531,0.402
1070.313,-4.878
1071.094,-7.93
1071.875,-13.26
1072.656,-17.087
1073.438,-17.862
1074.219,-17.717
1075,-14.035
1075.781,-9.142
1076.563,-2.844
1077.344,3.212
1078.125,8.541
1078.906,12.853
1079.688,14.5
1080.469,15.469
1081.25,14.694
1082.031,13.58
1082.813,12.03
1083.594,8.154
1084.375,3.164
1085.156,-3.376
1085.938,-7.398
1086.719,-10.595
1087.5,-16.215
1088.281,-18.492
1089.063,-17.378
1089.844,-13.696
1090.625,-9.578
1091.406,-4.733
1092.188,0.935
1092.969,5.247
1093.75,11.061
1094.531,14.597
1095.313,14.258
1096.094,13.871
1096.875,12.805
1097.656,11.933
1098.438,9.51
1099.219,4.859
1100,-0.906
1100.781,-5.363
1101.563,-7.688
1102.344,-12.969
1103.125,-17.426
1103.906,-18.153
1104.688,-15.585
1105.469,-11.467
1106.25,-8.173
1107.031,-2.553
1107.813,3.212
1108.594,8.057
1109.375,12.805
1110.156,14.791
1110.938,15.615
1111.719,15.712
1112.5,15.372
1113.281,13.095
1114.063,7.573
1114.844,1.468
1115.625,-4.975
1116.406,-8.076
1117.188,-12.63
1117.969,-18.443
1118.75,-18.879
1119.531,-17.668
1120.313,-14.277
1121.094,-10.256
1121.875,-4.588
1122.656,2.195
1123.438,8.057
1124.219,13.871
1125,15.276
1125.781,15.276
1126.563,16.196
1127.344,15.518
1128.125,14.5
1128.906,11.206
1129.688,5.005
1130.469,-2.408
1131.25,-7.301
1132.031,-11.37
1132.813,-18.347
1133.594,-20.672
1134.375,-19.073
1135.156,-16.069
1135.938,-11.952
1136.719,-7.107
1137.5,-0.663
1138.281,5.005
1139.063,11.109
1139.844,15.179
1140.625,15.566
1141.406,15.954
1142.188,16.39
1142.969,15.857
1143.75,12.805
1144.531,7.96
1145.313,1.081
1146.094,-6.089
1146.875,-9.384
1147.656,-14.713
1148.438,-19.8
1149.219,-19.364
1150,-16.748
1150.781,-13.066
1151.563,-8.899
1152.344,-2.892
1153.125,2.486
1153.906,7.427
1154.688,12.466
1155.469,13.919
1156.25,14.888
1157.031,15.905
1157.813,15.324
1158.594,13.774
1159.375,9.559
1160.156,3.212
1160.938,-3.57
1161.719,-7.882
1162.5,-12.145
1163.281,-18.201
1164.063,-19.558
1164.844,-18.201
1165.625,-14.955
1166.406,-10.789
1167.188,-5.944
1167.969,0.838
1168.75,6.749
1169.531,13.144
1170.313,16.971
1171.094,17.213
1171.875,17.456
1172.656,15.518
1173.438,12.611
1174.219,8.735
1175,2.97
1175.781,-3.473
1176.563,-7.834
1177.344,-9.335
1178.125,-14.471
1178.906,-18.492
1179.688,-17.862
1180.469,-15.827
1181.25,-12.727
1182.031,-7.834
1182.813,-1.632
1183.594,3.648
1184.375,9.946
1185.156,14.452
1185.938,15.518
1186.719,16.632
1187.5,15.276
1188.281,12.659
1189.063,9.849
1189.844,4.036
1190.625,-1.826
1191.406,-6.138
1192.188,-8.996
1192.969,-12.194
1193.75,-15.876
1194.531,-17.862
1195.313,-16.36
1196.094,-13.356
1196.875,-11.806
1197.656,-5.508
1198.438,1.42
1199.219,6.022
1200,12.999
1200.781,15.905
1201.563,15.905
1202.344,17.746
1203.125,16.923
1203.906,13.192
1204.688,9.171
1205.469,3.6
1206.25,-3.667
1207.031,-6.913
1207.813,-10.789
1208.594,-18.395
1209.375,-19.994
1210.156,-18.201
1210.938,-16.36
1211.719,-12.484
1212.5,-7.155
1213.281,-0.954
1214.063,6.022
1214.844,12.175
1215.625,14.549
1216.406,15.663
1217.188,16.487
1217.969,15.615
1218.75,14.21
1219.531,10.189
1220.313,4.859
1221.094,-1.342
1221.875,-7.349
1222.656,-9.82
1223.438,-14.18
1224.219,-17.329
1225,-15.779
1225.781,-13.502
1226.563,-11.273
1227.344,-7.543
1228.125,-1.342
1228.906,3.987
1229.688,9.462
1230.469,13.241
1231.25,14.161
1232.031,15.469
1232.813,15.76
1233.594,15.033
1234.375,13.047
1235.156,8.493
1235.938,1.856
1236.719,-6.138
1237.5,-11.419
1238.281,-15.73
1239.063,-19.412
1239.844,-18.589
1240.625,-15.537
1241.406,-11.661
1242.188,-8.512
1242.969,-4.055
1243.75,0.984
1244.531,5.78
1245.313,11.545
1246.094,14.694
1246.875,16.099
1247.656,16.632
1248.438,15.082
1249.219,13.531
1250,10.189
1250.781,3.358
1251.563,-3.667
1252.344,-8.27
1253.125,-11.758
1253.906,-16.021
1254.688,-17.765
1255.469,-16.36
1256.25,-12.339
1257.031,-8.415
1257.813,-5.121
1258.594,0.402
1259.375,5.392
1260.156,9.656
1260.938,13.435
1261.719,14.791
1262.5,14.839
1263.281,14.452
1264.063,14.646
1264.844,12.853
1265.625,8.541
1266.406,3.503
1267.188,-3.376
1267.969,-7.301
1268.75,-12.097
1269.531,-17.62
1270.313,-17.959
1271.094,-15.198
1271.875,-11.903
1272.656,-8.56
1273.438,-2.068
1274.219,3.164
1275,8.444
1275.781,14.646
1276.563,15.857
1277.344,16.196
1278.125,15.954
1278.906,13.919
1279.688,11.642
1280.469,8.348
1281.25,2.776
1282.031,-4.588
1282.813,-9.093
1283.594,-14.568
1284.375,-20.963
1285.156,-21.689
1285.938,-20.139
1286.719,-14.955
1287.5,-8.802
1288.281,-3.28
1289.063,4.52
1289.844,9.51
1290.625,12.563
1291.406,15.276
1292.188,14.936
1292.969,13.192
1293.75,12.466
1294.531,11.351
1295.313,8.202
1296.094,5.925
1296.875,1.032
1297.656,-4.927
1298.438,-7.543
1299.219,-14.035
1300,-18.782
1300.781,-17.62
1301.563,-15.149
1302.344,-11.806
1303.125,-7.155
1303.906,-1.196
1304.688,3.745
1305.469,9.656
1306.25,14.549
1307.031,16.293
1307.813,17.262
1308.594,16.923
1309.375,15.518
1310.156,12.32
1310.938,7.573
1311.719,1.468
1312.5,-5.46
1313.281,-8.899
1314.063,-12.969
1314.844,-17.523
1315.625,-17.62
1316.406,-15.537
1317.188,-12.436
1317.969,-9.481
1318.75,-4.975
1319.531,0.015
1320.313,5.15
1321.094,12.126
1321.875,16.39
1322.656,18.667
1323.438,19.829
1324.219,17.698
1325,14.597
1325.781,9.753
1326.563,2.825
1327.344,-4.297
1328.125,-8.512
1328.906,-11.709
1329.688,-16.748
1330.469,-18.54
1331.25,-18.007
1332.031,-14.713
1332.813,-9.868
1333.594,-5.653
1334.375,0.887
1335.156,6.555
1335.938,10.722
1336.719,14.888
1337.5,15.518
1338.281,14.403
1339.063,14.064
1339.844,12.223
1340.625,9.607
1341.406,6.167
1342.188,-0.373
1342.969,-5.847
1343.75,-7.688
1344.531,-13.26
1345.313,-17.765
1346.094,-17.184
1346.875,-16.36
1347.656,-13.114
1348.438,-8.27
1349.219,-3.376
1350,2.195
1350.781,8.154
1351.563,11.836
1352.344,13.192
1353.125,14.743
1353.906,15.324
1354.688,15.663
1355.469,13.919
1356.25,8.832
1357.031,3.358
1357.813,-3.619
1358.594,-7.301
1359.375,-10.643
1360.156,-16.942
1360.938,-19.412
1361.719,-19.267
1362.5,-16.699
1363.281,-13.647
1364.063,-8.076
1364.844,-0.567
1365.625,5.489
1366.406,13.289
1367.188,17.213
1367.969,17.165
1368.75,17.262
1369.531,15.082
1370.313,12.223
1371.094,8.541
1371.875,2.873
1372.656,-3.183
1373.438,-6.816
1374.219,-9.093
1375,-14.761
1375.781,-18.443
1376.563,-19.025
1377.344,-17.378
1378.125,-13.066
1378.906,-8.318
1379.688,-1.681
1380.469,5.586
1381.25,11.254
1382.031,14.258
1382.813,14.597
1383.594,14.307
1384.375,13.822
1385.156,13.192
1385.938,11.012
1386.719,6.361
1387.5,0.645
1388.281,-4.975
1389.063,-7.93
1389.844,-12.242
1390.625,-17.474
1391.406,-18.443
1392.188,-16.409
1392.969,-13.26
1393.75,-9.578
1394.531,-4.2
1395.313,1.129
1396.094,6.797
1396.875,12.853
1397.656,14.985
1398.438,15.276
1399.219,15.808
1400,14.549
1400.781,13.192
1401.563,10.334
1402.344,4.714
1403.125,-2.068
1403.906,-6.477
1404.688,-11.419
1405.469,-18.443
1406.25,-20.575
1407.031,-20.091
1407.813,-16.602
1408.594,-11.37
1409.375,-6.429
1410.156,0.548
1410.938,6.167
1411.719,11.012
1412.5,14.258
1413.281,14.839
1414.063,14.888
1414.844,14.694
1415.625,14.258
1416.406,11.158
1417.188,7.04
1417.969,0.645
1418.75,-6.671
1419.531,-10.062
1420.313,-15.73
1421.094,-20.43
1421.875,-19.219
1422.656,-16.021
1423.438,-12.436
1424.219,-7.591
1425,-1.778
1425.781,2.97
1426.563,9.22
1427.344,13.774
1428.125,14.936
1428.906,16.535
1429.688,16.196
1430.469,14.888
1431.25,12.999
1432.031,7.524
1432.813,0.984
1433.594,-5.217
1434.375,-9.578
1435.156,-13.792
1435.938,-18.25
1436.719,-19.751
1437.5,-18.54
1438.281,-13.889
1439.063,-10.256
1439.844,-5.653
1440.625,1.904
1441.406,6.797
1442.188,11.594
1442.969,15.566
1443.75,15.324
1444.531,15.566
1445.313,16.438
1446.094,13.919
1446.875,10.576
1447.656,6.167
1448.438,-2.359
1449.219,-7.834
1450,-10.643
1450.781,-17.62
1451.563,-21.592
1452.344,-20.527
1453.125,-18.347
1453.906,-13.502
1454.688,-6.526
1455.469,0.257
1456.25,7.088
1457.031,12.756
1457.813,14.403
1458.594,14.597
1459.375,14.21
1460.156,12.466
1460.938,12.223
1461.719,10.189
1462.5,5.199
1463.281,0.16
1464.063,-5.896
1464.844,-9.723
1465.625,-13.356
1466.406,-18.298
1467.188,-20.042
1467.969,-17.474
1468.75,-13.696
1469.531,-10.062
1470.313,-3.086
1471.094,3.6
1471.875,9.413
1472.656,14.936
1473.438,15.905
1474.219,14.597
1475,12.902
1475.781,11.206
1476.563,9.995
1477.344,7.427
1478.125,4.084
1478.906,-0.76
1479.688,-4.539
1480.469,-9.287
1481.25,-16.748
1482.031,-20.478
1482.813,-21.06
1483.594,-17.911
1484.375,-13.066
1485.156,-6.719
1485.938,1.614
1486.719,7.573
1487.5,12.369
1488.281,14.016
1489.063,13.338
1489.844,13.822
1490.625,13.483
1491.406,13.047
1492.188,11.351
1492.969,7.088
1493.75,0.935
1494.531,-5.024
1495.313,-9.432
1496.094,-16.409
1496.875,-20.963
1497.656,-21.108
1498.438,-18.54
1499.219,-13.066
1500,-7.834
1500.781,-0.567
1501.563,6.167
1502.344,10.818
1503.125,14.5
1503.906,14.839
1504.688,14.791
1505.469,14.258
1506.25,13.192
1507.031,11.158
1507.813,6.652
1508.594,1.856
1509.375,-3.619
1510.156,-7.93
1510.938,-13.163
1511.719,-19.122
1512.5,-20.914
1513.281,-19.848
1514.063,-15.973
1514.844,-10.595
1515.625,-3.134
1516.406,4.811
1517.188,10.722
1517.969,15.179
1518.75,16.632
1519.531,16.584
1520.313,16.244
1521.094,14.936
1521.875,12.95
1522.656,9.123
1523.438,2.631
1524.219,-4.781
1525,-9.093
1525.781,-12.097
1526.563,-16.118
1527.344,-17.378
1528.125,-16.796
1528.906,-13.889
1529.688,-10.353
1530.469,-6.332
1531.25,-0.227
1532.031,4.278
1532.813,8.977
1533.594,13.144
1534.375,14.452
1535.156,14.549
1535.938,13.967
1536.719,13.192
1537.5,10.867
1538.281,7.379
1539.063,2.243
1539.844,-4.006
1540.625,-7.543
1541.406,-13.55
1542.188,-19.315
1542.969,-20.042
1543.75,-18.589
1544.531,-14.18
1545.313,-8.463
1546.094,-1.778
1546.875,5.005
1547.656,9.898
1548.438,12.805
1549.219,12.95
1550,13.192
1550.781,14.403
1551.563,15.033
1552.344,14.016
1553.125,10.286
1553.906,4.23
1554.688,-3.231
1555.469,-8.124
1556.25,-13.453
1557.031,-20.672
1557.813,-21.98
1558.594,-19.073
1559.375,-15.73
1560.156,-11.564
1560.938,-5.266
1561.719,0.693
1562.5,6.604
1563.281,12.902
1564.063,14.936
1564.844,15.082
1565.625,15.566
1566.406,14.597
1567.188,12.95
1567.969,10.043
1568.75,5.344
1569.531,-1.632
1570.313,-7.058
1571.094,-10.498
1571.875,-16.409
1572.656,-19.315
1573.438,-18.007
1574.219,-14.568
1575,-10.643
1575.781,-5.944
1576.563,0.984
1577.344,5.296
1578.125,9.559
1578.906,13.531
1579.688,13.192
1580.469,13.677
1581.25,14.258
1582.031,12.272
1582.813,10.867
1583.594,8.396
1584.375,2.146
1585.156,-3.57
1585.938,-5.847
1586.719,-11.952
1587.5,-18.734
1588.281,-20.284
1589.063,-20.381
1589.844,-16.409
1590.625,-9.917
1591.406,-2.989
1592.188,4.714
1592.969,11.158
1593.75,15.033
1594.531,15.082
1595.313,13.192
1596.094,11.884
1596.875,12.805
1597.656,13.483
1598.438,10.334
1599.219,5.296

Machine Name,P29201A
Point Name,29VT-2003AY
Wf Amp,40.405
Number of Revs,8
X-Axis Unit,ms
Y-Axis Unit,µm 
Sample Speed, 3961 rpm
Sample Status,Valid
Timestamp,8/27/2023 11:37:13 AM
Variable,Disp Wf(256X/8revs).29KT-2014A
X-Axis Value,Y-Axis Value
0,15.138
0.059,15.041
0.118,15.186
0.178,15.38
0.237,15.331
0.296,14.799
0.355,15.041
0.414,15.138
0.473,15.089
0.533,15.089
0.592,15.186
0.651,15.428
0.71,15.428
0.769,15.525
0.828,15.961
0.888,16.01
0.947,15.913
1.006,15.719
1.065,15.671
1.124,15.767
1.183,15.283
1.243,15.186
1.302,15.477
1.361,15.428
1.42,15.138
1.479,14.799
1.538,14.508
1.598,14.653
1.657,14.75
1.716,15.525
1.775,15.089
1.834,14.605
1.893,14.072
1.953,15.041
2.012,15.235
2.071,15.283
2.13,13.975
2.189,13.684
2.248,13.781
2.308,14.556
2.367,14.217
2.426,13.927
2.485,12.764
2.544,12.473
2.604,12.667
2.663,13.49
2.722,13.006
2.781,12.715
2.84,11.892
2.899,12.473
2.959,12.425
3.018,13.49
3.077,12.909
3.136,12.715
3.195,11.262
3.254,11.456
3.314,11.456
3.373,12.037
3.432,11.262
3.491,10.971
3.55,9.905
3.609,9.809
3.669,9.082
3.728,9.469
3.787,9.324
3.846,9.276
3.905,7.725
3.964,8.064
4.024,7.871
4.083,9.276
4.142,8.016
4.201,7.435
4.26,5.933
4.319,6.563
4.379,5.933
4.438,6.611
4.497,5.255
4.556,3.995
4.615,1.815
4.674,2.009
4.734,1.718
4.793,2.251
4.852,0.991
4.911,0.846
4.97,-0.22
5.03,0.265
5.089,0.313
5.148,1.621
5.207,-0.075
5.266,-0.947
5.325,-2.255
5.385,-1.286
5.444,-1.625
5.503,-1.334
5.562,-3.369
5.621,-3.756
5.68,-5.646
5.74,-4.968
5.799,-5.452
5.858,-4.435
5.917,-6.13
5.976,-6.954
6.035,-8.068
6.095,-6.76
6.154,-6.76
6.213,-6.227
6.272,-6.954
6.331,-7.487
6.39,-8.407
6.45,-7.051
6.509,-6.276
6.568,-5.21
6.627,-6.179
6.686,-5.985
6.745,-6.566
6.805,-6.276
6.864,-8.311
6.923,-7.342
6.982,-7.923
7.041,-8.214
7.1,-10.2
7.16,-9.861
7.219,-10.394
7.278,-10.684
7.337,-12.961
7.396,-13.591
7.456,-14.076
7.515,-13.446
7.574,-14.56
7.633,-15.093
7.692,-16.062
7.751,-16.062
7.811,-16.401
7.87,-15.965
7.929,-16.643
7.988,-16.886
8.047,-18.291
8.106,-17.467
8.166,-17.273
8.225,-16.498
8.284,-17.225
8.343,-17.322
8.402,-18.533
8.461,-18.145
8.521,-18.097
8.58,-17.031
8.639,-17.128
8.698,-16.982
8.757,-17.515
8.816,-17.225
8.876,-17.515
8.935,-17.273
8.994,-17.225
9.053,-16.643
9.112,-16.982
9.171,-17.176
9.231,-18
9.29,-17.37
9.349,-17.661
9.408,-17.418
9.467,-17.612
9.526,-17.467
9.586,-17.854
9.645,-17.758
9.704,-17.661
9.763,-16.547
9.822,-16.837
9.882,-16.789
9.941,-17.031
10,-16.11
10.059,-15.529
10.118,-15.335
10.177,-15.432
10.237,-15.238
10.296,-15.19
10.355,-15.141
10.414,-14.899
10.473,-14.512
10.532,-14.948
10.592,-15.19
10.651,-14.802
10.71,-13.979
10.769,-13.785
10.828,-13.737
10.887,-13.494
10.947,-12.574
11.006,-12.089
11.065,-11.46
11.124,-11.411
11.183,-11.024
11.242,-11.072
11.302,-10.539
11.361,-9.667
11.42,-9.037
11.479,-8.94
11.538,-8.795
11.597,-8.02
11.657,-7.196
11.716,-6.857
11.775,-6.857
11.834,-6.712
11.893,-6.373
11.952,-5.84
12.012,-5.065
12.071,-4.193
12.13,-3.999
12.189,-4.435
12.248,-3.95
12.307,-2.885
12.367,-1.964
12.426,-1.819
12.485,-1.528
12.544,-1.431
12.603,-0.85
12.663,0.652
12.722,1.718
12.781,2.445
12.84,2.105
12.899,2.735
12.958,3.22
13.018,4.383
13.077,4.625
13.136,5.158
13.195,4.77
13.254,3.947
13.313,3.898
13.373,5.497
13.432,7.047
13.491,7.725
13.55,7.289
13.609,7.822
13.668,8.888
13.728,10.148
13.787,10.051
13.846,10.584
13.905,10.777
13.964,11.456
14.023,11.553
14.083,13.006
14.142,13.006
14.201,12.958
14.26,12.279
14.319,13.394
14.378,13.975
14.438,15.138
14.497,14.847
14.556,14.896
14.615,13.83
14.674,13.878
14.733,13.781
14.793,15.235
14.852,14.847
14.911,14.314
14.97,13.49
15.029,14.217
15.089,14.411
15.148,15.283
15.207,14.944
15.266,15.331
15.325,14.411
15.384,14.75
15.444,14.605
15.503,15.961
15.562,15.38
15.621,15.671
15.68,14.411
15.739,15.041
15.799,14.992
15.858,16.446
15.917,15.719
15.976,15.767
16.035,14.363
16.094,15.477
16.154,15.38
16.213,16.107
16.272,15.186
16.331,15.671
16.39,15.041
16.449,15.331
16.509,15.041
16.568,16.397
16.627,15.913
16.686,15.767
16.745,14.363
16.804,15.235
16.864,15.913
16.923,16.688
16.982,15.283
17.041,15.428
17.1,14.605
17.159,15.622
17.219,15.186
17.278,16.01
17.337,14.847
17.396,14.847
17.455,13.927
17.515,15.331
17.574,14.847
17.633,14.992
17.692,13.636
17.751,14.072
17.81,13.781
17.87,14.314
17.929,13.878
17.988,14.12
18.047,13.394
18.106,13.587
18.165,13.2
18.225,13.442
18.284,12.618
18.343,13.006
18.402,11.94
18.461,12.134
18.52,10.729
18.58,11.165
18.639,10.632
18.698,11.31
18.757,9.76
18.816,9.324
18.875,8.258
18.935,8.791
18.994,8.307
19.053,8.743
19.112,7.774
19.171,7.096
19.23,6.417
19.29,6.756
19.349,6.514
19.408,5.933
19.467,4.576
19.526,4.528
19.585,3.704
19.645,3.704
19.704,2.299
19.763,1.815
19.822,0.701
19.881,0.507
19.941,-0.317
20,0.071
20.059,-0.123
20.118,-0.075
20.177,-1.043
20.236,-0.704
20.296,-0.462
20.355,-1.14
20.414,-2.303
20.473,-2.206
20.532,-2.545
20.591,-3.272
20.651,-4.435
20.71,-4.774
20.769,-5.404
20.828,-5.937
20.887,-7.148
20.946,-7.487
21.006,-7.923
21.065,-7.826
21.124,-8.795
21.183,-9.037
21.242,-9.715
21.301,-9.57
21.361,-9.619
21.42,-9.376
21.479,-10.151
21.538,-10.684
21.597,-10.588
21.656,-9.861
21.716,-9.425
21.775,-9.183
21.834,-9.183
21.893,-9.183
21.952,-10.103
22.011,-11.072
22.071,-10.684
22.13,-10.345
22.189,-11.363
22.248,-11.896
22.307,-11.992
22.367,-11.944
22.426,-13.058
22.485,-14.173
22.544,-14.705
22.603,-14.802
22.662,-15.287
22.722,-15.674
22.781,-15.917
22.84,-16.45
22.899,-17.128
22.958,-17.031
23.017,-16.934
23.077,-17.467
23.136,-17.951
23.195,-18.436
23.254,-18.048
23.313,-17.951
23.372,-17.903
23.432,-17.758
23.491,-17.951
23.55,-18.872
23.609,-19.744
23.668,-19.066
23.727,-18
23.787,-18
23.846,-18.436
23.905,-18.484
23.964,-18.339
24.023,-18.436
24.082,-18.242
24.142,-18
24.201,-17.37
24.26,-17.758
24.319,-17.661
24.378,-17.661
24.437,-16.789
24.497,-17.079
24.556,-16.643
24.615,-16.547
24.674,-16.062
24.733,-16.353
24.793,-15.965
24.852,-15.578
24.911,-14.754
24.97,-15.045
25.029,-14.996
25.088,-14.851
25.148,-14.221
25.207,-13.397
25.266,-13.349
25.325,-13.979
25.384,-14.076
25.443,-14.415
25.503,-13.349
25.562,-13.155
25.621,-13.252
25.68,-14.802
25.739,-14.318
25.798,-14.173
25.858,-12.719
25.917,-12.913
25.976,-12.622
26.035,-13.446
26.094,-12.622
26.153,-12.332
26.213,-10.878
26.272,-11.169
26.331,-11.072
26.39,-11.896
26.449,-10.878
26.508,-10.345
26.568,-9.037
26.627,-9.425
26.686,-8.407
26.745,-8.747
26.804,-7.923
26.863,-7.778
26.923,-5.985
26.982,-6.034
27.041,-5.791
27.1,-6.373
27.159,-4.774
27.219,-4.193
27.278,-2.836
27.337,-3.466
27.396,-2.788
27.455,-3.369
27.514,-1.77
27.574,-1.431
27.633,-0.026
27.692,-0.704
27.751,-0.317
27.81,-0.075
27.869,1.912
27.929,2.251
27.988,3.365
28.047,2.881
28.106,3.462
28.165,3.074
28.224,4.673
28.284,4.964
28.343,5.594
28.402,3.753
28.461,4.286
28.52,4.286
28.579,6.611
28.639,6.708
28.698,8.307
28.757,8.452
28.816,9.13
28.875,8.597
28.934,10.002
28.994,10.584
29.053,12.086
29.112,11.746
29.171,12.425
29.23,11.843
29.289,12.812
29.349,12.812
29.408,14.072
29.467,13.781
29.526,14.023
29.585,13.733
29.645,15.331
29.704,15.428
29.763,15.477
29.822,14.169
29.881,14.896
29.94,14.75
30,15.525
30.059,14.847
30.118,15.574
30.177,14.944
30.236,15.089
30.295,14.556
30.355,15.331
30.414,15.235
30.473,15.671
30.532,14.799
30.591,14.75
30.65,14.169
30.71,14.992
30.769,15.235
30.828,15.235
30.887,14.363
30.946,14.605
31.005,14.75
31.065,15.525
31.124,15.235
31.183,15.816
31.242,14.896
31.301,15.041
31.36,14.363
31.42,15.38
31.479,15.331
31.538,15.138
31.597,14.12
31.656,14.702
31.715,14.992
31.775,15.38
31.834,14.411
31.893,14.169
31.952,14.508
32.011,14.896
32.07,14.944
32.13,14.896
32.189,14.411
32.248,14.556
32.307,14.508
32.366,14.944
32.426,14.266
32.485,14.169
32.544,13.733
32.603,14.411
32.662,14.023
32.721,13.442
32.781,12.522
32.84,12.57
32.899,12.57
32.958,12.328
33.017,11.698
33.076,11.65
33.136,11.553
33.195,11.456
33.254,11.843
33.313,11.843
33.372,11.601
33.431,11.117
33.491,11.359
33.55,11.746
33.609,11.698
33.668,11.456
33.727,10.826
33.786,11.117
33.846,11.02
33.905,11.117
33.964,10.39
34.023,10.293
34.082,9.809
34.141,10.148
34.201,10.148
34.26,9.76
34.319,9.324
34.378,9.276
34.437,9.566
34.496,8.694
34.556,8.307
34.615,8.064
34.674,7.919
34.733,7.096
34.792,6.32
34.852,5.594
34.911,4.818
34.97,3.995
35.029,3.171
35.088,2.978
35.147,2.881
35.207,2.832
35.266,2.59
35.325,2.299
35.384,2.493
35.443,2.154
35.502,1.96
35.562,1.718
35.621,1.766
35.68,0.797
35.739,0.555
35.798,-0.026
35.857,0.216
35.917,-0.608
35.976,-1.043
36.035,-2.158
36.094,-2.594
36.153,-2.981
36.212,-2.255
36.272,-2.933
36.331,-3.514
36.39,-4.629
36.449,-4.629
36.508,-4.289
36.567,-3.756
36.627,-4.725
36.686,-5.113
36.745,-5.598
36.804,-5.113
36.863,-5.016
36.922,-4.241
36.982,-4.629
37.041,-4.532
37.1,-6.663
37.159,-7.584
37.218,-8.117
37.278,-6.906
37.337,-8.262
37.396,-9.183
37.455,-10.83
37.514,-11.024
37.573,-12.235
37.633,-12.138
37.692,-13.494
37.751,-13.979
37.81,-15.045
37.869,-15.141
37.928,-15.723
37.988,-15.674
38.047,-16.256
38.106,-15.917
38.165,-16.982
38.224,-16.934
38.283,-17.37
38.343,-16.304
38.402,-17.128
38.461,-16.643
38.52,-17.515
38.579,-16.062
38.638,-17.176
38.698,-17.031
38.757,-18.145
38.816,-17.418
38.875,-18.097
38.934,-17.758
38.993,-18.097
39.053,-17.128
39.112,-18
39.171,-18.533
39.23,-19.889
39.289,-19.017
39.348,-18.678
39.408,-17.806
39.467,-18.775
39.526,-18.92
39.585,-20.083
39.644,-19.599
39.704,-19.163
39.763,-17.612
39.822,-18.872
39.881,-19.114
39.94,-20.18
39.999,-18.678
40.059,-18.242
40.118,-16.886
40.177,-18
40.236,-17.758
40.295,-18.387
40.354,-16.595
40.414,-16.11
40.473,-15.529
40.532,-16.353
40.591,-16.062
40.65,-16.353
40.709,-15.287
40.769,-15.384
40.828,-14.948
40.887,-15.723
40.946,-15.141
41.005,-15.432
41.064,-13.785
41.124,-13.591
41.183,-12.622
41.242,-13.494
41.301,-12.38
41.36,-12.671
41.419,-11.46
41.479,-11.75
41.538,-11.024
41.597,-11.556
41.656,-11.363
41.715,-11.411
41.774,-9.958
41.834,-9.57
41.893,-9.183
41.952,-9.909
42.011,-9.134
42.07,-8.747
42.13,-7.923
42.189,-8.02
42.248,-6.906
42.307,-6.954
42.366,-6.324
42.425,-5.937
42.485,-4.919
42.544,-4.871
42.603,-4.096
42.662,-3.853
42.721,-3.03
42.78,-3.175
42.84,-2.594
42.899,-1.77
42.958,-0.268
43.017,-0.123
43.076,0.41
43.135,0.701
43.195,2.057
43.254,2.493
43.313,2.832
43.372,3.171
43.431,3.85
43.49,3.462
43.55,3.365
43.609,3.414
43.668,4.237
43.727,4.818
43.786,5.981
43.845,6.32
43.905,7.241
43.964,7.483
44.023,8.016
44.082,8.113
44.141,8.791
44.2,9.276
44.26,10.535
44.319,10.681
44.378,10.971
44.437,10.826
44.496,11.601
44.556,11.795
44.615,12.037
44.674,12.861
44.733,13.539
44.792,14.508
44.851,14.217
44.911,14.12
44.97,14.072
45.029,14.314
45.088,14.799
45.147,15.235
45.206,15.331
45.266,15.428
45.325,15.574
45.384,15.477
45.443,16.107
45.502,16.349
45.561,16.736
45.621,16.979
45.68,16.882
45.739,16.543
45.798,16.494
45.857,17.027
45.916,17.657
45.976,17.463
46.035,16.543
46.094,17.027
46.153,17.512
46.212,17.851
46.271,17.657
46.331,17.705
46.39,17.512
46.449,17.366
46.508,17.415
46.567,17.657
46.626,17.948
46.686,17.56
46.745,17.366
46.804,17.318
46.863,17.609
46.922,17.705
46.982,17.512
47.041,17.512
47.1,17.318
47.159,17.705
47.218,17.657
47.277,17.996
47.337,17.512
47.396,17.754
47.455,17.415
47.514,17.705
47.573,16.833
47.632,16.688
47.692,17.172
47.751,17.269
47.81,16.155
47.869,15.622
47.928,15.38
47.987,15.671
48.047,15.235
48.106,15.138
48.165,14.314
48.224,14.023
48.283,13.297
48.342,14.217
48.402,14.556
48.461,14.508
48.52,13.2
48.579,12.958
48.638,12.618
48.697,13.587
48.757,13.006
48.816,13.103
48.875,11.746
48.934,11.31
48.993,10.971
49.052,12.037
49.112,11.262
49.171,10.681
49.23,9.082
49.289,9.421
49.348,9.373
49.408,10.099
49.467,9.324
49.526,9.033
49.585,7.677
49.644,7.289
49.703,6.805
49.763,7.774
49.822,6.514
49.881,5.933
49.94,4.237
49.999,3.995
50.058,2.638
50.118,3.074
50.177,1.766
50.236,1.815
50.295,0.216
50.354,0.652
50.413,0.555
50.473,1.234
50.532,0.313
50.591,0.119
50.65,-1.334
50.709,-1.431
50.768,-2.012
50.828,-1.334
50.887,-2.303
50.946,-3.224
51.005,-5.549
51.064,-4.968
51.123,-5.307
51.183,-5.065
51.242,-7.002
51.301,-7.293
51.36,-8.407
51.419,-7.681
51.478,-8.601
51.538,-7.681
51.597,-8.601
51.656,-8.601
51.715,-9.812
51.774,-8.989
51.834,-9.134
51.893,-8.262
51.952,-8.795
52.011,-8.359
52.07,-8.601
52.129,-7.632
52.189,-8.117
52.248,-8.165
52.307,-9.909
52.366,-9.764
52.425,-10.103
52.484,-9.861
52.544,-10.781
52.603,-10.394
52.662,-11.944
52.721,-12.428
52.78,-14.221
52.839,-14.076
52.899,-14.269
52.958,-13.737
53.017,-15.335
53.076,-16.159
53.135,-17.612
53.194,-16.256
53.254,-16.256
53.313,-16.11
53.372,-17.661
53.431,-18.097
53.49,-18.727
53.549,-17.903
53.609,-17.322
53.668,-16.643
53.727,-18
53.786,-18.291
53.845,-19.308
53.904,-18.387
53.964,-18.291
54.023,-17.467
54.082,-18.145
54.141,-18
54.2,-18.775
54.259,-18.145
54.319,-18.242
54.378,-17.709
54.437,-18.387
54.496,-18.291
54.555,-18.194
54.615,-17.564
54.674,-17.661
54.733,-17.854
54.792,-18.097
54.851,-17.564
54.91,-17.564
54.97,-17.128
55.029,-17.322
55.088,-16.982
55.147,-17.612
55.206,-17.176
55.265,-16.595
55.325,-16.159
55.384,-16.692
55.443,-16.789
55.502,-16.304
55.561,-15.384
55.62,-15.723
55.68,-15.626
55.739,-15.626
55.798,-15.287
55.857,-15.529
55.916,-15.045
55.975,-15.19
56.035,-15.045
56.094,-15.093
56.153,-14.318
56.212,-14.076
56.271,-13.737
56.33,-13.688
56.39,-13.204
56.449,-12.525
56.508,-12.041
56.567,-11.75
56.626,-11.508
56.685,-11.314
56.745,-10.781
56.804,-10.539
56.863,-9.715
56.922,-9.134
56.981,-8.698
57.041,-8.02
57.1,-7.293
57.159,-7.293
57.218,-7.002
57.277,-6.809
57.336,-5.888
57.396,-5.501
57.455,-5.307
57.514,-4.822
57.573,-4.435
57.632,-3.66
57.691,-3.611
57.751,-2.885
57.81,-2.497
57.869,-2.158
57.928,-1.867
57.987,-0.995
58.046,0.119
58.106,0.797
58.165,1.185
58.224,1.912
58.283,2.493
58.342,3.026
58.401,3.656
58.461,4.14
58.52,4.673
58.579,4.673
58.638,4.237
58.697,4.286
58.756,4.479
58.816,5.642
58.875,5.884
58.934,7.096
58.993,7.58
59.052,8.84
59.111,9.712
59.171,10.293
59.23,10.196
59.289,10.729
59.348,11.746
59.407,13.297
59.467,13.587
59.526,13.345
59.585,13.297
59.644,13.587
59.703,13.975
59.762,15.089
59.822,15.477
59.881,16.058
59.94,15.428
59.999,16.3
60.058,16.397
60.117,17.269
60.177,16.736
60.236,17.657
60.295,17.705
60.354,17.948
60.413,17.657
60.472,19.013
60.532,19.013
60.591,19.159
60.65,18.141
60.709,18.674
60.768,18.868
60.827,19.304
60.887,18.432
60.946,18.19
61.005,17.802
61.064,17.899
61.123,17.415
61.182,18.432
61.242,18.287
61.301,18.529
61.36,17.221
61.419,17.948
61.478,17.899
61.537,18.868
61.597,17.705
61.656,18.044
61.715,17.027
61.774,17.318
61.833,16.833
61.893,17.269
61.952,16.446
62.011,16.688
62.07,15.574
62.129,15.816
62.188,15.138
62.248,16.058
62.307,15.719
62.366,16.155
62.425,14.75
62.484,14.847
62.543,14.847
62.603,16.397
62.662,15.525
62.721,15.138
62.78,13.394
62.839,14.266
62.898,14.023
62.958,14.944
63.017,13.2
63.076,12.425
63.135,10.729
63.194,11.601
63.253,11.65
63.313,12.182
63.372,10.438
63.431,9.76
63.49,9.324
63.549,10.341
63.608,10.148
63.668,10.535
63.727,8.985
63.786,8.694
63.845,7.289
63.904,8.404
63.963,8.064
64.023,8.404
64.082,6.853
64.141,6.805
64.2,5.933
64.259,6.369
64.319,5.739
64.378,6.466
64.437,5.884
64.496,5.787
64.555,4.479
64.614,5.303
64.674,5.448
64.733,6.03
64.792,4.479
64.851,3.704
64.91,2.832
64.969,3.414
65.029,3.026
65.088,2.881
65.147,0.604
65.206,-0.365
65.265,-1.286
65.324,-0.704
65.384,-1.383
65.443,-1.237
65.502,-2.255
65.561,-2.012
65.62,-2.885
65.679,-1.819
65.739,-1.673
65.798,-1.77
65.857,-3.708
65.916,-3.708
65.975,-4.047
66.034,-3.563
66.094,-4.774
66.153,-5.307
66.212,-6.13
66.271,-6.518
66.33,-7.729
66.389,-7.584
66.449,-7.438
66.508,-7.487
66.567,-8.747
66.626,-9.279
66.685,-9.134
66.745,-8.359
66.804,-8.65
66.863,-8.553
66.922,-9.328
66.981,-9.183
67.04,-9.231
67.1,-7.971
67.159,-7.584
67.218,-7.535
67.277,-8.068
67.336,-7.438
67.395,-8.068
67.455,-9.183
67.514,-9.473
67.573,-9.328
67.632,-9.619
67.691,-10.151
67.75,-10.539
67.81,-10.927
67.869,-11.896
67.928,-12.768
67.987,-13.737
68.046,-13.301
68.105,-13.688
68.165,-14.076
68.224,-15.287
68.283,-15.529
68.342,-15.868
68.401,-15.481
68.46,-15.723
68.52,-16.11
68.579,-17.176
68.638,-17.515
68.697,-17.225
68.756,-16.401
68.815,-16.401
68.875,-16.692
68.934,-17.37
68.993,-18.242
69.052,-18.581
69.111,-17.806
69.171,-17.273
69.23,-17.564
69.289,-18.339
69.348,-18.678
69.407,-18.145
69.466,-17.709
69.526,-18.291
69.585,-18.775
69.644,-18.581
69.703,-17.951
69.762,-17.854
69.821,-17.951
69.881,-18.097
69.94,-18.339
69.999,-18.194
70.058,-17.709
70.117,-16.886
70.176,-17.176
70.236,-17.661
70.295,-17.758
70.354,-16.934
70.413,-16.498
70.472,-16.11
70.531,-16.45
70.591,-15.965
70.65,-15.917
70.709,-15.723
70.768,-15.868
70.827,-15.093
70.886,-14.705
70.946,-14.996
71.005,-15.384
71.064,-15.19
71.123,-15.335
71.182,-15.141
71.241,-14.754
71.301,-14.027
71.36,-13.979
71.419,-14.027
71.478,-13.737
71.537,-12.235
71.597,-11.944
71.656,-11.169
71.715,-11.944
71.774,-11.072
71.833,-10.927
71.892,-9.667
71.952,-9.473
72.011,-8.698
72.07,-8.747
72.129,-8.165
72.188,-7.342
72.247,-6.324
72.307,-6.179
72.366,-5.549
72.425,-5.791
72.484,-5.016
72.543,-5.016
72.602,-3.514
72.662,-3.175
72.721,-2.739
72.78,-3.563
72.839,-2.642
72.898,-2.061
72.957,-0.317
73.017,-1.14
73.076,-0.414
73.135,-1.237
73.194,0.119
73.253,0.652
73.312,2.881
73.372,2.881
73.431,3.074
73.49,2.202
73.549,3.753
73.608,4.576
73.667,5.981
73.727,5.545
73.786,5.206
73.845,3.85
73.904,4.77
73.963,5.594
74.023,7.919
74.082,8.161
74.141,8.549
74.2,7.919
74.259,10.051
74.318,10.002
74.378,11.407
74.437,11.214
74.496,12.182
74.555,11.65
74.614,13.006
74.673,12.861
74.733,14.266
74.792,13.49
74.851,13.781
74.91,13.297
74.969,14.556
75.028,15.235
75.088,16.397
75.147,15.477
75.206,14.992
75.265,13.781
75.324,15.186
75.383,15.574
75.443,16.494
75.502,14.799
75.561,14.896
75.62,14.411
75.679,15.864
75.738,15.138
75.798,16.155
75.857,15.235
75.916,15.622
75.975,14.653
76.034,15.767
76.093,15.719
76.153,16.397
76.212,15.767
76.271,15.864
76.33,15.477
76.389,16.349
76.448,16.736
76.508,17.609
76.567,16.979
76.626,16.736
76.685,15.767
76.744,16.93
76.804,17.124
76.863,17.512
76.922,16.446
76.981,16.3
77.04,15.767
77.099,16.591
77.159,16.494
77.218,16.93
77.277,15.719
77.336,15.331
77.395,14.992
77.454,16.3
77.514,16.203
77.573,15.864
77.632,14.944
77.691,14.847
77.75,14.702
77.809,15.138
77.869,14.411
77.928,14.266
77.987,13.587
78.046,13.781
78.105,13.539
78.164,13.442
78.224,12.425
78.283,12.522
78.342,12.279
78.401,12.618
78.46,11.698
78.519,11.989
78.579,11.795
78.638,12.086
78.697,11.843
78.756,11.989
78.815,11.843
78.874,11.31
78.934,10.923
78.993,11.02
79.052,10.923
79.111,10.535
79.17,9.857
79.23,10.051
79.289,9.421
79.348,9.227
79.407,8.452
79.466,8.452
79.525,8.355
79.585,8.113
79.644,7.58
79.703,7.483
79.762,7.047
79.821,7.144
79.88,6.417
79.94,6.03
79.999,5.109
80.058,4.576
80.117,4.286
80.176,3.753
80.235,3.123
80.295,1.573
80.354,0.701
80.413,0.071
80.472,-0.268
80.531,-0.656
80.59,-0.704
80.65,-0.656
80.709,-0.995
80.768,-1.286
80.827,-1.043
80.886,-0.608
80.945,-1.479
81.005,-1.916
81.064,-2.352
81.123,-2.497
81.182,-2.933
81.241,-3.369
81.3,-3.95
81.36,-4.822
81.419,-5.501
81.478,-6.13
81.537,-6.034
81.596,-6.034
81.656,-6.566
81.715,-7.148
81.774,-7.39
81.833,-7.681
81.892,-7.438
81.951,-7.342
82.011,-7.245
82.07,-8.214
82.129,-8.747
82.188,-8.456
82.247,-7.487
82.306,-7.39
82.366,-7.535
82.425,-7.729
82.484,-7.487
82.543,-8.504
82.602,-9.473
82.661,-9.279
82.721,-8.843
82.78,-10.055
82.839,-10.927
82.898,-11.411
82.957,-10.975
83.016,-12.041
83.076,-13.058
83.135,-14.512
83.194,-14.366
83.253,-14.851
83.312,-14.56
83.371,-15.384
83.431,-15.917
83.49,-17.031
83.549,-16.595
83.608,-16.595
83.667,-16.159
83.726,-17.37
83.786,-17.709
83.845,-18.194
83.904,-17.515
83.963,-17.612
84.022,-17.225
84.082,-17.951
84.141,-18.727
84.2,-19.744
84.259,-19.066
84.318,-18.727
84.377,-18.145
84.437,-19.26
84.496,-18.727
84.555,-19.986
84.614,-19.55
84.673,-20.277
84.732,-18.969
84.792,-19.453
84.851,-19.26
84.91,-20.471
84.969,-19.841
85.028,-20.035
85.087,-19.211
85.147,-19.599
85.206,-19.066
85.265,-20.083
85.324,-19.744
85.383,-19.986
85.442,-18.242
85.502,-18.484
85.561,-18.533
85.62,-19.502
85.679,-18.291
85.738,-18
85.797,-16.547
85.857,-17.273
85.916,-16.789
85.975,-17.467
86.034,-16.498
86.093,-16.401
86.152,-14.802
86.212,-15.481
86.271,-15.529
86.33,-16.643
86.389,-15.141
86.448,-14.318
86.508,-13.155
86.567,-13.64
86.626,-13.543
86.685,-13.882
86.744,-12.622
86.803,-11.896
86.863,-10.588
86.922,-11.46
86.981,-11.12
87.04,-11.799
87.099,-9.764
87.158,-9.328
87.218,-7.438
87.277,-8.165
87.336,-7.342
87.395,-7.729
87.454,-6.082
87.513,-5.549
87.573,-4.338
87.632,-5.21
87.691,-4.435
87.75,-4.047
87.809,-2.448
87.868,-2.206
87.928,-1.286
87.987,-1.479
88.046,-0.656
88.105,-0.365
88.164,1.137
88.223,1.427
88.283,2.687
88.342,2.396
88.401,3.753
88.46,3.947
88.519,5.4
88.578,5.448
88.638,6.708
88.697,6.224
88.756,6.369
88.815,6.32
88.874,7.822
88.934,7.241
88.993,6.853
89.052,6.224
89.111,7.338
89.17,8.5
89.229,9.712
89.289,10.148
89.348,11.068
89.407,11.068
89.466,11.456
89.525,11.456
89.584,12.812
89.644,12.958
89.703,13.733
89.762,13.345
89.821,13.83
89.88,13.684
89.939,14.217
89.999,14.169
90.058,14.896
90.117,14.896
90.176,15.671
90.235,16.252
90.294,16.446
90.354,16.203
90.413,16.3
90.472,16.252
90.531,16.833
90.59,16.736
90.649,16.93
90.709,16.833
90.768,17.027
90.827,16.494
90.886,16.688
90.945,16.688
91.004,16.882
91.064,16.446
91.123,16.349
91.182,15.767
91.241,16.058
91.3,15.864
91.36,16.397
91.419,15.961
91.478,15.525
91.537,15.961
91.596,16.591
91.655,16.64
91.715,16.203
91.774,15.961
91.833,16.01
91.892,16.397
91.951,16.203
92.01,15.961
92.07,15.913
92.129,15.622
92.188,15.138
92.247,15.428
92.306,16.058
92.365,15.816
92.425,15.331
92.484,14.75
92.543,15.331
92.602,15.961
92.661,16.203
92.72,16.252
92.78,15.913
92.839,15.816
92.898,15.864
92.957,16.107
93.016,16.155
93.075,15.816
93.135,15.38
93.194,15.622
93.253,15.477
93.312,15.283
93.371,15.041
93.43,14.75
93.49,14.556
93.549,14.266
93.608,14.12
93.667,14.314
93.726,14.023
93.786,13.927
93.845,14.12
93.904,14.314
93.963,13.781
94.022,13.442
94.081,13.442
94.141,13.733
94.2,12.812
94.259,12.715
94.318,12.231
94.377,12.57
94.436,11.94
94.496,11.892
94.555,11.407
94.614,11.068
94.673,10.293
94.732,10.826
94.791,10.826
94.851,10.681
94.91,9.179
94.969,9.227
95.028,9.13
95.087,9.373
95.146,8.113
95.206,7.677
95.265,6.708
95.324,6.611
95.383,5.642
95.442,5.4
95.501,3.947
95.561,3.607
95.62,1.815
95.679,2.009
95.738,1.815
95.797,2.396
95.856,1.573
95.916,1.621
95.975,0.507
96.034,1.185
96.093,0.022
96.152,0.458
96.211,-0.511
96.271,-0.753
96.33,-2.352
96.389,-2.4
96.448,-3.321
96.507,-2.788
96.567,-3.611
96.626,-4.193
96.685,-6.082
96.744,-5.743
96.803,-5.84
96.862,-5.113
96.922,-6.324
96.981,-6.906
97.04,-8.02
97.099,-7.148
97.158,-7.342
97.217,-6.663
97.277,-7.826
97.336,-7.487
97.395,-8.456
97.454,-7.002
97.513,-6.954
97.572,-5.743
97.632,-7.051
97.691,-7.875
97.75,-9.667
97.809,-8.504
97.868,-8.795
97.927,-8.698
97.987,-10.103
98.046,-10.491
98.105,-12.089
98.164,-12.332
98.223,-13.252
98.282,-13.01
98.342,-14.463
98.401,-14.754
98.46,-16.401
98.519,-15.917
98.578,-16.692
98.637,-16.062
98.697,-17.225
98.756,-17.322
98.815,-18.92
98.874,-18.63
98.933,-18.872
98.993,-17.758
99.052,-18.823
99.111,-18.872
99.17,-19.647
99.229,-19.211
99.288,-20.131
99.348,-20.083
99.407,-20.228
99.466,-20.035
99.525,-20.858
99.584,-20.228
99.643,-20.374
99.703,-19.55
99.762,-20.664
99.821,-20.471
99.88,-21.1
99.939,-19.841
99.998,-20.035
100.058,-19.114
100.117,-20.277
100.176,-20.277
100.235,-21.052
100.294,-19.599
100.353,-19.163
100.413,-18.969
100.472,-20.18
100.531,-20.18
100.59,-20.035
100.649,-19.017
100.708,-18.63
100.768,-18.097
100.827,-18.823
100.886,-18.63
100.945,-17.903
101.004,-16.498
101.063,-16.74
101.123,-16.498
101.182,-17.079
101.241,-16.304
101.3,-16.014
101.359,-15.432
101.419,-15.917
101.478,-15.723
101.537,-15.771
101.596,-14.851
101.655,-14.463
101.714,-13.349
101.774,-13.446
101.833,-13.155
101.892,-12.719
101.951,-11.508
102.01,-11.314
102.069,-11.024
102.129,-10.539
102.188,-9.812
102.247,-9.667
102.306,-9.279
102.365,-8.456
102.424,-7.196
102.484,-7.342
102.543,-6.906
102.602,-6.809
102.661,-5.888
102.72,-5.549
102.779,-5.113
102.839,-4.725
102.898,-4.047
102.957,-3.563
103.016,-2.836
103.075,-2.352
103.134,-2.109
103.194,-1.722
103.253,-1.092
103.312,-0.462
103.371,-0.075
103.43,0.119
103.489,0.701
103.549,1.67
103.608,2.348
103.667,2.978
103.726,3.559
103.785,3.947
103.845,4.14
103.904,4.334
103.963,5.4
104.022,5.981
104.081,5.497
104.14,4.964
104.2,5.448
104.259,6.078
104.318,6.902
104.377,8.161
104.436,8.985
104.495,9.712
104.555,9.712
104.614,10.196
104.673,10.584
104.732,11.359
104.791,11.94
104.85,12.57
104.91,12.57
104.969,12.473
105.028,12.328
105.087,13.151
105.146,13.587
105.205,13.49
105.265,13.297
105.324,13.781
105.383,14.459
105.442,14.411
105.501,13.975
105.56,13.927
105.62,13.345
105.679,13.733
105.738,13.636
105.797,13.975
105.856,13.733
105.915,13.781
105.975,13.248
106.034,13.49
106.093,13.442
106.152,14.217
106.211,13.975
106.27,14.411
106.33,13.442
106.389,13.442
106.448,13.83
106.507,14.653
106.566,14.266
106.625,14.023
106.685,13.878
106.744,14.459
106.803,14.023
106.862,15.041
106.921,14.847
106.98,14.944
107.039,13.539
107.099,14.169
107.158,14.508
107.217,15.913
107.276,14.459
107.335,14.556
107.394,14.072
107.454,15.186
107.513,14.896
107.572,15.671
107.631,15.041
107.69,15.041
107.749,14.508
107.809,15.283
107.868,15.428
107.927,15.961
107.986,14.992
108.045,15.477
108.104,14.653
108.163,15.041
108.223,14.411
108.282,15.913
108.341,15.671
108.4,15.913
108.459,14.363
108.518,14.702
108.578,14.75
108.637,16.058
108.696,15.331
108.755,15.477
108.814,13.83
108.873,14.556
108.932,14.653
108.992,16.3
109.051,15.428
109.11,14.944
109.169,13.49
109.228,14.411
109.287,14.363
109.347,14.992
109.406,13.878
109.465,13.587
109.524,12.473
109.583,13.2
109.642,12.909
109.701,13.394
109.761,11.795
109.82,11.65
109.879,10.777
109.938,11.504
109.997,10.341
110.056,10.777
110.116,9.712
110.175,9.663
110.234,7.58
110.293,7.822
110.352,7.58
110.411,8.016
110.471,6.078
110.53,5.594
110.589,3.947
110.648,3.704
110.707,2.978
110.766,3.51
110.825,2.299
110.885,1.96
110.944,0.797
111.003,1.912
111.062,1.96
111.121,2.493
111.18,1.185
111.24,0.555
111.299,-0.365
111.358,0.022
111.417,-0.511
111.476,-0.462
111.535,-1.916
111.594,-2.691
111.654,-3.805
111.713,-3.466
111.772,-4.096
111.831,-4.532
111.89,-5.452
111.949,-5.549
112.009,-6.615
112.068,-6.566
112.127,-6.76
112.186,-6.469
112.245,-7.293
112.304,-7.535
112.363,-8.311
112.423,-7.971
112.482,-8.068
112.541,-7.584
112.6,-7.875
112.659,-7.729
112.718,-8.262
112.778,-7.778
112.837,-9.037
112.896,-9.861
112.955,-10.733
113.014,-10.394
113.073,-11.072
113.133,-11.314
113.192,-12.332
113.251,-12.865
113.31,-13.688
113.369,-14.657
113.428,-15.384
113.487,-16.014
113.547,-16.014
113.606,-16.498
113.665,-17.515
113.724,-17.806
113.783,-17.951
113.842,-17.564
113.902,-18.242
113.961,-18.581
114.02,-19.163
114.079,-19.066
114.138,-19.26
114.197,-18.823
114.256,-18.727
114.316,-18.63
114.375,-19.695
114.434,-20.131
114.493,-20.228
114.552,-19.647
114.611,-19.647
114.671,-20.083
114.73,-19.938
114.789,-19.938
114.848,-19.792
114.907,-19.986
114.966,-20.18
115.026,-19.986
115.085,-20.035
115.144,-19.502
115.203,-19.114
115.262,-19.308
115.321,-19.792
115.38,-19.55
115.44,-19.017
115.499,-18.048
115.558,-18.242
115.617,-18.339
115.676,-18.387
115.735,-17.951
115.795,-16.934
115.854,-16.256
115.913,-15.723
115.972,-16.062
116.031,-15.481
116.09,-14.705
116.149,-14.027
116.209,-13.785
116.268,-13.543
116.327,-13.252
116.386,-13.204
116.445,-13.494
116.504,-13.01
116.564,-12.525
116.623,-12.768
116.682,-13.204
116.741,-12.865
116.8,-11.944
116.859,-11.169
116.918,-11.314
116.978,-10.975
117.037,-10.83
117.096,-10.491
117.155,-10.636
117.214,-9.522
117.273,-9.183
117.333,-9.086
117.392,-10.006
117.451,-8.989
117.51,-8.262
117.569,-6.906
117.628,-7.051
117.688,-6.712
117.747,-6.76
117.806,-6.179
117.865,-5.84
117.924,-4.241
117.983,-3.756
118.042,-3.369
118.102,-3.611
118.161,-2.352
118.22,-1.964
118.279,-0.947
118.338,-0.656
118.397,0.701
118.457,0.071
118.516,0.604
118.575,0.846
118.634,2.638
118.693,3.171
118.752,3.947
118.811,3.171
118.871,4.334
118.93,4.818
118.989,6.078
119.048,5.884
119.107,6.466
119.166,5.594
119.226,6.078
119.285,5.206
119.344,6.369
119.403,6.175
119.462,7.096
119.521,7.192
119.58,8.258
119.64,8.646
119.699,9.857
119.758,9.518
119.817,9.76
119.876,9.13
119.935,11.02
119.995,11.456
120.054,12.667
120.113,11.504
120.172,12.134
120.231,11.601
120.29,12.715
120.35,12.667
120.409,14.459
120.468,14.314
120.527,14.702
120.586,13.587
120.645,14.266
120.704,14.508
120.764,15.525
120.823,14.75
120.882,15.331
120.941,13.975
121,14.847
121.059,15.041
121.119,16.203

