Machine Name,P29201A
Point Name,29VT-2005Y
Wf Amp,12.548
Number of Revs,8
X-Axis Unit,ms
Y-Axis Unit,µm 
Sample Speed, 4762 rpm
Sample Status,Valid
Timestamp,7/25/2026 1:40:10 PM
Variable,Disp Wf(256X/8revs).29KT-2014A
X-Axis Value,Y-Axis Value
0,3.966
0.049,3.385
0.098,3.143
0.148,3.094
0.197,3.046
0.246,2.949
0.295,2.755
0.345,2.562
0.394,2.174
0.443,1.786
0.492,1.447
0.541,0.963
0.591,1.399
0.64,1.35
0.689,1.35
0.738,1.06
0.787,1.108
0.837,1.157
0.886,1.157
0.935,0.817
0.984,0.333
1.034,-0.006
1.083,-0.394
1.132,-0.684
1.181,-0.878
1.23,-1.072
1.28,-1.023
1.329,-1.46
1.378,-1.653
1.427,-1.896
1.477,-1.847
1.526,-2.332
1.575,-2.186
1.624,-2.332
1.673,-2.235
1.723,-2.38
1.772,-1.799
1.821,-2.138
1.87,-2.283
1.919,-2.816
1.969,-2.865
2.018,-3.397
2.067,-3.252
2.116,-3.591
2.166,-3.882
2.215,-4.948
2.264,-5.723
2.313,-6.353
2.362,-5.965
2.412,-5.674
2.461,-5.529
2.51,-5.82
2.559,-5.19
2.609,-4.657
2.658,-4.027
2.707,-4.221
2.756,-4.076
2.805,-4.366
2.855,-4.56
2.904,-4.754
2.953,-4.899
3.002,-4.706
3.052,-4.851
3.101,-4.802
3.15,-4.56
3.199,-4.415
3.248,-4.318
3.298,-4.609
3.347,-4.366
3.396,-4.463
3.445,-4.124
3.494,-3.93
3.544,-3.591
3.593,-3.785
3.642,-3.688
3.691,-3.494
3.741,-3.446
3.79,-3.591
3.839,-3.882
3.888,-4.318
3.937,-4.318
3.987,-4.221
4.036,-3.785
4.085,-3.785
4.134,-3.397
4.184,-3.543
4.233,-3.785
4.282,-4.076
4.331,-3.737
4.38,-3.737
4.43,-3.543
4.479,-3.979
4.528,-3.543
4.577,-3.446
4.626,-3.058
4.676,-2.719
4.725,-2.671
4.774,-2.865
4.823,-2.913
4.873,-2.913
4.922,-2.768
4.971,-2.768
5.02,-2.768
5.069,-2.816
5.119,-3.058
5.168,-3.01
5.217,-2.622
5.266,-2.574
5.316,-2.138
5.365,-1.992
5.414,-1.75
5.463,-1.75
5.512,-1.556
5.562,-1.411
5.611,-1.556
5.66,-1.411
5.709,-1.653
5.758,-2.235
5.808,-2.283
5.857,-2.041
5.906,-1.847
5.955,-2.138
6.005,-1.944
6.054,-1.992
6.103,-1.702
6.152,-1.556
6.201,-1.072
6.251,-1.169
6.3,-1.023
6.349,-1.023
6.398,-0.636
6.448,-0.442
6.497,-0.151
6.546,-0.055
6.595,-0.151
6.644,-0.345
6.694,0.091
6.743,0.381
6.792,0.478
6.841,0.236
6.89,0.333
6.94,0.478
6.989,0.575
7.038,0.866
7.087,1.641
7.137,1.98
7.186,1.883
7.235,2.271
7.284,3.046
7.333,3.191
7.383,2.562
7.432,2.125
7.481,1.738
7.53,1.641
7.58,1.302
7.629,1.447
7.678,1.205
7.727,1.06
7.776,0.914
7.826,1.157
7.875,1.205
7.924,0.963
7.973,0.866
8.022,0.091
8.072,-0.103
8.121,-0.345
8.17,-0.103
8.219,-0.151
8.269,-0.055
8.318,0.091
8.367,0.333
8.416,0.43
8.465,0.721
8.515,0.575
8.564,0.43
8.613,0.139
8.662,-1.75
8.712,-3.058
8.761,-0.733
8.81,1.35
8.859,1.35
8.908,0.478
8.958,0.527
9.007,0.333
9.056,-0.588
9.105,-1.653
9.155,-0.781
9.204,0.43
9.253,0.817
9.302,1.544
9.351,2.077
9.401,2.271
9.45,2.319
9.499,2.513
9.548,2.513
9.597,2.949
9.647,3.143
9.696,3.434
9.745,3.579
9.794,3.579
9.844,4.257
9.893,4.645
9.942,4.79
9.991,4.79
10.04,4.79
10.09,4.79
10.139,4.645
10.188,4.79
10.237,4.839
10.287,4.887
10.336,4.839
10.385,4.645
10.434,4.451
10.483,4.645
10.533,4.548
10.582,4.16
10.631,4.306
10.68,4.16
10.729,4.596
10.779,4.596
10.828,4.839
10.877,5.032
10.926,5.275
10.976,5.032
11.025,4.887
11.074,4.79
11.123,4.257
11.172,3.676
11.222,3.53
11.271,3.191
11.32,2.998
11.369,3.094
11.419,3.143
11.468,3.191
11.517,3.337
11.566,3.337
11.615,3.191
11.665,3.046
11.714,2.949
11.763,2.998
11.812,3.046
11.861,3.385
11.911,3.724
11.96,4.015
12.009,4.306
12.058,4.548
12.108,4.548
12.157,4.548
12.206,4.403
12.255,4.742
12.304,4.596
12.354,4.306
12.403,4.112
12.452,4.015
12.501,4.354
12.551,4.403
12.6,4.548
12.649,3.918
12.698,3.434
12.747,3.191
12.797,3.046
12.846,2.61
12.895,2.465
12.944,2.513
12.993,2.416
13.043,2.513
13.092,2.222
13.141,1.883
13.19,1.738
13.24,1.544
13.289,1.302
13.338,0.575
13.387,0.721
13.436,1.06
13.486,1.253
13.535,1.06
13.584,0.769
13.633,0.381
13.683,-0.248
13.732,-0.878
13.781,-1.605
13.83,-1.847
13.879,-1.847
13.929,-1.847
13.978,-2.138
14.027,-2.089
14.076,-2.041
14.125,-2.186
14.175,-2.428
14.224,-2.38
14.273,-2.719
14.322,-2.719
14.372,-2.865
14.421,-2.768
14.47,-2.671
14.519,-2.719
14.568,-2.865
14.618,-3.107
14.667,-3.397
14.716,-3.882
14.765,-4.706
14.815,-5.287
14.864,-6.45
14.913,-6.837
14.962,-6.401
15.011,-5.723
15.061,-5.82
15.11,-5.674
15.159,-5.335
15.208,-5.093
15.258,-4.899
15.307,-4.996
15.356,-4.609
15.405,-4.56
15.454,-4.706
15.504,-4.802
15.553,-4.754
15.602,-4.706
15.651,-4.802
15.7,-4.899
15.75,-5.093
15.799,-4.802
15.848,-4.706
15.897,-4.754
15.947,-4.463
15.996,-3.979
16.045,-3.785
16.094,-3.785
16.143,-4.027
16.193,-4.076
16.242,-3.979
16.291,-3.785
16.34,-3.93
16.39,-3.737
16.439,-3.979
16.488,-3.737
16.537,-3.688
16.586,-3.301
16.636,-3.785
16.685,-3.688
16.734,-3.979
16.783,-4.027
16.832,-4.318
16.882,-3.882
16.931,-3.93
16.98,-3.737
17.029,-3.64
17.079,-3.882
17.128,-3.93
17.177,-3.494
17.226,-3.301
17.275,-3.204
17.325,-3.058
17.374,-3.058
17.423,-2.961
17.472,-2.816
17.522,-2.865
17.571,-2.671
17.62,-2.961
17.669,-3.058
17.718,-2.913
17.768,-2.913
17.817,-2.816
17.866,-2.671
17.915,-2.38
17.964,-2.283
18.014,-1.896
18.063,-1.605
18.112,-1.702
18.161,-1.847
18.211,-1.992
18.26,-1.508
18.309,-1.799
18.358,-2.089
18.407,-2.671
18.457,-2.138
18.506,-2.477
18.555,-2.186
18.604,-1.992
18.654,-1.702
18.703,-1.847
18.752,-1.605
18.801,-1.556
18.85,-1.508
18.9,-1.46
18.949,-0.927
18.998,-1.169
19.047,-0.733
19.096,-0.636
19.146,-0.297
19.195,-0.297
19.244,-0.055
19.293,-0.055
19.343,0.139
19.392,-0.151
19.441,0.042
19.49,0.333
19.539,0.672
19.589,0.963
19.638,0.963
19.687,1.302
19.736,1.98
19.786,2.125
19.835,2.271
19.884,2.901
19.933,2.901
19.982,2.562
20.032,1.98
20.081,1.883
20.13,2.077
20.179,1.786
20.229,1.786
20.278,1.302
20.327,1.157
20.376,0.866
20.425,1.157
20.475,1.011
20.524,0.963
20.573,0.721
20.622,0.624
20.671,0.43
20.721,0.381
20.77,-0.055
20.819,-0.103
20.868,-0.151
20.918,0.091
20.967,0.236
21.016,0.624
21.065,0.381
21.114,0.721
21.164,0.575
21.213,0.721
21.262,-1.411
21.311,-2.332
21.361,-0.636
21.41,1.253
21.459,0.769
21.508,0.478
21.557,0.285
21.607,0.624
21.656,-0.2
21.705,-1.217
21.754,-0.588
21.803,0.575
21.853,1.302
21.902,1.786
21.951,1.738
22,1.932
22.05,1.883
22.099,2.222
22.148,2.707
22.197,3.385
22.246,3.482
22.296,3.627
22.345,3.53
22.394,3.724
22.443,3.966
22.493,4.16
22.542,4.306
22.591,4.306
22.64,4.645
22.689,4.887
22.739,5.081
22.788,5.371
22.837,5.178
22.886,5.178
22.935,4.548
22.985,4.596
23.034,4.403
23.083,4.79
23.132,4.306
23.182,4.403
23.231,4.451
23.28,4.887
23.329,5.226
23.378,5.614
23.428,5.081
23.477,4.839
23.526,4.935
23.575,4.887
23.625,4.645
23.674,4.984
23.723,4.548
23.772,4.209
23.821,3.773
23.871,3.918
23.92,3.724
23.969,3.627
24.018,3.191
24.067,3.046
24.117,3.046
24.166,2.998
24.215,3.143
24.264,3.482
24.314,3.24
24.363,3.24
24.412,3.482
24.461,3.579
24.51,3.821
24.56,4.015
24.609,4.015
24.658,3.966
24.707,4.209
24.757,4.645
24.806,4.79
24.855,5.226
24.904,4.984
24.953,5.081
25.003,4.548
25.052,4.403
25.101,4.209
25.15,4.354
25.199,3.918
25.249,3.579
25.298,3.53
25.347,3.53
25.396,3.482
25.446,3.337
25.495,2.804
25.544,2.61
25.593,1.932
25.642,2.125
25.692,1.738
25.741,1.69
25.79,1.399
25.839,1.496
25.888,1.447
25.938,1.302
25.987,1.302
26.036,1.447
26.085,1.205
26.134,0.866
26.184,0.527
26.233,0.042
26.282,-0.2
26.331,-0.684
26.38,-1.217
26.43,-1.266
26.479,-1.266
26.528,-1.508
26.577,-1.944
26.627,-1.847
26.676,-2.041
26.725,-2.38
26.774,-2.186
26.823,-2.186
26.873,-2.283
26.922,-2.38
26.971,-2.332
27.02,-2.525
27.069,-2.622
27.119,-2.913
27.168,-3.107
27.217,-3.397
27.266,-3.737
27.315,-3.688
27.365,-4.124
27.414,-4.754
27.463,-6.11
27.512,-6.546
27.561,-6.546
27.611,-5.917
27.66,-6.014
27.709,-5.626
27.758,-5.287
27.807,-4.512
27.857,-4.366
27.906,-4.609
27.955,-4.512
28.004,-4.512
28.054,-4.512
28.103,-4.948
28.152,-5.141
28.201,-4.899
28.25,-4.899
28.3,-4.657
28.349,-4.609
28.398,-4.512
28.447,-4.802
28.496,-4.851
28.546,-4.754
28.595,-4.463
28.644,-4.173
28.693,-4.076
28.742,-3.833
28.792,-3.979
28.841,-3.543
28.89,-3.591
28.939,-3.64
28.988,-3.93
29.038,-3.93
29.087,-4.124
29.136,-3.979
29.185,-3.93
29.235,-3.64
29.284,-3.591
29.333,-3.785
29.382,-3.688
29.431,-3.785
29.481,-3.833
29.53,-3.93
29.579,-3.833
29.628,-4.124
29.677,-4.027
29.727,-3.737
29.776,-3.252
29.825,-3.252
29.874,-3.252
29.923,-3.204
29.973,-3.301
30.022,-3.301
30.071,-2.913
30.12,-2.913
30.169,-2.816
30.219,-2.865
30.268,-2.913
30.317,-2.913
30.366,-2.816
30.415,-2.961
30.465,-2.671
30.514,-2.768
30.563,-2.428
30.612,-1.944
30.662,-1.992
30.711,-1.702
30.76,-1.944
30.809,-1.75
30.858,-1.75
30.908,-2.041
30.957,-2.574
31.006,-2.719
31.055,-2.38
31.104,-2.283
31.154,-2.186
31.203,-1.847
31.252,-1.799
31.301,-1.75
31.35,-1.556
31.4,-1.217
31.449,-1.169
31.498,-0.975
31.547,-0.927
31.596,-0.781
31.646,-0.733
31.695,-0.345
31.744,-0.006
31.793,0.236
31.842,0.236
31.892,0.333
31.941,0.381
31.99,0.285
32.039,0.43
32.089,0.575
32.138,1.06
32.187,0.963
32.236,1.302
32.285,1.69
32.335,2.368
32.384,2.465
32.433,2.852
32.482,3.579
32.531,3.482
32.581,2.804
32.63,2.416
32.679,2.174
32.728,1.738
32.777,1.738
32.827,1.69
32.876,1.883
32.925,1.447
32.974,1.496
33.023,1.641
33.073,1.399
33.122,1.205
33.171,0.914
33.22,0.43
33.27,0.139
33.319,-0.103
33.368,0.042
33.417,-0.006
33.466,0.333
33.516,0.43
33.565,0.721
33.614,0.575
33.663,0.624
33.712,0.43
33.762,0.527
33.811,0.236
33.86,-1.556
33.909,-2.622
33.958,-0.539
34.008,1.35
34.057,1.157
34.106,0.672
34.155,0.672
34.204,0.381
34.254,-0.636
34.303,-1.653
34.352,-0.733
34.401,0.575
34.45,1.108
34.5,1.786
34.549,2.125
34.598,2.174
34.647,2.368
34.697,2.319
34.746,2.707
34.795,3.046
34.844,3.191
34.893,3.676
34.943,3.627
34.992,3.821
35.041,4.354
35.09,4.354
35.139,4.548
35.189,4.499
35.238,4.79
35.287,4.596
35.336,4.596
35.385,4.596
35.435,4.984
35.484,4.839
35.533,4.984
35.582,4.79
35.631,4.839
35.681,4.742
35.73,4.499
35.779,4.403
35.828,4.451
35.878,4.645
35.927,5.032
35.976,4.839
36.025,4.935
36.074,5.178
36.124,5.468
36.173,5.129
36.222,5.032
36.271,4.645
36.32,4.16
36.37,3.676
36.419,3.676
36.468,3.579
36.517,3.434
36.566,3.337
36.616,3.288
36.665,3.53
36.714,3.53
36.763,3.482
36.812,3.191
36.862,3.191
36.911,3.143
36.96,3.191
37.009,3.482
37.058,3.627
37.108,3.821
37.157,3.918
37.206,4.16
37.255,4.112
37.305,4.451
37.354,4.306
37.403,4.354
37.452,4.403
37.501,4.645
37.551,4.451
37.6,4.451
37.649,4.209
37.698,4.209
37.747,4.063
37.797,4.112
37.846,3.53
37.895,3.579
37.944,3.094
37.993,2.998
38.043,2.271
38.092,2.562
38.141,2.416
38.19,2.707
38.239,2.465
38.289,2.125
38.338,1.69
38.387,1.447
38.436,1.447
38.486,1.447
38.535,1.253
38.584,1.157
38.633,1.496
38.682,1.69
38.732,1.35
38.781,1.302
38.83,0.721
38.879,0.139
38.928,-0.83
38.978,-1.314
39.027,-1.363
39.076,-1.266
39.125,-1.46
39.174,-1.653
39.224,-1.75
39.273,-1.556
39.322,-1.653
39.371,-1.847
39.42,-2.283
39.47,-2.768
39.519,-2.671
39.568,-2.332
39.617,-2.283
39.666,-1.992
39.716,-2.428
39.765,-2.816
39.814,-3.349
39.863,-3.397
39.913,-3.882
39.962,-4.076
40.011,-5.335
40.06,-6.159
40.109,-6.934
40.159,-6.353
40.208,-5.723
40.257,-5.287
40.306,-5.723
40.355,-5.529
40.405,-5.093
40.454,-4.754
40.503,-4.899
40.552,-4.318
40.601,-4.512
40.651,-4.463
40.7,-4.948
40.749,-4.851
40.798,-4.996
40.847,-4.851
40.897,-5.141
40.946,-5.045
40.995,-4.851
41.044,-4.657
41.093,-4.512
41.143,-4.512
41.192,-4.124
41.241,-3.979
41.29,-3.979
41.34,-4.124
41.389,-4.318
41.438,-3.833
41.487,-4.124
41.536,-4.076
41.586,-4.076
41.635,-3.882
41.684,-3.979
41.733,-3.543
41.782,-3.93
41.832,-4.173
41.881,-4.269
41.93,-3.979
41.979,-3.737
42.028,-3.737
42.078,-3.882
42.127,-3.737
42.176,-3.833
42.225,-3.737
42.274,-3.833
42.324,-3.494
42.373,-3.543
42.422,-3.252
42.471,-3.204
42.521,-2.865
42.57,-2.913
42.619,-2.574
42.668,-2.913
42.717,-2.816
42.767,-2.913
42.816,-3.01
42.865,-3.107
42.914,-3.01
42.963,-2.913
43.013,-2.913
43.062,-2.719
43.111,-2.283
43.16,-1.944
43.209,-1.605
43.259,-1.653
43.308,-1.556
43.357,-1.799
43.406,-1.799
43.455,-1.702
43.505,-1.75
43.554,-2.38
43.603,-2.332
43.652,-1.944
43.701,-1.992
43.751,-2.041
43.8,-1.799
43.849,-2.041
43.898,-2.089
43.948,-1.75
43.997,-1.314
44.046,-1.217
44.095,-0.83
44.144,-1.072
44.194,-0.83
44.243,-0.733
44.292,-0.248
44.341,-0.055
44.39,0.139
44.44,-0.345
44.489,-0.055
44.538,0.042
44.587,0.139
44.636,0.333
44.686,0.721
44.735,0.721
44.784,0.866
44.833,1.157
44.882,1.738
44.932,2.222
44.981,2.465
45.03,2.61
45.079,3.191
45.129,3.288
45.178,2.755
45.227,2.513
45.276,2.562
45.325,2.271
45.375,2.125
45.424,1.835
45.473,1.641
45.522,1.447
45.571,1.108
45.621,1.06
45.67,1.06
45.719,1.253
45.768,1.108
45.817,0.914
45.867,0.527
45.916,0.333
45.965,-0.103
46.014,-0.006
46.063,-0.103
46.113,0.139
46.162,0.527
46.211,0.478
46.26,0.866
46.309,0.866
46.359,0.963
46.408,0.721
46.457,-1.46
46.506,-2.768
46.556,-0.781
46.605,1.06
46.654,1.108
46.703,0.527
46.752,0.624
46.802,0.381
46.851,-0.636
46.9,-1.363
46.949,-0.588
46.998,0.478
47.048,1.253
47.097,1.447
47.146,1.69
47.195,1.835
47.244,2.174
47.294,2.368
47.343,2.755
47.392,3.143
47.441,3.337
47.49,3.53
47.54,3.385
47.589,3.434
47.638,3.773
47.687,4.063
47.736,4.112
47.786,4.548
47.835,4.645
47.884,4.548
47.933,4.693
47.983,4.742
48.032,4.887
48.081,4.742
48.13,4.742
48.179,4.403
48.229,4.112
48.278,4.403
48.327,4.209
48.376,4.306
48.425,4.596
48.475,4.742
48.524,4.887
48.573,4.79
48.622,4.742
48.671,4.935
48.721,5.081
48.77,4.742
48.819,4.79
48.868,4.451
48.917,4.499
48.967,4.015
49.016,3.724
49.065,3.53
49.114,3.434
49.164,3.191
49.213,2.998
49.262,2.998
49.311,3.24
49.36,3.191
49.41,3.191
49.459,3.482
49.508,3.434
49.557,3.288
49.606,3.24
49.656,3.627
49.705,3.724
49.754,3.918
49.803,4.209
49.852,4.499
49.902,4.596
49.951,4.693
50,4.693
50.049,4.935
50.098,4.935
50.148,5.081
50.197,4.596
50.246,4.063
50.295,3.87
50.344,4.209
50.394,4.015
50.443,3.87
50.492,3.676
50.541,3.53
50.591,3.385
50.64,2.998
50.689,2.804
50.738,2.513
50.787,2.368
50.837,2.174
50.886,1.786
50.935,1.496
50.984,1.399
51.033,1.641
51.083,1.35
51.132,1.011
51.181,0.914
51.23,0.914
51.279,0.721
51.329,0.721
51.378,0.478
51.427,-0.006
51.476,-0.2
51.525,-0.684
51.575,-0.975
51.624,-1.217
51.673,-1.266
51.722,-1.556
51.772,-1.847
51.821,-1.799
51.87,-1.992
51.919,-1.896
51.968,-2.186
52.018,-2.041
52.067,-1.992
52.116,-2.186
52.165,-2.283
52.214,-2.089
52.264,-2.622
52.313,-2.768
52.362,-3.01
52.411,-2.961
52.46,-3.204
52.51,-3.01
52.559,-3.688
52.608,-4.706
52.657,-5.917
52.706,-6.304
52.756,-6.207
52.805,-5.578
52.854,-5.626
52.903,-5.529
52.952,-5.141
53.002,-4.463
53.051,-4.415
53.1,-4.269
53.149,-4.56
53.199,-4.56
53.248,-4.512
53.297,-4.754
53.346,-4.899
53.395,-4.706
53.445,-4.366
53.494,-4.754
53.543,-4.706
53.592,-4.56
53.641,-4.802
53.691,-4.851
53.74,-4.754
53.789,-4.366
53.838,-4.173
53.887,-3.64
53.937,-3.785
53.986,-3.737
54.035,-3.93
54.084,-4.027
54.133,-3.93
54.183,-4.076
54.232,-4.318
54.281,-4.318
54.33,-4.076
54.38,-3.785
54.429,-3.64
54.478,-3.349
54.527,-3.688
54.576,-3.833
54.626,-4.221
54.675,-4.366
54.724,-4.415
54.773,-3.93
54.822,-4.027
54.872,-3.882
54.921,-3.882
54.97,-3.349
55.019,-3.349
55.068,-3.107
55.118,-3.107
55.167,-3.204
55.216,-3.301
55.265,-3.107
55.314,-2.768
55.364,-2.574
55.413,-2.671
55.462,-2.719
55.511,-2.671
55.56,-2.622
55.61,-2.671
55.659,-2.283
55.708,-2.428
55.757,-2.138
55.807,-1.896
55.856,-1.556
55.905,-1.605
55.954,-1.556
56.003,-1.46
56.053,-1.411
56.102,-1.556
56.151,-2.235
56.2,-2.283
56.249,-1.896
56.299,-2.186
56.348,-2.089
56.397,-2.089
56.446,-1.556
56.495,-1.556
56.545,-0.927
56.594,-1.314
56.643,-1.217
56.692,-1.363
56.741,-1.12
56.791,-1.072
56.84,-0.491
56.889,-0.491
56.938,-0.2
56.987,-0.2
57.037,-0.006
57.086,-0.006
57.135,0.527
57.184,0.091
57.234,0.188
57.283,0.43
57.332,0.624
57.381,0.672
57.43,1.06
57.48,1.399
57.529,2.222
57.578,1.98
57.627,2.271
57.676,3.046
57.726,3.288
57.775,2.416
57.824,1.786
57.873,1.835
57.922,1.738
57.972,1.593
58.021,1.786
58.07,1.593
58.119,1.157
58.168,1.157
58.218,1.399
58.267,1.205
58.316,1.108
58.365,0.575
58.415,0.285
58.464,-0.248
58.513,-0.006
58.562,-0.006
58.611,0.285
58.661,0.042
58.71,0.139
58.759,0.236
58.808,0.43
58.857,0.43
58.907,0.817
58.956,0.575
59.005,0.381
59.054,-1.847
59.103,-2.574
59.153,-0.636
59.202,1.641
59.251,1.011
59.3,0.575
59.349,0.139
59.399,0.188
59.448,-0.733
59.497,-1.411
59.546,-0.781
59.595,0.478
59.645,1.06
59.694,1.593
59.743,1.932
59.792,2.125
59.842,1.835
59.891,2.077
59.94,2.368
59.989,2.852
60.038,3.337
60.088,4.015
60.137,3.773
60.186,3.724
60.235,4.16
60.284,4.403
60.334,4.257
60.383,4.451
60.432,4.354
60.481,4.354
60.53,4.451
60.58,4.887
60.629,5.178
60.678,5.323
60.727,4.79
60.776,4.354
60.826,4.354
60.875,4.354
60.924,4.16
60.973,4.16
61.023,3.821
61.072,4.306
61.121,4.451
61.17,4.935
61.219,4.742
61.269,5.226
61.318,5.081
61.367,4.839
61.416,4.257
61.465,4.257
61.515,3.966
61.564,3.676
61.613,3.288
61.662,3.288
61.711,3.288
61.761,3.434
61.81,3.337
61.859,3.53
61.908,3.143
61.957,3.143
62.007,2.949
62.056,2.998
62.105,2.901
62.154,3.094
62.203,3.337
62.253,3.482
62.302,3.821
62.351,4.16
62.4,4.257
62.45,4.354
62.499,4.257
62.548,4.16
62.597,4.306
62.646,4.354
62.696,4.742
62.745,4.742
62.794,4.403
62.843,4.112
62.892,3.966
62.942,4.354
62.991,4.112
63.04,3.627
63.089,3.046
63.138,2.901
63.188,2.513
63.237,2.658
63.286,2.513
63.335,2.513
63.385,2.416
63.434,2.125
63.483,1.883
63.532,1.496
63.581,1.35
63.631,1.544
63.68,1.108
63.729,0.914
63.778,0.866
63.828,1.205
63.877,1.35
63.926,1.302
63.975,0.817
64.024,0.139
64.074,-0.2
64.123,-0.878
64.172,-1.556
64.221,-1.605
64.27,-1.556
64.32,-1.944
64.369,-1.896
64.418,-1.896
64.467,-1.847
64.517,-2.089
64.566,-2.186
64.615,-2.477
64.664,-2.525
64.713,-2.574
64.763,-2.38
64.812,-2.477
64.861,-2.525
64.91,-2.719
64.96,-2.865
65.009,-3.301
65.058,-3.737
65.107,-3.833
65.156,-4.463
65.206,-5.238
65.255,-6.014
65.304,-6.595
65.353,-6.304
65.402,-5.771
65.452,-5.771
65.501,-6.014
65.55,-5.771
65.599,-4.996
65.649,-4.706
65.698,-4.366
65.747,-4.366
65.796,-4.269
65.845,-4.512
65.895,-4.754
65.944,-5.045
65.993,-4.948
66.042,-5.093
66.092,-5.287
66.141,-4.754
66.19,-4.657
66.239,-4.512
66.288,-4.512
66.338,-4.415
66.387,-4.269
66.436,-4.076
66.485,-4.124
66.534,-4.609
66.584,-4.609
66.633,-4.269
66.682,-4.124
66.731,-3.688
66.781,-3.785
66.83,-3.785
66.879,-4.124
66.928,-4.027
66.977,-4.173
67.027,-3.882
67.076,-4.076
67.125,-3.93
67.174,-3.882
67.224,-4.027
67.273,-4.027
67.322,-3.591
67.371,-3.446
67.42,-3.833
67.47,-4.027
67.519,-3.979
67.568,-3.737
67.617,-3.397
67.666,-3.107
67.716,-3.204
67.765,-2.961
67.814,-2.961
67.863,-3.058
67.913,-3.01
67.962,-3.155
68.011,-2.961
68.06,-2.961
68.109,-2.961
68.159,-2.913
68.208,-2.816
68.257,-2.477
68.306,-2.38
68.356,-2.089
68.405,-1.75
68.454,-1.702
68.503,-1.46
68.552,-1.75
68.602,-2.041
68.651,-1.702
68.7,-1.75
68.749,-2.428
68.799,-2.38
68.848,-2.428
68.897,-2.283
68.946,-2.477
68.995,-1.944
69.045,-1.896
69.094,-1.799
69.143,-1.702
69.192,-1.363
69.241,-1.266
69.291,-1.023
69.34,-0.975
69.389,-0.684
69.438,-0.636
69.488,-0.394
69.537,-0.151
69.586,-0.151
69.635,-0.297
69.684,0.139
69.734,0.333
69.783,0.285
69.832,0.236
69.881,0.527
69.931,0.866
69.98,0.866
70.029,1.06
70.078,1.399
70.127,2.077
70.177,2.368
70.226,2.562
70.275,3.337
70.324,3.337
70.373,2.513
70.423,2.416
70.472,2.077
70.521,1.738
70.57,1.544
70.62,1.302
70.669,1.205
70.718,0.963
70.767,1.108
70.816,1.205
70.866,1.205
70.915,1.108
70.964,0.963
71.013,0.624
71.063,0.381
71.112,0.139
71.161,-0.248
71.21,-0.297
71.259,-0.297
71.309,-0.151
71.358,0.43
71.407,0.624
71.456,1.06
71.505,0.624
71.555,0.721
71.604,0.333
71.653,-1.508
71.702,-3.058
71.752,-0.927
71.801,1.011
71.85,0.914
71.899,0.43
71.948,0.672
71.998,0.624
72.047,-0.297
72.096,-1.12
72.145,-0.636
72.195,0.285
72.244,0.963
72.293,1.302
72.342,1.641
72.391,1.786
72.441,2.125
72.49,2.562
72.539,2.998
72.588,3.24
72.637,3.288
72.687,3.385
72.736,3.191
72.785,3.24
72.834,4.015
72.884,4.16
72.933,4.209
72.982,4.596
73.031,4.693
73.08,4.79
73.13,4.935
73.179,4.79
73.228,4.693
73.277,4.596
73.327,4.596
73.376,4.209
73.425,4.645
73.474,4.548
73.523,4.839
73.573,4.354
73.622,4.693
73.671,4.79
73.72,5.275
73.769,5.032
73.819,5.178
73.868,5.081
73.917,5.226
73.966,5.032
74.016,5.275
74.065,5.032
74.114,4.596
74.163,4.063
74.212,3.966
74.262,3.53
74.311,3.676
74.36,3.288
74.409,3.143
74.459,3.046
74.508,3.385
74.557,3.579
74.606,3.676
74.655,3.579
74.705,3.627
74.754,3.482
74.803,3.53
74.852,3.821
74.902,4.015
74.951,4.015
75,4.354
75.049,4.548
75.098,4.596
75.148,4.645
75.197,5.129
75.246,5.032
75.295,4.887
75.344,4.499
75.394,4.451
75.443,4.112
75.492,4.354
75.541,4.16
75.591,4.451
75.64,3.773
75.689,3.676
75.738,3.87
75.787,3.53
75.837,3.094
75.886,2.852
75.935,2.368
75.984,2.416
76.034,2.077
76.083,2.368
76.132,1.544
76.181,1.69
76.23,1.641
76.28,1.544
76.329,0.963
76.378,1.011
76.427,0.914
76.476,1.011
76.526,0.769
76.575,0.575
76.624,0.527
76.673,0.042
76.723,-0.588
76.772,-1.217
76.821,-1.653
76.87,-1.508
76.919,-1.605
76.969,-1.847
77.018,-2.089
77.067,-1.896
77.116,-1.992
77.166,-1.992
77.215,-1.992
77.264,-1.992
77.313,-2.428
77.362,-2.477
77.412,-2.477
77.461,-2.525
77.51,-2.719
77.559,-2.719
77.608,-3.058
77.658,-3.252
77.707,-3.494
77.756,-3.833
77.805,-4.851
77.855,-5.917
77.904,-6.886
77.953,-6.498
78.002,-6.11
78.051,-5.723
78.101,-5.723
78.15,-4.802
78.199,-4.754
78.248,-4.56
78.298,-4.851
78.347,-4.802
78.396,-4.754
78.445,-4.754
78.494,-5.045
78.544,-5.045
78.593,-4.948
78.642,-4.657
78.691,-4.899
78.74,-4.754
78.79,-4.899
78.839,-5.045
78.888,-5.335
78.937,-4.754
78.987,-4.415
79.036,-3.882
79.085,-3.882
79.134,-3.882
79.183,-3.833
79.233,-3.833
79.282,-3.785
79.331,-3.979
79.38,-4.221
79.43,-4.56
79.479,-4.366
79.528,-4.027
79.577,-3.737
79.626,-3.494
79.676,-3.688
79.725,-3.93
79.774,-4.124
79.823,-4.124
79.872,-4.318
79.922,-4.076
79.971,-4.124
80.02,-4.124
80.069,-4.027
80.119,-3.737
80.168,-3.349
80.217,-3.155
80.266,-3.349
80.315,-3.349
80.365,-3.252
80.414,-3.204
80.463,-3.107
80.512,-2.574
80.562,-2.865
80.611,-2.961
80.66,-3.058
80.709,-2.816
80.758,-3.01
80.808,-2.671
80.857,-2.816
80.906,-2.525
80.955,-2.38
81.005,-1.896
81.054,-1.653
81.103,-1.605
81.152,-1.75
81.201,-1.702
81.251,-1.46
81.3,-1.653
81.349,-2.283
81.398,-2.332
81.447,-2.38
81.497,-2.38
81.546,-2.089
81.595,-1.75
81.644,-1.653
81.694,-1.46
81.743,-1.12
81.792,-1.266
81.841,-1.12
81.89,-1.169
81.94,-0.878
81.989,-0.684
82.038,-0.588
82.087,-0.345
82.137,-0.006
82.186,0.43
82.235,0.285
82.284,0.575
82.333,0.139
82.383,0.236
82.432,0.139
82.481,0.43
82.53,0.527
82.579,1.06
82.629,1.011
82.678,1.835
82.727,2.222
82.776,2.465
82.826,2.416
82.875,3.191
82.924,3.046
82.973,2.174
83.022,1.738
83.072,1.641
83.121,1.593
83.17,1.738
83.219,1.641
83.269,1.641
83.318,1.399
83.367,1.253
83.416,1.108
83.465,0.963
83.515,0.478
83.564,0.333
83.613,0.381
83.662,0.091
83.711,0.042
83.761,-0.103
83.81,0.139
83.859,-0.103
83.908,0.139
83.958,0.236
84.007,0.188
84.056,0.43
84.105,0.333
84.154,0.575
84.204,0.333
84.253,-1.411
84.302,-2.525
84.351,-0.2
84.401,1.35
84.45,1.108
84.499,0.478
84.548,0.333
84.597,0.236
84.647,-0.588
84.696,-1.508
84.745,-0.442
84.794,0.866
84.843,1.496
84.893,1.69
84.942,1.98
84.991,1.786
85.04,1.786
85.09,1.932
85.139,2.513
85.188,2.852
85.237,3.434
85.286,3.821
85.336,3.87
85.385,4.015
85.434,4.257
85.483,4.451
85.533,4.451
85.582,4.499
85.631,4.403
85.68,4.887
85.729,4.693
85.779,5.081
85.828,5.275
85.877,5.129
85.926,4.887
85.976,4.79
86.025,4.499
86.074,4.403
86.123,4.16
86.172,4.015
86.222,4.16
86.271,4.645
86.32,4.79
86.369,5.129
86.418,4.984
86.468,5.226
86.517,5.226
86.566,4.935
86.615,4.499
86.665,4.354
86.714,4.063
86.763,3.482
86.812,3.53
86.861,3.482
86.911,3.482
86.96,3.24
87.009,3.24
87.058,3.191
87.108,3.046
87.157,2.901
87.206,3.046
87.255,3.046
87.304,3.143
87.354,3.24
87.403,3.482
87.452,3.821
87.501,3.87
87.55,4.015
87.6,4.16
87.649,4.306
87.698,4.403
87.747,4.451
87.797,4.403
87.846,4.645
87.895,4.79
87.944,4.839
87.993,4.451
88.043,4.451
88.092,4.257
88.141,4.257
88.19,3.918
88.24,3.724
88.289,3.337
88.338,3.53
88.387,3.143
88.436,3.094
88.486,2.755
88.535,2.755
88.584,2.562
88.633,2.562
88.682,2.125
88.732,1.544
88.781,1.35
88.83,1.544
88.879,1.447
88.928,1.205
88.978,1.302
89.027,1.496
89.076,1.544
89.125,1.35
89.174,0.866
89.224,0.381
89.273,-0.103
89.322,-0.781
89.371,-1.217
89.42,-1.217
89.47,-1.314
89.519,-1.314
89.568,-1.653
89.617,-1.896
89.667,-1.992
89.716,-2.089
89.765,-2.332
89.814,-2.332
89.863,-2.622
89.913,-2.574
89.962,-2.332
90.011,-1.944
90.06,-2.332
90.109,-2.574
90.159,-3.058
90.208,-3.785
90.257,-4.076
90.306,-3.93
90.355,-4.366
90.405,-4.899
90.454,-6.11
90.503,-6.546
90.552,-6.546
90.601,-5.771
90.651,-5.82
90.7,-6.062
90.749,-5.674
90.798,-5.093
90.848,-4.802
90.897,-4.512
90.946,-4.512
90.995,-4.124
91.044,-4.463
91.094,-4.851
91.143,-5.045
91.192,-4.802
91.241,-5.238
91.29,-5.19
91.34,-5.045
91.389,-4.948
91.438,-4.609
91.487,-4.56
91.536,-4.318
91.586,-4.269
91.635,-4.076
91.684,-4.076
91.733,-4.173
91.782,-4.124
91.832,-3.979
91.881,-3.688
91.93,-3.688
91.979,-3.591
92.028,-3.688
92.078,-3.688
92.127,-3.882
92.176,-3.688
92.225,-4.076
92.275,-4.027
92.324,-3.785
92.373,-3.397
92.422,-3.591
92.471,-3.591
92.521,-3.446
92.57,-3.543
92.619,-3.882
92.668,-3.591
92.717,-3.64
92.767,-3.155
92.816,-3.252
92.865,-2.961
92.914,-2.816
92.963,-2.428
93.013,-2.816
93.062,-2.428
93.111,-2.719
93.16,-2.622
93.209,-2.816
93.259,-2.816
93.308,-2.719
93.357,-2.671
93.406,-2.525
93.455,-2.332
93.505,-2.089
93.554,-1.944
93.603,-1.653
93.652,-1.896
93.702,-1.896
93.751,-1.847
93.8,-1.799
93.849,-1.411
93.898,-1.944
93.948,-2.38
93.997,-2.574
94.046,-2.283
94.095,-2.283
94.144,-2.138
94.194,-1.847
94.243,-1.992
94.292,-2.138
94.341,-1.653
94.39,-1.023
94.44,-0.636
94.489,-0.927
94.538,-0.83
94.587,-0.83
94.636,-0.442
94.686,-0.394
94.735,0.091
94.784,-0.151
94.833,-0.151
94.883,-0.055
94.932,0.381
94.981,0.333
95.03,0.575
95.079,0.721
95.129,0.914
95.178,0.721
95.227,1.06
95.276,1.399
95.325,2.125
95.375,2.077
95.424,2.513
95.473,3.482
95.522,3.482
95.571,2.998
95.621,2.804
95.67,2.368
95.719,2.077
95.768,1.593
95.817,1.641
95.867,1.544
95.916,1.35
95.965,1.205
96.014,1.253
96.063,1.593
96.113,1.593
96.162,1.593
96.211,1.108
96.26,0.43
96.31,0.042
96.359,-0.345
96.408,-0.248
96.457,-0.2
96.506,0.43
96.556,0.43
96.605,0.817
96.654,0.672
96.703,0.914
96.752,0.672
96.802,0.575
96.851,-1.702
96.9,-3.107
96.949,-1.169
96.998,0.866
97.048,0.769
97.097,0.478
97.146,0.381
97.195,0.333
97.244,-0.927
97.294,-1.46
97.343,-0.878
97.392,0.236
97.441,0.527
97.491,0.963
97.54,1.253
97.589,1.69
97.638,1.69
97.687,2.222
97.737,2.416
97.786,2.707
97.835,2.852
97.884,3.094
97.933,2.998
97.983,3.288
98.032,3.676
98.081,3.773
98.13,3.966
98.179,4.306
98.229,4.742
98.278,4.742
98.327,4.306
98.376,4.451
98.425,4.354
98.475,4.693
98.524,4.354
98.573,4.548
98.622,4.403
98.671,4.403
98.721,4.499
98.77,4.548
98.819,4.499
98.868,4.887
98.918,4.935
98.967,4.693
99.016,4.742
99.065,5.178
99.114,5.178
99.164,5.371
99.213,5.032
99.262,5.081
99.311,4.354
99.36,4.112
99.41,3.724
99.459,3.724
99.508,3.337
99.557,3.143
99.606,3.288
99.656,3.482
99.705,3.579
99.754,3.773
99.803,3.579
99.852,3.627
99.902,3.482
99.951,3.434
100,3.385
100.049,3.773
100.098,3.821
100.148,4.16
100.197,4.257
100.246,4.451
100.295,4.693
100.345,4.645
100.394,4.499
100.443,4.548
100.492,4.596
100.541,4.596
100.591,4.451
100.64,4.16
100.689,3.918
100.738,3.918

Machine Name,P29201A
Point Name,29VT-2005Y
Wf Amp,0.388
Number of Revs,N/A
X-Axis Unit,ms
Y-Axis Unit,µm 
Sample Speed, N/A rpm
Sample Status,Valid
Timestamp,4/27/2023 1:29:05 PM
Variable,Disp Wf(500Hz)
X-Axis Value,Y-Axis Value
0,-0.061
0.781,0.084
1.563,-0.11
2.344,-0.013
3.125,0.084
3.906,-0.013
4.688,0.036
5.469,0.036
6.25,0.084
7.031,0.036
7.813,0.036
8.594,0.036
9.375,0.084
10.156,-0.013
10.938,0.036
11.719,0.133
12.5,-0.061
13.281,0.084
14.063,-0.013
14.844,-0.013
15.625,0.133
16.406,-0.013
17.188,0.036
17.969,0.084
18.75,-0.061
19.531,0.084
20.313,0.036
21.094,-0.013
21.875,-0.013
22.656,0.036
23.438,-0.013
24.219,-0.013
25,0.084
25.781,0.036
26.563,0.036
27.344,0.036
28.125,0.084
28.906,-0.013
29.688,0.036
30.469,0.036
31.25,0.036
32.031,0.084
32.813,-0.013
33.594,-0.013
34.375,0.084
35.156,0.084
35.938,-0.013
36.719,-0.013
37.5,0.036
38.281,-0.013
39.063,0.084
39.844,0.036
40.625,-0.013
41.406,-0.013
42.188,-0.061
42.969,-0.013
43.75,0.036
44.531,0.036
45.313,0.084
46.094,-0.013
46.875,-0.11
47.656,0.036
48.438,0.036
49.219,-0.061
50,0.036
50.781,-0.013
51.563,0.036
52.344,-0.013
53.125,-0.013
53.906,-0.061
54.688,-0.061
55.469,0.084
56.25,-0.013
57.031,-0.061
57.813,-0.061
58.594,0.036
59.375,-0.061
60.156,-0.061
60.938,0.084
61.719,-0.11
62.5,-0.061
63.281,0.036
64.063,-0.11
64.844,-0.013
65.625,-0.061
66.406,-0.013
67.188,0.036
67.969,-0.061
68.75,0.036
69.531,-0.013
70.313,-0.013
71.094,-0.013
71.875,0.036
72.656,-0.013
73.438,-0.11
74.219,0.133
75,0.036
75.781,-0.061
76.563,0.084
77.344,-0.013
78.125,-0.013
78.906,0.036
79.688,-0.061
80.469,-0.013
81.25,-0.013
82.031,0.036
82.813,-0.061
83.594,0.036
84.375,0.036
85.156,-0.013
85.938,0.084
86.719,-0.061
87.5,0.036
88.281,0.036
89.063,0.036
89.844,-0.013
90.625,-0.061
91.406,0.133
92.188,-0.013
92.969,-0.013
93.75,0.084
94.531,-0.061
95.313,0.036
96.094,0.036
96.875,-0.11
97.656,-0.061
98.438,-0.013
99.219,0.036
100,-0.061
100.781,-0.061
101.563,-0.013
102.344,-0.013
103.125,-0.013
103.906,-0.013
104.688,-0.158
105.469,0.036
106.25,0.084
107.031,-0.158
107.813,-0.013
108.594,-0.013
109.375,-0.11
110.156,-0.061
110.938,-0.061
111.719,0.036
112.5,-0.013
113.281,-0.061
114.063,-0.061
114.844,-0.11
115.625,-0.013
116.406,-0.061
117.188,-0.11
117.969,-0.013
118.75,-0.11
119.531,-0.013
120.313,-0.061
121.094,-0.207
121.875,-0.061
122.656,-0.061
123.438,-0.061
124.219,-0.061
125,-0.061
125.781,-0.061
126.563,-0.013
127.344,-0.013
128.125,-0.061
128.906,-0.061
129.688,-0.061
130.469,-0.013
131.25,-0.013
132.031,-0.11
132.813,-0.013
133.594,-0.013
134.375,-0.061
135.156,-0.013
135.938,-0.013
136.719,-0.013
137.5,-0.11
138.281,-0.061
139.063,0.036
139.844,-0.061
140.625,0.036
141.406,0.036
142.188,-0.061
142.969,0.036
143.75,0.036
144.531,0.036
145.313,-0.013
146.094,0.084
146.875,0.036
147.656,-0.061
148.438,0.036
149.219,0.036
150,0.084
150.781,0.036
151.563,-0.013
152.344,-0.013
153.125,0.036
153.906,0.084
154.688,-0.013
155.469,-0.013
156.25,0.036
157.031,0.036
157.813,-0.013
158.594,-0.013
159.375,0.084
160.156,-0.061
160.938,0.036
161.719,0.084
162.5,-0.11
163.281,0.036
164.063,0.084
164.844,-0.061
165.625,0.036
166.406,0.084
167.188,-0.013
167.969,0.084
168.75,0.084
169.531,0.036
170.313,0.084
171.094,0.036
171.875,0.036
172.656,0.133
173.438,0.084
174.219,0.036
175,0.036
175.781,-0.013
176.563,0.133
177.344,0.084
178.125,0.036
178.906,0.036
179.688,0.036
180.469,0.084
181.25,0.084
182.031,0.036
182.813,0.036
183.594,0.036
184.375,0.084
185.156,0.036
185.938,0.084
186.719,0.084
187.5,0.036
188.281,0.036
189.063,0.084
189.844,0.133
190.625,0.084
191.406,0.036
192.188,0.181
192.969,0.036
193.75,-0.013
194.531,0.133
195.313,-0.11
196.094,0.084
196.875,0.181
197.656,-0.061
198.438,0.133
199.219,0.036
200,-0.013
200.781,0.084
201.563,-0.061
202.344,-0.061
203.125,0.084
203.906,-0.061
204.688,-0.061
205.469,0.084
206.25,-0.013
207.031,-0.013
207.813,0.036
208.594,-0.061
209.375,-0.061
210.156,0.084
210.938,-0.061
211.719,-0.11
212.5,-0.013
213.281,-0.013
214.063,-0.013
214.844,-0.11
215.625,-0.061
216.406,-0.013
217.188,-0.061
217.969,0.036
218.75,-0.061
219.531,-0.158
220.313,-0.013
221.094,-0.013
221.875,-0.061
222.656,-0.11
223.438,-0.013
224.219,-0.013
225,-0.061
225.781,-0.061
226.563,-0.013
227.344,-0.061
228.125,-0.061
228.906,-0.013
229.688,-0.013
230.469,-0.013
231.25,-0.11
232.031,-0.013
232.813,-0.013
233.594,-0.11
234.375,-0.013
235.156,0.036
235.938,0.036
236.719,-0.158
237.5,-0.061
238.281,0.084
239.063,-0.061
239.844,0.036
240.625,0.036
241.406,-0.061
242.188,-0.061
242.969,-0.061
243.75,0.036
244.531,-0.061
245.313,-0.061
246.094,-0.013
246.875,0.036
247.656,0.036
248.438,-0.061
249.219,0.084
250,-0.061
250.781,-0.013
251.563,-0.013
252.344,-0.158
253.125,-0.013
253.906,0.084
254.688,-0.013
255.469,-0.061
256.25,-0.013
257.031,-0.013
257.813,-0.013
258.594,-0.013
259.375,-0.013
260.156,-0.061
260.938,-0.013
261.719,-0.013
262.5,-0.158
263.281,-0.013
264.063,0.133
264.844,-0.061
265.625,-0.013
266.406,-0.013
267.188,-0.11
267.969,-0.013
268.75,0.084
269.531,-0.013
270.313,-0.013
271.094,0.084
271.875,-0.061
272.656,-0.061
273.438,0.036
274.219,0.036
275,-0.061
275.781,-0.013
276.563,0.133
277.344,-0.061
278.125,0.036
278.906,0.084
279.688,-0.158
280.469,0.036
281.25,0.036
282.031,-0.013
282.813,0.084
283.594,-0.11
284.375,0.084
285.156,0.036
285.938,-0.11
286.719,-0.013
287.5,-0.013
288.281,-0.013
289.063,-0.013
289.844,0.036
290.625,0.036
291.406,-0.158
292.188,-0.013
292.969,-0.013
293.75,-0.061
294.531,0.133
295.313,-0.061
296.094,-0.11
296.875,0.036
297.656,-0.061
298.438,-0.11
299.219,0.036
300,-0.013
300.781,-0.158
301.563,-0.013
302.344,-0.061
303.125,-0.061
303.906,-0.013
304.688,-0.158
305.469,-0.013
306.25,-0.013
307.031,-0.11
307.813,-0.013
308.594,-0.013
309.375,-0.11
310.156,-0.013
310.938,-0.061
311.719,-0.207
312.5,0.084
313.281,-0.061
314.063,-0.061
314.844,0.036
315.625,-0.158
316.406,0.036
317.188,-0.013
317.969,-0.013
318.75,-0.061
319.531,-0.11
320.313,0.036
321.094,-0.013
321.875,-0.013
322.656,-0.061
323.438,-0.013
324.219,-0.013
325,-0.013
325.781,0.036
326.563,-0.061
327.344,0.084
328.125,0.036
328.906,-0.013
329.688,0.084
330.469,-0.013
331.25,0.084
332.031,0.084
332.813,-0.013
333.594,0.084
334.375,-0.013
335.156,0.084
335.938,0.036
336.719,-0.013
337.5,0.084
338.281,-0.061
339.063,0.036
339.844,0.181
340.625,-0.061
341.406,-0.013
342.188,0.084
342.969,-0.013
343.75,0.036
344.531,0.036
345.313,0.036
346.094,0.036
346.875,-0.013
347.656,0.036
348.438,-0.013
349.219,0.084
350,0.084
350.781,-0.013
351.563,0.084
352.344,0.084
353.125,0.036
353.906,0.036
354.688,-0.013
355.469,0.084
356.25,0.084
357.031,-0.061
357.813,0.133
358.594,0.036
359.375,-0.013
360.156,0.133
360.938,0.036
361.719,-0.013
362.5,0.084
363.281,0.084
364.063,-0.013
364.844,0.133
365.625,0.036
366.406,-0.013
367.188,0.181
367.969,0.036
368.75,0.036
369.531,0.084
370.313,0.084
371.094,-0.013
371.875,0.084
372.656,0.084
373.438,0.036
374.219,0.133
375,-0.013
375.781,0.036
376.563,0.084
377.344,0.036
378.125,0.084
378.906,-0.013
379.688,-0.013
380.469,0.084
381.25,-0.061
382.031,0.084
382.813,0.036
383.594,-0.013
384.375,0.133
385.156,0.036
385.938,-0.013
386.719,-0.013
387.5,0.036
388.281,0.036
389.063,-0.061
389.844,-0.013
390.625,-0.013
391.406,-0.061
392.188,0.036
392.969,0.036
393.75,-0.013
394.531,-0.013
395.313,-0.11
396.094,-0.013
396.875,-0.013
397.656,-0.11
398.438,-0.061
399.219,0.036
400,-0.11
400.781,-0.061
401.563,0.036
402.344,-0.158
403.125,-0.061
403.906,-0.061
404.688,-0.158
405.469,-0.013
406.25,0.036
407.031,-0.061
407.813,-0.013
408.594,-0.061
409.375,-0.061
410.156,-0.061
410.938,-0.11
411.719,-0.013
412.5,-0.061
413.281,-0.061
414.063,-0.013
414.844,-0.013
415.625,-0.061
416.406,-0.061
417.188,-0.013
417.969,-0.061
418.75,-0.013
419.531,-0.11
420.313,-0.013
421.094,0.133
421.875,-0.11
422.656,-0.061
423.438,-0.013
424.219,-0.061
425,-0.158
425.781,-0.061
426.563,0.084
427.344,-0.11
428.125,-0.158
428.906,-0.061
429.688,0.036
430.469,-0.061
431.25,-0.158
432.031,0.036
432.813,-0.013
433.594,-0.061
434.375,-0.013
435.156,-0.013
435.938,-0.013
436.719,-0.061
437.5,-0.013
438.281,-0.013
439.063,-0.11
439.844,0.036
440.625,-0.013
441.406,-0.11
442.188,-0.013
442.969,-0.11
443.75,-0.061
444.531,-0.013
445.313,0.036
446.094,-0.013
446.875,-0.061
447.656,-0.013
448.438,-0.061
449.219,-0.013
450,-0.013
450.781,0.036
451.563,-0.013
452.344,-0.061
453.125,0.036
453.906,-0.061
454.688,-0.013
455.469,-0.013
456.25,-0.013
457.031,0.036
457.813,-0.013
458.594,0.036
459.375,-0.061
460.156,-0.013
460.938,0.036
461.719,-0.013
462.5,0.036
463.281,-0.11
464.063,0.036
464.844,0.036
465.625,-0.013
466.406,0.036
467.188,-0.061
467.969,0.133
468.75,-0.061
469.531,-0.013
470.313,0.133
471.094,-0.061
471.875,0.036
472.656,-0.013
473.438,-0.061
474.219,0.133
475,0.036
475.781,-0.013
476.563,0.084
477.344,-0.013
478.125,-0.013
478.906,0.036
479.688,0.084
480.469,0.036
481.25,-0.013
482.031,-0.013
482.813,0.036
483.594,0.084
484.375,-0.061
485.156,0.036
485.938,-0.013
486.719,-0.013
487.5,0.084
488.281,-0.061
489.063,0.036
489.844,0.084
490.625,-0.061
491.406,-0.013
492.188,0.036
492.969,0.036
493.75,-0.061
494.531,0.084
495.313,-0.013
496.094,-0.013
496.875,0.084
497.656,-0.061
498.438,0.036
499.219,-0.061
500,0.036
500.781,-0.013
501.563,-0.061
502.344,0.084
503.125,-0.013
503.906,0.036
504.688,-0.061
505.469,-0.061
506.25,0.084
507.031,0.084
507.813,0.036
508.594,0.036
509.375,0.036
510.156,0.036
510.938,-0.11
511.719,0.036
512.5,-0.013
513.281,-0.013
514.063,0.133
514.844,-0.013
515.625,-0.013
516.406,0.084
517.188,0.133
517.969,-0.013
518.75,0.036
519.531,0.084
520.313,-0.061
521.094,0.036
521.875,-0.061
522.656,-0.013
523.438,0.084
524.219,-0.061
525,0.036
525.781,-0.013
526.563,-0.013
527.344,0.036
528.125,0.036
528.906,-0.013
529.688,-0.11
530.469,0.084
531.25,0.036
532.031,-0.061
532.813,-0.061
533.594,-0.013
534.375,0.036
535.156,0.036
535.938,-0.013
536.719,-0.061
537.5,-0.013
538.281,-0.013
539.063,0.036
539.844,0.036
540.625,-0.013
541.406,-0.013
542.188,-0.013
542.969,0.036
543.75,-0.061
544.531,-0.061
545.313,0.084
546.094,-0.061
546.875,-0.013
547.656,0.084
548.438,-0.013
549.219,0.036
550,-0.013
550.781,-0.061
551.563,0.036
552.344,-0.11
553.125,0.036
553.906,0.181
554.688,0.036
555.469,-0.013
556.25,0.036
557.031,0.036
557.813,-0.013
558.594,-0.013
559.375,-0.013
560.156,-0.013
560.938,0.036
561.719,0.084
562.5,0.036
563.281,0.036
564.063,0.036
564.844,-0.013
565.625,0.036
566.406,-0.013
567.188,0.084
567.969,0.084
568.75,-0.061
569.531,0.084
570.313,0.133
571.094,0.036
571.875,0.036
572.656,-0.013
573.438,-0.061
574.219,0.036
575,0.036
575.781,0.084
576.563,0.084
577.344,-0.013
578.125,-0.013
578.906,0.084
579.688,-0.013
580.469,-0.11
581.25,0.036
582.031,0.084
582.813,-0.061
583.594,-0.061
584.375,0.036
585.156,-0.013
585.938,-0.061
586.719,-0.061
587.5,0.036
588.281,0.036
589.063,-0.061
589.844,0.036
590.625,-0.013
591.406,-0.013
592.188,-0.013
592.969,-0.061
593.75,-0.013
594.531,-0.11
595.313,-0.061
596.094,0.036
596.875,-0.061
597.656,-0.11
598.438,0.036
599.219,-0.013
600,-0.061
600.781,-0.013
601.563,-0.061
602.344,-0.013
603.125,-0.013
603.906,0.036
604.688,0.036
605.469,-0.013
606.25,0.036
607.031,-0.061
607.813,-0.013
608.594,0.084
609.375,-0.061
610.156,-0.013
610.938,0.036
611.719,0.036
612.5,0.084
613.281,-0.013
614.063,0.036
614.844,0.036
615.625,-0.013
616.406,-0.013
617.188,-0.013
617.969,0.084
618.75,-0.013
619.531,0.036
620.313,0.036
621.094,-0.013
621.875,0.036
622.656,0.036
623.438,0.036
624.219,0.036
625,0.084
625.781,-0.013
626.563,-0.013
627.344,0.084
628.125,-0.061
628.906,-0.013
629.688,0.036
630.469,-0.013
631.25,-0.013
632.031,0.036
632.813,0.036
633.594,-0.061
634.375,-0.013
635.156,-0.013
635.938,-0.061
636.719,-0.013
637.5,-0.061
638.281,-0.11
639.063,-0.061
639.844,0.036
640.625,-0.11
641.406,-0.013
642.188,-0.013
642.969,-0.11
643.75,-0.11
644.531,0.036
645.313,0.036
646.094,-0.11
646.875,-0.013
647.656,0.036
648.438,-0.061
649.219,-0.11
650,-0.013
650.781,-0.013
651.563,-0.013
652.344,-0.013
653.125,0.036
653.906,0.036
654.688,-0.11
655.469,-0.013
656.25,0.036
657.031,-0.013
657.813,0.084
658.594,-0.013
659.375,0.036
660.156,0.084
660.938,-0.061
661.719,0.036
662.5,0.036
663.281,0.036
664.063,0.036
664.844,-0.013
665.625,0.084
666.406,-0.013
667.188,0.036
667.969,0.133
668.75,-0.061
669.531,-0.013
670.313,0.084
671.094,0.036
671.875,0.084
672.656,-0.013
673.438,0.036
674.219,-0.013
675,-0.013
675.781,0.084
676.563,0.036
677.344,-0.013
678.125,0.036
678.906,0.036
679.688,-0.013
680.469,-0.061
681.25,0.036
682.031,0.036
682.813,-0.061
683.594,0.036
684.375,-0.061
685.156,0.036
685.938,0.036
686.719,-0.11
687.5,-0.013
688.281,-0.013
689.063,-0.013
689.844,0.036
690.625,-0.061
691.406,-0.061
692.188,-0.013
692.969,-0.013
693.75,-0.013
694.531,-0.013
695.313,0.036
696.094,-0.061
696.875,-0.013
697.656,0.084
698.438,-0.11
699.219,-0.013
700,0.181
700.781,-0.11
701.563,-0.11
702.344,0.133
703.125,-0.013
703.906,-0.013
704.688,0.084
705.469,-0.013
706.25,-0.061
707.031,0.084
707.813,0.036
708.594,-0.013
709.375,0.084
710.156,-0.013
710.938,0.036
711.719,0.084
712.5,-0.013
713.281,-0.013
714.063,0.084
714.844,0.036
715.625,-0.061
716.406,-0.013
717.188,0.084
717.969,0.036
718.75,-0.013
719.531,-0.013
720.313,0.036
721.094,0.036
721.875,0.036
722.656,0.036
723.438,0.036
724.219,0.084
725,-0.11
725.781,-0.013
726.563,0.084
727.344,-0.061
728.125,0.036
728.906,0.036
729.688,-0.013
730.469,-0.013
731.25,0.036
732.031,-0.061
732.813,0.036
733.594,-0.013
734.375,-0.11
735.156,-0.013
735.938,-0.061
736.719,-0.013
737.5,0.084
738.281,0.036
739.063,0.036
739.844,-0.061
740.625,-0.061
741.406,0.036
742.188,-0.013
742.969,0.036
743.75,-0.11
744.531,0.084
745.313,0.084
746.094,-0.207
746.875,0.036
747.656,0.036
748.438,-0.061
749.219,0.036
750,-0.013
750.781,0.036
751.563,-0.013
752.344,-0.013
753.125,0.036
753.906,0.036
754.688,0.036
755.469,-0.013
756.25,0.133
757.031,-0.013
757.813,-0.013
758.594,0.133
759.375,0.036
760.156,0.036
760.938,0.036
761.719,0.036
762.5,0.133
763.281,-0.013
764.063,-0.013
764.844,0.133
765.625,0.036
766.406,-0.013
767.188,0.036
767.969,0.036
768.75,-0.013
769.531,0.036
770.313,0.133
771.094,0.036
771.875,0.084
772.656,0.036
773.438,-0.061
774.219,0.084
775,0.084
775.781,0.036
776.563,-0.061
777.344,-0.061
778.125,0.084
778.906,0.036
779.688,0.036
780.469,-0.013
781.25,0.036
782.031,-0.013
782.813,-0.013
783.594,-0.013
784.375,-0.061
785.156,0.036
785.938,-0.013
786.719,-0.013
787.5,-0.013
788.281,-0.061
789.063,0.036
789.844,-0.061
790.625,-0.158
791.406,0.036
792.188,-0.013
792.969,-0.061
793.75,-0.013
794.531,-0.013
795.313,-0.11
796.094,-0.061
796.875,0.084
797.656,-0.11
798.438,-0.158
799.219,0.036
800,-0.061
800.781,0.036
801.563,0.036
802.344,-0.158
803.125,-0.013
803.906,-0.013
804.688,-0.061
805.469,-0.061
806.25,-0.013
807.031,-0.013
807.813,-0.061
808.594,0.036
809.375,-0.013
810.156,-0.061
810.938,-0.061
811.719,-0.013
812.5,0.036
813.281,-0.013
814.063,-0.013
814.844,-0.013
815.625,-0.013
816.406,0.036
817.188,-0.013
817.969,-0.11
818.75,-0.013
819.531,0.084
820.313,-0.11
821.094,-0.061
821.875,0.036
822.656,-0.061
823.438,0.036
824.219,-0.013
825,-0.11
825.781,0.036
826.563,0.084
827.344,-0.061
828.125,-0.061
828.906,-0.013
829.688,0.084
830.469,0.036
831.25,-0.061
832.031,-0.013
832.813,-0.11
833.594,0.036
834.375,-0.013
835.156,-0.061
835.938,0.084
836.719,-0.061
837.5,-0.013
838.281,0.036
839.063,-0.013
839.844,-0.013
840.625,-0.013
841.406,-0.013
842.188,0.036
842.969,0.036
843.75,-0.061
844.531,-0.061
845.313,0.036
846.094,0.036
846.875,-0.013
847.656,0.036
848.438,-0.013
849.219,0.036
850,0.036
850.781,-0.013
851.563,-0.013
852.344,-0.013
853.125,0.084
853.906,0.084
854.688,-0.013
855.469,0.084
856.25,0.084
857.031,-0.013
857.813,0.084
858.594,0.084
859.375,-0.061
860.156,0.084
860.938,0.084
861.719,-0.061
862.5,0.133
863.281,0.084
864.063,-0.013
864.844,0.084
865.625,0.133
866.406,-0.013
867.188,0.036
867.969,0.084
868.75,-0.013
869.531,0.084
870.313,-0.061
871.094,-0.013
871.875,0.181
872.656,-0.013
873.438,-0.013
874.219,0.133
875,-0.061
875.781,0.036
876.563,-0.013
877.344,-0.061
878.125,0.084
878.906,-0.013
879.688,-0.061
880.469,-0.013
881.25,0.036
882.031,0.036
882.813,-0.061
883.594,-0.11
884.375,0.036
885.156,-0.013
885.938,-0.013
886.719,-0.013
887.5,-0.11
888.281,-0.061
889.063,-0.013
889.844,-0.013
890.625,-0.013
891.406,-0.061
892.188,-0.013
892.969,-0.11
893.75,-0.061
894.531,0.084
895.313,-0.061
896.094,-0.061
896.875,-0.061
897.656,0.036
898.438,-0.013
899.219,-0.013
900,0.036
900.781,-0.061
901.563,0.036
902.344,0.036
903.125,-0.061
903.906,-0.013
904.688,0.036
905.469,-0.061
906.25,-0.013
907.031,-0.061
907.813,0.036
908.594,0.181
909.375,-0.013
910.156,-0.11
910.938,0.084
911.719,-0.013
912.5,-0.013
913.281,0.084
914.063,0.036
914.844,0.036
915.625,-0.013
916.406,0.036
917.188,0.036
917.969,-0.013
918.75,0.036
919.531,0.084
920.313,0.036
921.094,-0.11
921.875,0.084
922.656,0.084
923.438,-0.061
924.219,0.036
925,0.084
925.781,-0.061
926.563,-0.11
927.344,0.036
928.125,0.036
928.906,-0.013
929.688,0.036
930.469,-0.013
931.25,-0.061
932.031,-0.013
932.813,0.036
933.594,-0.013
934.375,-0.013
935.156,0.036
935.938,0.036
936.719,-0.013
937.5,0.036
938.281,-0.061
939.063,-0.013
939.844,0.036
940.625,-0.061
941.406,0.036
942.188,-0.013
942.969,-0.013
943.75,0.036
944.531,-0.013
945.313,-0.061
946.094,-0.061
946.875,0.036
947.656,-0.061
948.438,-0.013
949.219,0.084
950,-0.061
950.781,-0.061
951.563,0.036
952.344,0.036
953.125,-0.061
953.906,-0.061
954.688,-0.013
955.469,-0.013
956.25,-0.013
957.031,-0.11
957.813,-0.061
958.594,0.036
959.375,-0.013
960.156,-0.013
960.938,-0.013
961.719,-0.013
962.5,-0.013
963.281,-0.013
964.063,-0.061
964.844,-0.11
965.625,0.084
966.406,-0.061
967.188,-0.11
967.969,0.036
968.75,-0.013
969.531,-0.013
970.313,-0.061
971.094,-0.061
971.875,-0.013
972.656,-0.061
973.438,-0.013
974.219,-0.013
975,-0.013
975.781,-0.061
976.563,-0.061
977.344,0.036
978.125,-0.013
978.906,-0.061
979.688,-0.013
980.469,-0.013
981.25,-0.061
982.031,-0.061
982.813,-0.061
983.594,-0.11
984.375,-0.013
985.156,0.036
985.938,-0.11
986.719,-0.013
987.5,0.036
988.281,-0.013
989.063,-0.11
989.844,-0.11
990.625,0.036
991.406,-0.013
992.188,-0.11
992.969,0.036
993.75,0.133
994.531,-0.013
995.313,-0.11
996.094,-0.013
996.875,-0.013
997.656,-0.013
998.438,-0.013
999.219,-0.061
1000,0.036
1000.781,0.036
1001.563,-0.11
1002.344,-0.061
1003.125,0.036
1003.906,-0.013
1004.688,-0.061
1005.469,-0.061
1006.25,-0.013
1007.031,-0.013
1007.813,-0.013
1008.594,-0.013
1009.375,-0.013
1010.156,0.036
1010.938,-0.013
1011.719,-0.11
1012.5,-0.013
1013.281,0.036
1014.063,-0.013
1014.844,0.036
1015.625,-0.061
1016.406,-0.11
1017.188,0.036
1017.969,-0.013
1018.75,-0.013
1019.531,0.036
1020.313,0.036
1021.094,-0.11
1021.875,-0.013
1022.656,-0.013
1023.438,-0.013
1024.219,-0.013
1025,-0.061
1025.781,-0.013
1026.563,-0.013
1027.344,0.084
1028.125,-0.013
1028.906,-0.013
1029.688,0.084
1030.469,-0.013
1031.25,-0.013
1032.031,0.036
1032.813,0.036
1033.594,0.084
1034.375,-0.013
1035.156,-0.013
1035.938,0.036
1036.719,-0.061
1037.5,0.036
1038.281,0.036
1039.063,0.036
1039.844,0.084
1040.625,0.084
1041.406,0.036
1042.188,-0.013
1042.969,-0.013
1043.75,0.036
1044.531,0.036
1045.313,0.036
1046.094,-0.061
1046.875,-0.013
1047.656,0.133
1048.438,-0.061
1049.219,0.036
1050,0.133
1050.781,-0.013
1051.563,-0.013
1052.344,-0.013
1053.125,0.036
1053.906,0.036
1054.688,-0.061
1055.469,0.084
1056.25,-0.013
1057.031,-0.013
1057.813,0.133
1058.594,-0.158
1059.375,-0.013
1060.156,0.133
1060.938,-0.061
1061.719,-0.013
1062.5,0.036
1063.281,-0.061
1064.063,-0.061
1064.844,0.036
1065.625,-0.013
1066.406,-0.013
1067.188,-0.013
1067.969,-0.061
1068.75,-0.013
1069.531,-0.013
1070.313,-0.013
1071.094,-0.013
1071.875,-0.061
1072.656,-0.11
1073.438,-0.013
1074.219,0.084
1075,-0.061
1075.781,-0.061
1076.563,-0.013
1077.344,0.036
1078.125,-0.013
1078.906,-0.013
1079.688,-0.013
1080.469,-0.061
1081.25,-0.061
1082.031,-0.013
1082.813,-0.061
1083.594,0.036
1084.375,0.084
1085.156,-0.11
1085.938,-0.061
1086.719,0.084
1087.5,-0.061
1088.281,0.084
1089.063,-0.013
1089.844,-0.061
1090.625,0.036
1091.406,0.036
1092.188,-0.013
1092.969,-0.013
1093.75,0.084
1094.531,0.084
1095.313,-0.013
1096.094,-0.061
1096.875,0.084
1097.656,0.036
1098.438,0.036
1099.219,0.036
1100,-0.061
1100.781,0.036
1101.563,0.036
1102.344,0.084
1103.125,0.036
1103.906,-0.061
1104.688,-0.013
1105.469,0.084
1106.25,0.084
1107.031,-0.013
1107.813,-0.061
1108.594,0.084
1109.375,0.084
1110.156,0.036
1110.938,-0.013
1111.719,-0.061
1112.5,0.084
1113.281,-0.013
1114.063,-0.061
1114.844,0.084
1115.625,-0.013
1116.406,-0.013
1117.188,0.036
1117.969,-0.013
1118.75,-0.013
1119.531,0.084
1120.313,-0.013
1121.094,-0.061
1121.875,-0.013
1122.656,0.036
1123.438,0.036
1124.219,-0.013
1125,-0.013
1125.781,0.036
1126.563,-0.061
1127.344,-0.013
1128.125,0.084
1128.906,-0.11
1129.688,-0.061
1130.469,0.036
1131.25,-0.013
1132.031,-0.013
1132.813,-0.061
1133.594,-0.013
1134.375,-0.013
1135.156,0.036
1135.938,-0.013
1136.719,-0.013
1137.5,-0.013
1138.281,0.036
1139.063,0.036
1139.844,-0.11
1140.625,0.036
1141.406,0.036
1142.188,-0.013
1142.969,0.036
1143.75,-0.013
1144.531,-0.061
1145.313,-0.013
1146.094,0.036
1146.875,0.036
1147.656,-0.061
1148.438,-0.013
1149.219,0.036
1150,-0.061
1150.781,0.036
1151.563,0.036
1152.344,0.084
1153.125,-0.11
1153.906,-0.11
1154.688,0.084
1155.469,-0.013
1156.25,-0.013
1157.031,-0.061
1157.813,-0.013
1158.594,0.036
1159.375,-0.061
1160.156,0.036
1160.938,-0.061
1161.719,0.084
1162.5,-0.013
1163.281,-0.11
1164.063,0.084
1164.844,-0.11
1165.625,-0.11
1166.406,0.036
1167.188,-0.013
1167.969,-0.11
1168.75,-0.11
1169.531,-0.013
1170.313,-0.11
1171.094,0.036
1171.875,-0.11
1172.656,-0.11
1173.438,-0.013
1174.219,-0.11
1175,0.084
1175.781,-0.061
1176.563,-0.11
1177.344,-0.013
1178.125,-0.11
1178.906,-0.013
1179.688,-0.11
1180.469,-0.158
1181.25,0.036
1182.031,-0.061
1182.813,-0.061
1183.594,-0.061
1184.375,-0.061
1185.156,-0.158
1185.938,-0.061
1186.719,0.036
1187.5,-0.061
1188.281,-0.061
1189.063,-0.061
1189.844,0.036
1190.625,-0.013
1191.406,-0.158
1192.188,-0.061
1192.969,0.036
1193.75,0.036
1194.531,-0.061
1195.313,-0.061
1196.094,-0.013
1196.875,-0.013
1197.656,0.036
1198.438,-0.11
1199.219,-0.013
1200,0.036
1200.781,-0.013
1201.563,0.036
1202.344,-0.11
1203.125,-0.013
1203.906,0.036
1204.688,-0.061
1205.469,0.084
1206.25,-0.013
1207.031,-0.061
1207.813,0.084
1208.594,-0.013
1209.375,0.133
1210.156,-0.061
1210.938,-0.013
1211.719,0.133
1212.5,-0.013
1213.281,0.036
1214.063,-0.013
1214.844,0.084
1215.625,-0.013
1216.406,0.036
1217.188,0.133
1217.969,-0.061
1218.75,-0.013
1219.531,0.036
1220.313,-0.013
1221.094,0.036
1221.875,0.036
1222.656,0.133
1223.438,-0.013
1224.219,-0.013
1225,-0.013
1225.781,0.036
1226.563,0.084
1227.344,-0.013
1228.125,0.036
1228.906,-0.013
1229.688,0.084
1230.469,-0.013
1231.25,-0.013
1232.031,0.084
1232.813,-0.013
1233.594,-0.013
1234.375,0.084
1235.156,0.036
1235.938,0.036
1236.719,-0.013
1237.5,-0.013
1238.281,0.133
1239.063,-0.013
1239.844,-0.061
1240.625,0.036
1241.406,0.036
1242.188,0.084
1242.969,0.084
1243.75,0.036
1244.531,-0.013
1245.313,0.133
1246.094,0.036
1246.875,0.036
1247.656,-0.013
1248.438,0.036
1249.219,0.133
1250,-0.013
1250.781,0.036
1251.563,0.036
1252.344,0.084
1253.125,0.036
1253.906,0.084
1254.688,0.084
1255.469,-0.11
1256.25,0.133
1257.031,0.133
1257.813,-0.013
1258.594,-0.013
1259.375,0.181
1260.156,0.084
1260.938,-0.11
1261.719,0.084
1262.5,0.036
1263.281,0.036
1264.063,0.036
1264.844,-0.013
1265.625,-0.013
1266.406,0.036
1267.188,-0.013
1267.969,0.036
1268.75,0.036
1269.531,-0.061
1270.313,-0.013
1271.094,-0.013
1271.875,-0.013
1272.656,0.036
1273.438,0.084
1274.219,-0.013
1275,-0.061
1275.781,-0.013
1276.563,-0.013
1277.344,-0.013
1278.125,-0.061
1278.906,0.084
1279.688,-0.013
1280.469,-0.013
1281.25,-0.013
1282.031,-0.061
1282.813,0.133
1283.594,-0.013
1284.375,-0.061
1285.156,0.084
1285.938,-0.061
1286.719,-0.013
1287.5,0.133
1288.281,-0.013
1289.063,-0.061
1289.844,-0.013
1290.625,-0.061
1291.406,0.036
1292.188,-0.013
1292.969,-0.013
1293.75,-0.013
1294.531,-0.013
1295.313,0.084
1296.094,-0.11
1296.875,-0.013
1297.656,0.084
1298.438,-0.013
1299.219,-0.013
1300,-0.013
1300.781,0.084
1301.563,0.036
1302.344,0.036
1303.125,-0.061
1303.906,-0.013
1304.688,0.084
1305.469,-0.013
1306.25,-0.013
1307.031,-0.158
1307.813,-0.013
1308.594,0.084
1309.375,-0.11
1310.156,-0.013
1310.938,-0.061
1311.719,-0.11
1312.5,-0.061
1313.281,0.036
1314.063,-0.013
1314.844,-0.158
1315.625,-0.061
1316.406,-0.013
1317.188,-0.061
1317.969,-0.061
1318.75,-0.061
1319.531,-0.11
1320.313,-0.061
1321.094,-0.013
1321.875,-0.061
1322.656,-0.061
1323.438,-0.013
1324.219,-0.061
1325,-0.158
1325.781,-0.013
1326.563,-0.013
1327.344,-0.158
1328.125,-0.061
1328.906,-0.061
1329.688,-0.158
1330.469,-0.013
1331.25,-0.061
1332.031,-0.11
1332.813,-0.061
1333.594,-0.013
1334.375,-0.11
1335.156,-0.061
1335.938,0.084
1336.719,-0.11
1337.5,-0.061
1338.281,0.036
1339.063,-0.11
1339.844,-0.061
1340.625,0.036
1341.406,-0.11
1342.188,0.036
1342.969,-0.013
1343.75,-0.11
1344.531,0.084
1345.313,-0.013
1346.094,-0.013
1346.875,-0.061
1347.656,-0.061
1348.438,-0.013
1349.219,-0.013
1350,-0.013
1350.781,-0.061
1351.563,0.036
1352.344,-0.061
1353.125,-0.013
1353.906,0.036
1354.688,-0.061
1355.469,0.084
1356.25,-0.11
1357.031,-0.061
1357.813,0.036
1358.594,0.036
1359.375,0.084
1360.156,-0.11
1360.938,-0.013
1361.719,0.036
1362.5,-0.013
1363.281,0.036
1364.063,-0.013
1364.844,-0.013
1365.625,0.036
1366.406,-0.013
1367.188,0.084
1367.969,0.084
1368.75,-0.013
1369.531,0.036
1370.313,-0.013
1371.094,0.084
1371.875,0.036
1372.656,0.036
1373.438,0.036
1374.219,0.036
1375,0.084
1375.781,0.036
1376.563,0.036
1377.344,0.036
1378.125,0.036
1378.906,0.084
1379.688,0.036
1380.469,0.036
1381.25,0.036
1382.031,0.084
1382.813,0.084
1383.594,-0.061
1384.375,0.133
1385.156,-0.013
1385.938,-0.11
1386.719,0.181
1387.5,-0.061
1388.281,-0.013
1389.063,0.084
1389.844,0.036
1390.625,0.084
1391.406,-0.061
1392.188,0.036
1392.969,0.036
1393.75,0.036
1394.531,0.084
1395.313,-0.013
1396.094,0.084
1396.875,-0.013
1397.656,0.084
1398.438,0.133
1399.219,-0.061
1400,0.036
1400.781,0.036
1401.563,-0.013
1402.344,0.084
1403.125,0.036
1403.906,0.084
1404.688,0.036
1405.469,-0.013
1406.25,0.084
1407.031,0.036
1407.813,-0.013
1408.594,0.036
1409.375,0.036
1410.156,0.036
1410.938,0.133
1411.719,0.036
1412.5,-0.013
1413.281,0.133
1414.063,-0.013
1414.844,-0.013
1415.625,0.084
1416.406,0.036
1417.188,0.133
1417.969,-0.013
1418.75,-0.013
1419.531,0.084
1420.313,0.084
1421.094,0.084
1421.875,-0.013
1422.656,0.036
1423.438,0.036
1424.219,0.084
1425,0.133
1425.781,0.036
1426.563,0.084
1427.344,-0.013
1428.125,0.084
1428.906,-0.013
1429.688,0.036
1430.469,0.133
1431.25,0.036
1432.031,0.084
1432.813,0.084
1433.594,0.084
1434.375,-0.013
1435.156,0.084
1435.938,0.036
1436.719,-0.013
1437.5,0.133
1438.281,0.036
1439.063,0.036
1439.844,0.133
1440.625,0.036
1441.406,0.036
1442.188,0.084
1442.969,0.036
1443.75,0.084
1444.531,0.036
1445.313,0.036
1446.094,0.084
1446.875,0.036
1447.656,0.084
1448.438,-0.013
1449.219,0.036
1450,0.133
1450.781,0.036
1451.563,-0.061
1452.344,0.036
1453.125,0.084
1453.906,0.036
1454.688,0.036
1455.469,0.084
1456.25,0.036
1457.031,-0.013
1457.813,0.036
1458.594,0.036
1459.375,0.084
1460.156,0.036
1460.938,-0.061
1461.719,0.084
1462.5,0.036
1463.281,0.036
1464.063,-0.013
1464.844,0.036
1465.625,0.084
1466.406,-0.061
1467.188,0.036
1467.969,-0.013
1468.75,-0.061
1469.531,-0.013
1470.313,-0.013
1471.094,-0.013
1471.875,-0.061
1472.656,-0.061
1473.438,0.084
1474.219,-0.013
1475,-0.11
1475.781,-0.013
1476.563,-0.061
1477.344,-0.013
1478.125,0.036
1478.906,-0.158
1479.688,-0.11
1480.469,-0.013
1481.25,-0.11
1482.031,-0.013
1482.813,-0.11
1483.594,-0.11
1484.375,-0.013
1485.156,-0.11
1485.938,-0.11
1486.719,-0.11
1487.5,-0.061
1488.281,-0.061
1489.063,-0.11
1489.844,-0.158
1490.625,-0.158
1491.406,-0.061
1492.188,-0.11
1492.969,-0.207
1493.75,-0.11
1494.531,-0.158
1495.313,-0.158
1496.094,-0.061
1496.875,-0.158
1497.656,-0.11
1498.438,-0.11
1499.219,-0.158
1500,-0.11
1500.781,-0.158
1501.563,-0.061
1502.344,-0.061
1503.125,-0.207
1503.906,-0.061
1504.688,-0.061
1505.469,-0.11
1506.25,-0.158
1507.031,-0.11
1507.813,-0.061
1508.594,-0.11
1509.375,-0.013
1510.156,-0.158
1510.938,-0.11
1511.719,-0.061
1512.5,-0.061
1513.281,-0.061
1514.063,-0.11
1514.844,-0.013
1515.625,-0.013
1516.406,-0.11
1517.188,-0.061
1517.969,-0.013
1518.75,-0.061
1519.531,0.036
1520.313,-0.013
1521.094,-0.061
1521.875,0.036
1522.656,-0.013
1523.438,-0.061
1524.219,-0.013
1525,0.036
1525.781,0.036
1526.563,0.036
1527.344,0.036
1528.125,-0.061
1528.906,0.036
1529.688,0.084
1530.469,-0.061
1531.25,0.084
1532.031,0.084
1532.813,-0.013
1533.594,-0.013
1534.375,0.133
1535.156,0.084
1535.938,-0.013
1536.719,0.181
1537.5,-0.013
1538.281,-0.013
1539.063,0.181
1539.844,-0.013
1540.625,0.036
1541.406,0.036
1542.188,0.133
1542.969,0.084
1543.75,-0.013
1544.531,0.181
1545.313,0.084
1546.094,0.036
1546.875,0.084
1547.656,0.084
1548.438,0.036
1549.219,-0.013
1550,0.084
1550.781,0.133
1551.563,0.036
1552.344,0.036
1553.125,0.036
1553.906,0.084
1554.688,0.084
1555.469,-0.013
1556.25,-0.013
1557.031,0.133
1557.813,0.084
1558.594,-0.061
1559.375,0.036
1560.156,0.036
1560.938,0.036
1561.719,0.133
1562.5,-0.061
1563.281,-0.061
1564.063,0.036
1564.844,-0.013
1565.625,0.084
1566.406,0.036
1567.188,-0.061
1567.969,0.084
1568.75,0.036
1569.531,-0.061
1570.313,0.036
1571.094,0.084
1571.875,-0.013
1572.656,-0.013
1573.438,0.036
1574.219,0.036
1575,0.084
1575.781,-0.013
1576.563,-0.013
1577.344,0.084
1578.125,-0.013
1578.906,-0.013
1579.688,0.133
1580.469,0.036
1581.25,-0.013
1582.031,0.084
1582.813,0.036
1583.594,0.036
1584.375,0.084
1585.156,0.036
1585.938,0.084
1586.719,0.036
1587.5,0.036
1588.281,0.133
1589.063,0.036
1589.844,0.036
1590.625,0.084
1591.406,0.036
1592.188,0.036
1592.969,0.084
1593.75,0.036
1594.531,0.036
1595.313,0.084
1596.094,0.036
1596.875,0.133
1597.656,0.084
1598.438,-0.013
1599.219,0.133

Machine Name,P29201A
Point Name,29VT-2005X
Wf Amp,12.305
Number of Revs,8
X-Axis Unit,ms
Y-Axis Unit,µm 
Sample Speed, 3961 rpm
Sample Status,Valid
Timestamp,8/27/2023 11:37:13 AM
Variable,Disp Wf(256X/8revs).29KT-2014A
X-Axis Value,Y-Axis Value
0,-1.221
0.059,-0.979
0.118,-1.512
0.178,-1.657
0.237,-1.366
0.296,-1.609
0.355,-1.56
0.414,-1.657
0.473,-1.172
0.533,-0.3
0.592,-0.3
0.651,-0.688
0.71,-0.688
0.769,-0.058
0.828,0.136
0.888,0.087
0.947,-0.107
1.006,-0.494
1.065,-0.252
1.124,-0.252
1.183,-0.107
1.243,0.039
1.302,-0.543
1.361,-0.058
1.42,0.184
1.479,0.281
1.538,0.62
1.598,-0.107
1.657,0.814
1.716,0.959
1.775,0.959
1.834,1.686
1.893,1.444
1.953,2.606
2.012,2.655
2.071,2.316
2.13,2.945
2.189,1.783
2.248,2.073
2.308,2.364
2.367,1.153
2.426,1.637
2.485,1.637
2.544,2.025
2.604,2.606
2.663,1.298
2.722,1.589
2.781,0.959
2.84,0.668
2.899,1.104
2.959,-0.01
3.018,-0.058
3.077,-0.494
3.136,-0.833
3.195,-0.204
3.254,-0.979
3.314,-1.076
3.373,-0.833
3.432,-1.221
3.491,-0.543
3.55,-2.287
3.609,-3.353
3.669,-2.287
3.728,-1.172
3.787,-0.688
3.846,-0.833
3.905,-0.93
3.964,-1.366
4.024,-1.754
4.083,-1.851
4.142,-1.609
4.201,-1.076
4.26,-0.785
4.319,-0.3
4.379,-0.155
4.438,-0.252
4.497,0.039
4.556,-0.107
4.615,0.717
4.674,0.911
4.734,0.62
4.793,0.814
4.852,0.814
4.911,1.734
4.97,2.025
5.03,1.25
5.089,1.928
5.148,1.977
5.207,2.558
5.266,3.236
5.325,2.364
5.385,3.236
5.444,2.752
5.503,2.994
5.562,4.108
5.621,2.994
5.68,3.381
5.74,3.236
5.799,3.43
5.858,4.447
5.917,3.769
5.976,4.69
6.035,4.738
6.095,4.641
6.154,5.513
6.213,4.447
6.272,5.174
6.331,5.029
6.39,4.302
6.45,5.029
6.509,4.302
6.568,4.399
6.627,4.593
6.686,4.302
6.745,5.029
6.805,4.06
6.864,4.205
6.923,4.399
6.982,3.963
7.041,4.883
7.1,3.818
7.16,3.672
7.219,4.254
7.278,3.963
7.337,5.029
7.396,4.35
7.456,4.447
7.515,5.319
7.574,5.077
7.633,5.949
7.692,5.222
7.751,5.077
7.811,5.659
7.87,5.222
7.929,5.949
7.988,5.513
8.047,5.319
8.106,5.707
8.166,5.513
8.225,5.998
8.284,5.949
8.343,5.271
8.402,5.416
8.461,4.932
8.521,5.562
8.58,5.174
8.639,4.932
8.698,5.562
8.757,5.319
8.816,5.222
8.876,5.077
8.935,4.447
8.994,4.835
9.053,4.69
9.112,4.641
9.171,4.69
9.231,4.641
9.29,5.368
9.349,5.804
9.408,5.852
9.467,5.368
9.526,4.786
9.586,4.496
9.645,3.866
9.704,3.188
9.763,2.267
9.822,1.88
9.882,1.783
9.941,1.298
10,1.395
10.059,0.959
10.118,0.717
10.177,0.814
10.237,0.426
10.296,1.104
10.355,0.184
10.414,0.281
10.473,0.232
10.532,-0.591
10.592,-0.252
10.651,-1.172
10.71,-1.269
10.769,-1.463
10.828,-2.335
10.887,-1.996
10.947,-3.304
11.006,-4.564
11.065,-4.176
11.124,-5.048
11.183,-4.225
11.242,-4.273
11.302,-5.145
11.361,-3.74
11.42,-3.885
11.479,-3.692
11.538,-3.595
11.597,-4.225
11.657,-2.965
11.716,-3.643
11.775,-3.934
11.834,-3.934
11.893,-5
11.952,-3.982
12.012,-4.515
12.071,-4.515
12.13,-4.225
12.189,-5.436
12.248,-4.903
12.307,-5
12.367,-5.242
12.426,-4.806
12.485,-5.387
12.544,-4.709
12.603,-4.128
12.663,-3.982
12.722,-3.595
12.781,-3.643
12.84,-3.207
12.899,-2.868
12.958,-2.917
13.018,-3.11
13.077,-2.965
13.136,-2.723
13.195,-2.674
13.254,-3.013
13.313,-3.207
13.373,-3.207
13.432,-3.256
13.491,-3.353
13.55,-3.401
13.609,-3.692
13.668,-3.45
13.728,-3.013
13.787,-2.868
13.846,-2.335
13.905,-2.723
13.964,-2.723
14.023,-1.948
14.083,-2.19
14.142,-1.754
14.201,-2.384
14.26,-2.626
14.319,-1.948
14.378,-2.238
14.438,-1.851
14.497,-2.335
14.556,-3.013
14.615,-1.996
14.674,-2.577
14.733,-1.899
14.793,-1.415
14.852,-2.045
14.911,-0.979
14.97,-1.221
15.029,-1.172
15.089,-1.56
15.148,-2.384
15.207,-1.609
15.266,-2.384
15.325,-2.868
15.384,-2.432
15.444,-3.207
15.503,-2.19
15.562,-2.093
15.621,-2.481
15.68,-1.609
15.739,-2.141
15.799,-1.705
15.858,-1.366
15.917,-1.657
15.976,-1.124
16.035,-1.705
16.094,-1.124
16.154,-0.737
16.213,-1.366
16.272,-1.076
16.331,-1.318
16.39,-1.076
16.449,-0.737
16.509,-1.124
16.568,-0.882
16.627,-0.979
16.686,-0.591
16.745,-0.01
16.804,0.039
16.864,0.039
16.923,-0.155
16.982,0.378
17.041,1.201
17.1,1.589
17.159,1.492
17.219,1.347
17.278,1.831
17.337,1.201
17.396,0.862
17.455,0.814
17.515,0.378
17.574,0.765
17.633,0.717
17.692,0.862
17.751,1.008
17.81,0.378
17.87,0.862
17.929,0.281
17.988,-0.494
18.047,-0.494
18.106,-1.512
18.165,-1.269
18.225,-1.609
18.284,-2.335
18.343,-1.899
18.402,-2.674
18.461,-1.899
18.52,-1.657
18.58,-2.529
18.639,-2.19
18.698,-4.128
18.757,-4.225
18.816,-2.771
18.875,-2.723
18.935,-1.899
18.994,-2.432
19.053,-2.287
19.112,-1.851
19.171,-3.498
19.23,-3.207
19.29,-3.207
19.349,-2.723
19.408,-1.269
19.467,-1.657
19.526,-1.366
19.585,-1.221
19.645,-1.221
19.704,-0.349
19.763,-0.543
19.822,-0.446
19.881,-0.155
19.941,-0.204
20,0.475
20.059,0.232
20.118,0.426
20.177,0.765
20.236,0.959
20.296,1.492
20.355,1.298
20.414,1.541
20.473,1.637
20.532,2.219
20.591,2.606
20.651,2.413
20.71,2.413
20.769,2.461
20.828,2.703
20.887,2.945
20.946,2.655
21.006,2.655
21.065,2.8
21.124,3.866
21.183,4.399
21.242,4.108
21.301,3.914
21.361,3.866
21.42,4.302
21.479,4.302
21.538,3.721
21.597,3.866
21.656,3.769
21.716,3.721
21.775,3.672
21.834,3.381
21.893,3.672
21.952,3.285
22.011,3.527
22.071,3.672
22.13,3.042
22.189,3.285
22.248,2.752
22.307,2.897
22.367,3.478
22.426,2.945
22.485,3.527
22.544,3.381
22.603,3.575
22.662,4.157
22.722,3.091
22.781,3.818
22.84,3.818
22.899,4.157
22.958,4.399
23.017,3.478
23.077,4.254
23.136,3.866
23.195,4.011
23.254,4.738
23.313,3.866
23.372,4.302
23.432,4.302
23.491,4.108
23.55,4.544
23.609,3.527
23.668,3.721
23.727,3.478
23.787,3.478
23.846,4.496
23.905,3.575
23.964,3.818
24.023,4.302
24.082,3.624
24.142,4.302
24.201,3.43
24.26,3.575
24.319,4.302
24.378,3.818
24.437,4.835
24.497,4.835
24.556,5.029
24.615,5.271
24.674,4.302
24.733,4.35
24.793,3.042
24.852,2.073
24.911,2.17
24.97,1.347
25.029,1.201
25.088,0.475
25.148,-0.107
25.207,0.668
25.266,0.523
25.325,0.329
25.384,-0.349
25.443,-0.785
25.503,-0.591
25.562,-0.349
25.621,-0.64
25.68,-1.124
25.739,-1.609
25.798,-1.851
25.858,-2.384
25.917,-2.723
25.976,-3.11
26.035,-3.692
26.094,-4.467
26.153,-5.145
26.213,-5.387
26.272,-5.823
26.331,-5.29
26.39,-5.339
26.449,-5.533
26.508,-4.758
26.568,-4.951
26.627,-4.612
26.686,-4.418
26.745,-4.758
26.804,-3.982
26.863,-4.951
26.923,-5
26.982,-4.564
27.041,-5.533
27.1,-5.097
27.159,-5.872
27.219,-5.872
27.278,-5.194
27.337,-6.017
27.396,-5.436
27.455,-6.114
27.514,-6.308
27.574,-5.339
27.633,-5.92
27.692,-4.854
27.751,-4.951
27.81,-5.484
27.869,-4.031
27.929,-4.128
27.988,-3.45
28.047,-3.546
28.106,-4.322
28.165,-3.304
28.224,-3.546
28.284,-3.692
28.343,-3.595
28.402,-4.467
28.461,-3.595
28.52,-4.031
28.579,-3.982
28.639,-3.643
28.698,-4.467
28.757,-3.643
28.816,-4.079
28.875,-3.692
28.934,-2.868
28.994,-3.692
29.053,-2.868
29.112,-2.771
29.171,-2.868
29.23,-2.335
29.289,-2.965
29.349,-2.141
29.408,-1.996
29.467,-2.674
29.526,-2.674
29.585,-3.013
29.645,-2.287
29.704,-2.045
29.763,-2.287
29.822,-2.432
29.881,-2.432
29.94,-1.56
30,-1.221
30.059,-1.221
30.118,-1.124
30.177,-1.56
30.236,-1.851
30.295,-1.657
30.355,-1.609
30.414,-2.384
30.473,-3.062
30.532,-2.965
30.591,-2.674
30.65,-2.045
30.71,-2.19
30.769,-2.481
30.828,-1.172
30.887,-1.269
30.946,-1.076
31.005,-0.93
31.065,-1.512
31.124,-0.64
31.183,-1.076
31.242,-0.785
31.301,-0.397
31.36,-0.979
31.42,-0.349
31.479,-0.688
31.538,-0.688
31.597,-0.494
31.656,-1.415
31.715,-0.3
31.775,-0.3
31.834,-0.155
31.893,0.184
31.952,-0.543
32.011,0.62
32.07,0.572
32.13,0.329
32.189,1.056
32.248,1.008
32.307,1.637
32.366,2.122
32.426,1.734
32.485,1.686
32.544,0.911
32.603,1.201
32.662,1.444
32.721,0.717
32.781,1.25
32.84,0.814
32.899,0.862
32.958,1.298
33.017,1.008
33.076,0.717
33.136,-0.155
33.195,-0.397
33.254,-0.204
33.313,-0.833
33.372,-1.076
33.431,-1.366
33.491,-1.172
33.55,-1.172
33.609,-1.172
33.668,-1.318
33.727,-1.512
33.786,-1.221
33.846,-2.771
33.905,-3.934
33.964,-3.159
34.023,-2.287
34.082,-1.269
34.141,-1.657
34.201,-1.705
34.26,-2.045
34.319,-3.353
34.378,-2.626
34.437,-2.335
34.496,-2.238
34.556,-1.366
34.615,-1.899
34.674,-1.027
34.733,-0.543
34.792,-1.027
34.852,-0.494
34.911,-1.027
34.97,-0.107
35.029,0.378
35.088,-0.446
35.147,0.378
35.207,-0.155
35.266,0.668
35.325,1.492
35.384,0.765
35.443,1.88
35.502,1.25
35.562,1.444
35.621,2.267
35.68,1.589
35.739,2.364
35.798,2.364
35.857,2.267
35.917,2.994
35.976,1.88
36.035,2.413
36.094,2.364
36.153,2.316
36.212,3.333
36.272,2.945
36.331,3.43
36.39,3.672
36.449,3.818
36.508,4.254
36.567,3.527
36.627,3.527
36.686,3.381
36.745,3.285
36.804,4.011
36.863,3.285
36.922,2.994
36.982,3.478
37.041,3.285
37.1,4.157
37.159,3.527
37.218,3.139
37.278,3.091
37.337,2.849
37.396,3.381
37.455,2.994
37.514,2.897
37.573,3.188
37.633,3.43
37.692,4.011
37.751,3.721
37.81,3.914
37.869,4.011
37.928,3.963
37.988,4.447
38.047,4.205
38.106,4.302
38.165,4.544
38.224,4.593
38.283,4.544
38.343,4.302
38.402,4.205
38.461,4.205
38.52,4.496
38.579,4.738
38.638,4.108
38.698,3.963
38.757,3.624
38.816,3.963
38.875,4.157
38.934,3.769
38.993,3.866
39.053,3.914
39.112,4.205
39.171,4.544
39.23,3.818
39.289,3.721
39.348,3.624
39.408,3.963
39.467,4.641
39.526,3.866
39.585,4.447
39.644,4.593
39.704,4.835
39.763,5.659
39.822,4.447
39.881,4.447
39.94,3.43
39.999,2.364
40.059,2.8
40.118,1.395
40.177,1.153
40.236,0.862
40.295,0.378
40.354,1.492
40.414,0.378
40.473,0.184
40.532,0.378
40.591,-0.3
40.65,0.184
40.709,-0.3
40.769,-0.591
40.828,-0.3
40.887,-0.979
40.946,-0.688
41.005,-1.512
41.064,-2.335
41.124,-1.851
41.183,-2.481
41.242,-3.11
41.301,-4.322
41.36,-5.484
41.419,-4.758
41.479,-4.322
41.538,-4.225
41.597,-4.37
41.656,-4.806
41.715,-4.079
41.774,-3.837
41.834,-3.643
41.893,-3.643
41.952,-3.934
42.011,-4.031
42.07,-4.176
42.13,-3.982
42.189,-4.418
42.248,-4.709
42.307,-4.854
42.366,-5
42.425,-4.806
42.485,-5.194
42.544,-5.097
42.603,-5.145
42.662,-5
42.721,-4.612
42.78,-5.097
42.84,-4.612
42.899,-4.322
42.958,-4.031
43.017,-3.256
43.076,-3.692
43.135,-3.159
43.195,-2.674
43.254,-2.917
43.313,-2.384
43.372,-3.304
43.431,-3.11
43.49,-2.674
43.55,-3.207
43.609,-2.674
43.668,-3.643
43.727,-3.595
43.786,-2.674
43.845,-3.498
43.905,-2.723
43.964,-3.256
44.023,-3.353
44.082,-2.384
44.141,-2.771
44.2,-1.948
44.26,-2.238
44.319,-2.335
44.378,-1.366
44.437,-1.996
44.496,-1.221
44.556,-1.366
44.615,-2.238
44.674,-1.172
44.733,-1.851
44.792,-1.463
44.851,-1.172
44.911,-1.851
44.97,-1.172
45.029,-1.366
45.088,-0.979
45.147,-0.494
45.206,-1.027
45.266,-0.155
45.325,-0.543
45.384,-1.269
45.443,-0.93
45.502,-1.366
45.561,-1.076
45.621,-1.512
45.68,-2.141
45.739,-1.899
45.798,-2.384
45.857,-1.512
45.916,-1.124
45.976,-1.221
46.035,-0.785
46.094,-1.415
46.153,-0.93
46.212,-0.64
46.271,-0.833
46.331,-0.882
46.39,-1.124
46.449,-0.543
46.508,-0.882
46.567,-0.591
46.626,-0.349
46.686,-0.737
46.745,-0.349
46.804,-0.543
46.863,-0.252
46.922,-0.397
46.982,-0.64
47.041,-0.01
47.1,0.039
47.159,0.717
47.218,0.572
47.277,0.232
47.337,1.444
47.396,1.492
47.455,1.347
47.514,1.686
47.573,1.25
47.632,1.831
47.692,1.201
47.751,1.008
47.81,1.153
47.869,-0.058
47.928,1.153
47.987,1.104
48.047,0.523
48.106,0.911
48.165,-0.155
48.224,0.523
48.283,0.281
48.342,-0.446
48.402,-0.397
48.461,-1.705
48.52,-1.124
48.579,-1.027
48.638,-1.802
48.697,-1.124
48.757,-1.996
48.816,-1.366
48.875,-0.882
48.934,-1.802
48.993,-2.626
49.052,-4.031
49.112,-3.207
49.171,-1.512
49.23,-1.512
49.289,-1.366
49.348,-1.318
49.408,-2.093
49.467,-2.384
49.526,-2.674
49.585,-2.384
49.644,-1.802
49.703,-1.366
49.763,-0.93
49.822,-0.833
49.881,-0.93
49.94,-0.494
49.999,0.039
50.058,0.136
50.118,0.136
50.177,0.087
50.236,-0.204
50.295,0.668
50.354,0.911
50.413,1.104
50.473,1.153
50.532,0.959
50.591,1.88
50.65,2.025
50.709,2.073
50.768,2.219
50.828,1.541
50.887,2.509
50.946,2.606
51.005,2.413
51.064,2.849
51.123,1.783
51.183,2.655
51.242,2.752
51.301,2.703
51.36,3.188
51.419,2.8
51.478,3.866
51.538,4.254
51.597,3.721
51.656,4.447
51.715,3.914
51.774,4.254
51.834,4.254
51.893,3.43
51.952,4.302
52.011,3.527
52.07,3.575
52.129,4.108
52.189,3.381
52.248,4.06
52.307,3.721
52.366,3.914
52.425,4.205
52.484,2.994
52.544,3.139
52.603,2.849
52.662,3.042
52.721,4.205
52.78,3.527
52.839,4.011
52.899,3.866
52.958,4.205
53.017,5.029
53.076,4.157
53.135,4.544
53.194,4.399
53.254,4.447
53.313,5.562
53.372,4.593
53.431,4.786
53.49,4.786
53.549,4.35
53.609,5.174
53.668,4.544
53.727,4.738
53.786,4.69
53.845,4.011
53.904,4.786
53.964,4.205
54.023,3.963
54.082,4.399
54.141,4.254
54.2,4.69
54.259,3.963
54.319,3.963
54.378,4.302
54.437,3.914
54.496,4.399
54.555,3.818
54.615,3.818
54.674,4.447
54.733,4.399
54.792,5.126
54.851,5.029
54.91,4.738
54.97,4.593
55.029,4.205
55.088,3.818
55.147,2.413
55.206,1.88
55.265,1.347
55.325,1.201
55.384,0.959
55.443,0.136
55.502,0.523
55.561,0.136
55.62,0.232
55.68,0.523
55.739,-0.349
55.798,-0.204
55.857,-0.543
55.916,-0.785
55.975,-0.591
56.035,-1.415
56.094,-1.318
56.153,-1.851
56.212,-2.287
56.271,-2.287
56.33,-3.595
56.39,-3.837
56.449,-4.854
56.508,-5.969
56.567,-5
56.626,-5.581
56.685,-5.29
56.745,-4.612
56.804,-5.048
56.863,-3.74
56.922,-4.515
56.981,-4.612
57.041,-3.982
57.1,-4.661
57.159,-4.128
57.218,-5.097
57.277,-5.436
57.336,-4.709
57.396,-5.533
57.455,-4.951
57.514,-5.436
57.573,-6.114
57.632,-5.484
57.691,-6.017
57.751,-5.581
57.81,-5.484
57.869,-6.211
57.928,-5.29
57.987,-5.387
58.046,-4.951
58.106,-4.612
58.165,-5.048
58.224,-4.031
58.283,-3.885
58.342,-3.982
58.401,-3.498
58.461,-3.837
58.52,-3.401
58.579,-3.498
58.638,-3.74
58.697,-3.789
58.756,-4.176
58.816,-3.789
58.875,-3.934
58.934,-4.079
58.993,-4.176
59.052,-4.176
59.111,-3.885
59.171,-3.546
59.23,-3.207
59.289,-3.546
59.348,-3.643
59.407,-3.159
59.467,-2.868
59.526,-2.529
59.585,-2.771
59.644,-2.529
59.703,-2.384
59.762,-2.481
59.822,-2.384
59.881,-3.11
59.94,-2.868
59.999,-2.335
60.058,-2.238
60.117,-1.609
60.177,-1.899
60.236,-1.512
60.295,-0.882
60.354,-1.172
60.413,-0.494
60.472,-0.979
60.532,-1.754
60.591,-1.027
60.65,-1.56
60.709,-1.56
60.768,-2.141
60.827,-2.868
60.887,-2.093
60.946,-2.287
61.005,-2.045
61.064,-1.851
61.123,-2.238
61.182,-0.979
61.242,-1.463
61.301,-1.221
61.36,-0.882
61.419,-1.657
61.478,-0.64
61.537,-0.93
61.597,-1.124
61.656,-0.785
61.715,-1.512
61.774,-0.543
61.833,-0.3
61.893,-0.882
61.952,-0.785
62.011,-1.366
62.07,-0.543
62.129,-0.252
62.188,-0.155
62.248,-0.058
62.307,-0.204
62.366,0.136
62.425,0.717
62.484,1.056
62.543,1.589
62.603,1.104
62.662,1.395
62.721,1.637
62.78,1.008
62.839,0.862
62.898,0.765
62.958,0.862
63.017,0.62
63.076,0.862
63.135,0.959
63.194,0.668
63.253,1.008
63.313,0.523
63.372,0.329
63.431,-0.252
63.49,-1.027
63.549,-0.494
63.608,-1.076
63.668,-1.221
63.727,-1.512
63.786,-2.19
63.845,-1.463
63.904,-1.851
63.963,-1.657
64.023,-1.705
64.082,-2.529
64.141,-2.674
64.2,-4.128
64.259,-3.353
64.319,-1.948
64.378,-2.723
64.437,-1.705
64.496,-1.56
64.555,-2.384
64.614,-2.384
64.674,-3.789
64.733,-2.432
64.792,-1.705
64.851,-2.093
64.91,-0.979
64.969,-1.609
65.029,-1.318
65.088,-0.446
65.147,-0.833
65.206,-0.01
65.265,-0.204
65.324,-0.252
65.384,0.475
65.443,-0.446
65.502,0.232
65.561,0.329
65.62,0.426
65.679,1.201
65.739,0.862
65.798,1.153
65.857,1.25
65.916,1.444
65.975,1.88
66.034,1.25
66.094,1.444
66.153,1.734
66.212,1.783
66.271,2.17
66.33,1.977
66.389,1.734
66.449,1.88
66.508,2.316
66.567,3.188
66.626,3.236
66.685,3.042
66.745,3.188
66.804,3.381
66.863,3.866
66.922,3.769
66.981,3.042
67.04,2.994
67.1,3.236
67.159,3.188
67.218,2.897
67.277,2.945
67.336,2.849
67.395,3.381
67.455,3.478
67.514,3.091
67.573,2.945
67.632,2.606
67.691,2.8
67.75,2.606
67.81,2.509
67.869,2.8
67.928,2.8
67.987,3.527
68.046,3.818
68.105,3.333
68.165,3.818
68.224,3.381
68.283,4.108
68.342,4.399
68.401,3.866
68.46,4.302
68.52,4.06
68.579,4.738
68.638,4.786
68.697,4.06
68.756,4.641
68.815,4.254
68.875,4.593
68.934,4.593
68.993,3.672
69.052,3.963
69.111,3.478
69.171,3.769
69.23,4.544
69.289,3.914
69.348,4.205
69.407,3.818
69.466,3.818
69.526,4.496
69.585,3.333
69.644,3.866
69.703,3.818
69.762,4.06
69.821,4.835
69.881,4.06
69.94,4.932
69.999,5.271
70.058,4.641
70.117,4.98
70.176,3.527
70.236,3.236
70.295,2.8
70.354,1.977
70.413,2.267
70.472,1.153
70.531,0.668
70.591,0.814
70.65,0.862
70.709,1.298
70.768,0.572
70.827,0.039
70.886,0.378
70.946,0.039
71.005,0.329
71.064,-0.204
71.123,-0.688
71.182,-0.737
71.241,-1.124
71.301,-1.076
71.36,-1.56
71.419,-1.996
71.478,-2.287
71.537,-3.062
71.597,-3.982
71.656,-4.758
71.715,-4.854
71.774,-4.709
71.833,-4.37
71.892,-4.273
71.952,-4.37
72.011,-3.498
72.07,-3.74
72.129,-3.595
72.188,-3.11
72.247,-4.031
72.307,-3.789
72.366,-4.079
72.425,-4.079
72.484,-3.934
72.543,-4.854
72.602,-4.661
72.662,-4.564
72.721,-4.758
72.78,-4.515
72.839,-5.727
72.898,-5.242
72.957,-4.854
73.017,-5
73.076,-4.079
73.135,-4.661
73.194,-4.515
73.253,-3.885
73.312,-4.079
73.372,-2.771
73.431,-3.207
73.49,-3.353
73.549,-2.577
73.608,-3.353
73.667,-2.141
73.727,-2.771
73.786,-3.595
73.845,-2.577
73.904,-3.498
73.963,-2.868
74.023,-3.353
74.082,-3.885
74.141,-3.062
74.2,-3.595
74.259,-2.771
74.318,-2.432
74.378,-2.868
74.437,-2.045
74.496,-2.674
74.555,-2.384
74.614,-1.899
74.673,-2.335
74.733,-1.463
74.792,-1.657
74.851,-1.609
74.91,-1.754
74.969,-2.287
75.028,-1.705
75.088,-1.463
75.147,-1.754
75.206,-1.512
75.265,-2.045
75.324,-1.318
75.383,-0.494
75.443,-0.494
75.502,-0.494
75.561,-0.688
75.62,-0.785
75.679,-0.979
75.738,-0.833
75.798,-0.882
75.857,-1.463
75.916,-1.705
75.975,-1.851
76.034,-1.657
76.093,-1.56
76.153,-1.657
76.212,-1.366
76.271,-1.172
76.33,-0.543
76.389,-1.269
76.448,-1.124
76.508,-0.591
76.567,-0.737
76.626,-0.349
76.685,-0.64
76.744,-0.688
76.804,-0.107
76.863,-0.833
76.922,-0.397
76.981,-0.349
77.04,-0.882
77.099,0.184
77.159,-0.349
77.218,-0.058
77.277,-0.058
77.336,-0.93
77.395,0.329
77.454,0.329
77.514,0.426
77.573,0.959
77.632,0.475
77.691,1.831
77.75,1.637
77.809,1.541
77.869,1.831
77.928,0.378
77.987,0.959
78.046,1.104
78.105,0.378
78.164,0.862
78.224,0.281
78.283,0.959
78.342,1.153
78.401,0.523
78.46,0.911
78.519,-0.155
78.579,-0.446
78.638,-0.3
78.697,-0.591
78.756,-0.785
78.815,-1.318
78.874,-1.512
78.934,-1.512
78.993,-1.366
79.052,-1.657
79.111,-1.657
79.17,-1.512
79.23,-1.512
79.289,-2.917
79.348,-4.031
79.407,-3.013
79.466,-1.609
79.525,-1.56
79.585,-1.657
79.644,-1.899
79.703,-2.238
79.762,-2.481
79.821,-2.917
79.88,-1.948
79.94,-1.802
79.999,-1.948
80.058,-0.591
80.117,-0.785
80.176,-0.737
80.235,-0.155
80.295,-0.785
80.354,0.475
80.413,0.765
80.472,0.62
80.531,0.959
80.59,0.184
80.65,1.25
80.709,1.492
80.768,1.298
80.827,1.928
80.886,1.444
80.945,2.267
81.005,2.461
81.064,2.17
81.123,2.897
81.182,2.267
81.241,2.752
81.3,2.897
81.36,2.219
81.419,2.752
81.478,2.316
81.537,2.849
81.596,3.527
81.656,2.849
81.715,3.721
81.774,3.672
81.833,4.011
81.892,4.69
81.951,3.672
82.011,4.108
82.07,3.769
82.129,3.866
82.188,4.544
82.247,3.721
82.306,3.721
82.366,3.381
82.425,3.478
82.484,4.35
82.543,3.672
82.602,4.011
82.661,3.769
82.721,3.333
82.78,3.914
82.839,3.236
82.898,3.188
82.957,2.849
83.016,3.042
83.076,3.914
83.135,3.624
83.194,3.818
83.253,4.108
83.312,4.254
83.371,4.496
83.431,4.302
83.49,4.447
83.549,4.593
83.608,4.786
83.667,5.029
83.726,4.69
83.786,4.835
83.845,5.126
83.904,5.174
83.963,5.465
84.022,5.077
84.082,4.641
84.141,4.593
84.2,4.69
84.259,4.932
84.318,4.544
84.377,4.447
84.437,4.641
84.496,4.883
84.555,5.174
84.614,4.447
84.673,4.157
84.732,3.914
84.792,4.399
84.851,4.738
84.91,4.641
84.969,4.786
85.028,4.738
85.087,5.416
85.147,5.901
85.206,5.126
85.265,5.222
85.324,4.108
85.383,3.769
85.442,3.236
85.502,2.219
85.561,2.461
85.62,1.201
85.679,1.008
85.738,1.492
85.797,0.523
85.857,1.056
85.916,0.572
85.975,0.378
86.034,1.104
86.093,-0.058
86.152,0.136
86.212,0.087
86.271,-0.446
86.33,-0.01
86.389,-1.269
86.448,-1.512
86.508,-1.463
86.567,-2.238
86.626,-1.851
86.685,-3.546
86.744,-4.322
86.803,-4.564
86.863,-5
86.922,-3.692
86.981,-4.273
87.04,-4.758
87.099,-3.982
87.158,-3.885
87.218,-2.771
87.277,-3.256
87.336,-3.789
87.395,-3.401
87.454,-3.837
87.513,-3.74
87.573,-3.982
87.632,-4.612
87.691,-4.418
87.75,-4.564
87.809,-4.564
87.868,-4.612
87.928,-5.048
87.987,-5
88.046,-4.903
88.105,-5.145
88.164,-5.097
88.223,-4.854
88.283,-4.661
88.342,-4.031
88.401,-3.74
88.46,-3.789
88.519,-3.401
88.578,-3.11
88.638,-2.868
88.697,-2.626
88.756,-3.207
88.815,-3.013
88.874,-2.917
88.934,-2.771
88.993,-2.432
89.052,-3.643
89.111,-3.546
89.17,-3.692
89.229,-3.498
89.289,-2.917
89.348,-3.692
89.407,-3.401
89.466,-2.771
89.525,-2.723
89.584,-2.045
89.644,-2.771
89.703,-2.384
89.762,-2.141
89.821,-2.529
89.88,-1.56
89.939,-2.238
89.999,-2.045
90.058,-1.754
90.117,-2.432
90.176,-1.899
90.235,-2.335
90.294,-2.626
90.354,-1.56
90.413,-2.287
90.472,-1.56
90.531,-1.172
90.59,-1.415
90.649,-0.252
90.709,-0.785
90.768,-0.882
90.827,-1.269
90.886,-1.609
90.945,-0.979
91.004,-1.754
91.064,-1.996
91.123,-2.141
91.182,-2.771
91.241,-1.657
91.3,-1.657
91.36,-1.609
91.419,-1.269
91.478,-1.754
91.537,-1.221
91.596,-0.833
91.655,-0.688
91.715,-0.591
91.774,-0.979
91.833,-0.543
91.892,-0.155
91.951,-0.3
92.01,-0.591
92.07,-0.543
92.129,-0.3
92.188,-0.397
92.247,-0.3
92.306,-0.3
92.365,-0.349
92.425,-0.107
92.484,-0.252
92.543,0.232
92.602,0.281
92.661,0.232
92.72,0.62
92.78,1.056
92.839,1.637
92.898,1.25
92.957,1.347
93.016,2.025
93.075,0.959
93.135,0.959
93.194,0.62
93.253,0.136
93.312,1.008
93.371,0.668
93.43,1.104
93.49,0.911
93.549,0.232
93.608,1.201
93.667,0.378
93.726,0.087
93.786,-0.107
93.845,-1.366
93.904,-0.64
93.963,-1.076
94.022,-1.027
94.081,-0.882
94.141,-2.045
94.2,-1.269
94.259,-1.221
94.318,-1.657
94.377,-1.318
94.436,-3.45
94.496,-3.595
94.555,-2.577
94.614,-1.851
94.673,-1.318
94.732,-1.657
94.791,-1.221
94.851,-1.512
94.91,-2.868
94.969,-2.432
95.028,-2.238
95.087,-1.463
95.146,-0.64
95.206,-0.688
95.265,-0.494
95.324,-0.543
95.383,-0.107
95.442,0.426
95.501,0.475
95.561,0.426
95.62,0.475
95.679,0.959
95.738,1.201
95.797,1.395
95.856,1.25
95.916,1.056
95.975,1.734
96.034,1.977
96.093,2.267
96.152,2.17
96.211,1.928
96.271,2.849
96.33,2.752
96.389,3.188
96.448,2.945
96.507,2.413
96.567,2.897
96.626,2.655
96.685,3.236
96.744,3.188
96.803,2.849
96.862,4.011
96.922,4.011
96.981,4.108
97.04,4.35
97.099,3.818
97.158,4.593
97.217,4.399
97.277,3.818
97.336,4.205
97.395,3.866
97.454,4.302
97.513,3.866
97.572,3.575
97.632,4.011
97.691,3.285
97.75,4.108
97.809,3.818
97.868,3.236
97.927,3.381
97.987,2.413
98.046,3.236
98.105,3.527
98.164,2.897
98.223,3.43
98.282,2.752
98.342,3.527
98.401,4.205
98.46,3.624
98.519,3.769
98.578,3.43
98.637,3.914
98.697,4.399
98.756,3.818
98.815,4.447
98.874,3.914
98.933,4.254
98.993,4.835
99.052,4.108
99.111,4.786
99.17,4.399
99.229,4.06
99.288,4.496
99.348,3.624
99.407,4.06
99.466,3.914
99.525,3.527
99.584,4.447
99.643,3.818
99.703,4.06
99.762,3.963
99.821,3.769
99.88,4.205
99.939,3.188
99.998,3.236
100.058,3.866
100.117,3.963
100.176,4.98
100.235,4.69
100.294,4.786
100.353,4.883
100.413,4.302
100.472,4.254
100.531,3.139
100.59,2.025
100.649,1.783
100.708,1.589
100.768,1.395
100.827,0.765
100.886,0.329
100.945,0.329
101.004,0.523
101.063,0.378
101.123,-0.155
101.182,-0.446
101.241,-0.882
101.3,-0.446
101.359,-0.591
101.419,-1.269
101.478,-1.269
101.537,-1.851
101.596,-1.899
101.655,-2.19
101.714,-2.868
101.774,-2.723
101.833,-3.692
101.892,-4.37
101.951,-4.612
102.01,-5.484
102.069,-4.515
102.129,-4.758
102.188,-4.612
102.247,-3.789
102.306,-4.418
102.365,-3.643
102.424,-3.789
102.484,-3.546
102.543,-2.674
102.602,-4.418
102.661,-3.982
102.72,-4.273
102.779,-4.515
102.839,-3.74
102.898,-5.048
102.957,-4.854
103.016,-4.515
103.075,-5.29
103.134,-4.515
103.194,-5.339
103.253,-5.145
103.312,-4.903
103.371,-5.339
103.43,-4.225
103.489,-4.467
103.549,-4.467
103.608,-3.546
103.667,-3.643
103.726,-2.577
103.785,-2.965
103.845,-3.256
103.904,-2.335
103.963,-2.917
104.022,-2.384
104.081,-2.723
104.14,-3.256
104.2,-2.287
104.259,-2.965
104.318,-2.965
104.377,-3.062
104.436,-3.45
104.495,-2.917
104.555,-2.965
104.614,-2.335
104.673,-2.577
104.732,-2.626
104.791,-2.238
104.85,-2.045
104.91,-1.754
104.969,-1.851
105.028,-2.238
105.087,-1.802
105.146,-1.657
105.205,-1.899
105.265,-1.996
105.324,-2.287
105.383,-1.996
105.442,-1.705
105.501,-1.802
105.56,-2.093
105.62,-1.705
105.679,-1.221
105.738,-1.076
105.797,-0.494
105.856,-0.543
105.915,-0.785
105.975,-1.124
106.034,-1.366
106.093,-1.124
106.152,-1.802
106.211,-2.093
106.27,-2.045
106.33,-2.287
106.389,-1.463
106.448,-1.851
106.507,-1.512
106.566,-0.882
106.625,-1.027
106.685,-0.397
106.744,-1.415
106.803,-1.027
106.862,-0.204
106.921,-0.688
106.98,0.232
107.039,-0.252
107.099,-0.785
107.158,0.039
107.217,-0.349
107.276,0.184
107.335,0.039
107.394,-0.543
107.454,0.426
107.513,0.475
107.572,0.862
107.631,0.862
107.69,0.378
107.749,1.347
107.809,1.104
107.868,1.589
107.927,2.316
107.986,1.541
108.045,2.316
108.104,2.267
108.163,2.461
108.223,2.122
108.282,1.104
108.341,1.637
108.4,1.25
108.459,0.911
108.518,1.298
108.578,1.201
108.637,1.492
108.696,1.347
108.755,1.056
108.814,0.62
108.873,0.039
108.932,-0.01
108.992,-0.494
109.051,-0.543
109.11,-1.124
109.169,-1.318
109.228,-1.027
109.287,-0.93
109.347,-0.93
109.406,-1.512
109.465,-1.512
109.524,-1.366
109.583,-2.674
109.642,-3.207
109.701,-3.11
109.761,-2.093
109.82,-1.318
109.879,-1.754
109.938,-1.221
109.997,-2.045
110.056,-3.353
110.116,-2.965
110.175,-3.11
110.234,-1.996
110.293,-1.463
110.352,-1.948
110.411,-0.737
110.471,-1.124
110.53,-0.543
110.589,-0.107
110.648,-0.882
110.707,0.475
110.766,0.039
110.825,-0.155
110.885,0.426
110.944,-0.252
111.003,1.153
111.062,0.862
111.121,0.814
111.18,1.444
111.24,0.765
111.299,1.686
111.358,1.783
111.417,1.637
111.476,2.316
111.535,1.831
111.594,2.461
111.654,2.655
111.713,1.928
111.772,2.267
111.831,1.589
111.89,2.122
111.949,2.994
112.009,2.849
112.068,3.43
112.127,2.994
112.186,3.285
112.245,3.769
112.304,3.285
112.363,3.672
112.423,2.849
112.482,2.994
112.541,3.575
112.6,3.042
112.659,3.188
112.718,3.091
112.778,3.188
112.837,3.478
112.896,2.945
112.955,2.945
113.014,2.509
113.073,2.606
113.133,2.703
113.192,2.606
113.251,2.606
113.31,2.752
113.369,3.091
113.428,3.333
113.487,3.188
113.547,3.381
113.606,3.527
113.665,3.672
113.724,3.866
113.783,3.721
113.842,3.478
113.902,3.672
113.961,4.06
114.02,4.108
114.079,3.914
114.138,3.575
114.197,3.818
114.256,4.254
114.316,4.35
114.375,4.205
114.434,3.672
114.493,3.236
114.552,3.672
114.611,3.769
114.671,3.769
114.73,4.108
114.789,3.575
114.848,4.205
114.907,4.205
114.966,3.672
115.026,3.866
115.085,3.285
115.144,4.06
115.203,4.205
115.262,3.914
115.321,4.641
115.38,4.447
115.44,5.416
115.499,5.126
115.558,4.302
115.617,4.254
115.676,3.042
115.735,2.703
115.795,2.509
115.854,1.395
115.913,1.589
115.972,0.717
116.031,0.911
116.09,1.831
116.149,0.378
116.209,0.62
116.268,0.087
116.327,-0.107
116.386,0.717
116.445,-0.397
116.504,-0.349
116.564,-0.785
116.623,-1.124
116.682,-0.737
116.741,-2.045
116.8,-2.19
116.859,-2.529
116.918,-3.353
116.978,-3.207
117.037,-4.903
117.096,-5.339
117.155,-4.903
117.214,-4.854
117.273,-4.322
117.333,-4.806
117.392,-4.564
117.451,-4.079
117.51,-3.934
117.569,-3.692
117.628,-3.837
117.688,-3.885
117.747,-3.74
117.806,-3.837
117.865,-3.837
117.924,-4.37
117.983,-4.806
118.042,-4.806
118.102,-4.612
118.161,-4.661
118.22,-5.339
118.279,-5.29
118.338,-5.387
118.397,-5
118.457,-4.951
118.516,-5.048
118.575,-4.854
118.634,-4.709
118.693,-4.031
118.752,-3.353
118.811,-3.595
118.871,-2.868
118.93,-3.304
118.989,-2.965
119.048,-2.238
119.107,-3.062
119.166,-2.577
119.226,-3.207
119.285,-3.062
119.344,-2.481
119.403,-3.643
119.462,-2.917
119.521,-3.159
119.58,-3.159
119.64,-2.529
119.699,-3.45
119.758,-2.384
119.817,-2.384
119.876,-2.384
119.935,-1.463
119.995,-2.287
120.054,-1.657
120.113,-1.463
120.172,-1.948
120.231,-1.076
120.29,-1.996
120.35,-1.948
120.409,-1.512
120.468,-1.996
120.527,-1.076
120.586,-1.996
120.645,-2.141
120.704,-1.415
120.764,-1.609
120.823,-0.349
120.882,-0.688
120.941,-0.93
121,-0.155
121.059,-0.833
121.119,-0.64

Machine Name,P29201A
Point Name,29VT-2005X
Wf Amp,11.385
Number of Revs,105.599998474121
X-Axis Unit,ms
Y-Axis Unit,µm 
Sample Speed, 3960 rpm
Sample Status,Valid
Timestamp,8/27/2023 11:37:11 AM
Variable,Disp Wf(500Hz)
X-Axis Value,Y-Axis Value
0,-3.815
0.781,-4.59
1.563,-4.057
2.344,-3.282
3.125,-2.313
3.906,-1.199
4.688,-1.295
5.469,-0.23
6.25,0.982
7.031,-1.102
7.813,-2.846
8.594,-1.15
9.375,1.563
10.156,3.307
10.938,3.355
11.719,3.84
12.5,4.567
13.281,4.227
14.063,1.418
14.844,-2.943
15.625,-4.88
16.406,-4.638
17.188,-3.766
17.969,-2.797
18.75,-1.635
19.531,-0.859
20.313,0.061
21.094,1.854
21.875,1.175
22.656,-1.974
23.438,-1.586
24.219,1.224
25,3.065
25.781,3.404
26.563,3.355
27.344,3.985
28.125,4.47
28.906,3.113
29.688,-1.199
30.469,-4.105
31.25,-4.541
32.031,-3.621
32.813,-2.361
33.594,-1.683
34.375,-1.247
35.156,-1.102
35.938,0.594
36.719,1.418
37.5,-1.344
38.281,-2.604
39.063,-0.278
39.844,2.144
40.625,3.016
41.406,2.823
42.188,3.355
42.969,3.743
43.75,3.259
44.531,0.206
45.313,-3.572
46.094,-4.638
46.875,-3.815
47.656,-2.507
48.438,-1.828
49.219,-1.344
50,-1.731
50.781,-1.102
51.563,0.691
52.344,-0.811
53.125,-3.04
53.906,-1.683
54.688,1.466
55.469,3.84
56.25,4.227
57.031,4.857
57.813,5.439
58.594,5.003
59.375,2.435
60.156,-2.167
60.938,-4.735
61.719,-5.268
62.5,-4.348
63.281,-3.33
64.063,-2.313
64.844,-1.538
65.625,-0.859
66.406,1.466
67.188,1.757
67.969,-1.199
68.75,-1.586
69.531,0.691
70.313,2.58
71.094,3.162
71.875,2.919
72.656,3.404
73.438,3.888
74.219,3.113
75,-0.423
75.781,-3.766
76.563,-4.493
77.344,-3.669
78.125,-2.507
78.906,-1.828
79.688,-1.392
80.469,-1.392
81.25,0.303
82.031,1.708
82.813,-0.569
83.594,-2.119
84.375,-0.23
85.156,2.29
85.938,3.549
86.719,3.355
87.5,3.695
88.281,4.324
89.063,4.082
89.844,1.514
90.625,-2.41
91.406,-4.251
92.188,-4.008
92.969,-3.04
93.75,-2.41
94.531,-1.538
95.313,-1.489
96.094,-0.956
96.875,1.369
97.656,0.642
98.438,-2.022
99.219,-1.102
100,1.514
100.781,3.355
101.563,3.598
102.344,3.501
103.125,4.034
103.906,4.131
104.688,2.483
105.469,-1.683
106.25,-4.687
107.031,-4.832
107.813,-3.621
108.594,-2.458
109.375,-1.586
110.156,-0.956
110.938,-0.811
111.719,0.982
112.5,1.757
113.281,-1.392
114.063,-2.361
114.844,0.061
115.625,2.435
116.406,3.549
117.188,3.549
117.969,4.082
118.75,4.615
119.531,4.082
120.313,0.594
121.094,-3.476
121.875,-4.784
122.656,-4.396
123.438,-3.185
124.219,-2.167
125,-1.683
125.781,-1.925
126.563,-0.859
127.344,1.321
128.125,-0.181
128.906,-2.7
129.688,-1.586
130.469,1.127
131.25,2.871
132.031,2.871
132.813,3.21
133.594,3.791
134.375,3.743
135.156,1.854
135.938,-2.167
136.719,-4.444
137.5,-4.638
138.281,-3.96
139.063,-3.088
139.844,-1.974
140.625,-1.586
141.406,-1.295
142.188,1.078
142.969,1.224
143.75,-1.344
144.531,-1.392
145.313,0.691
146.094,2.919
146.875,3.549
147.656,3.646
148.438,3.937
149.219,4.227
150,3.113
150.781,-0.811
151.563,-3.96
152.344,-4.88
153.125,-4.396
153.906,-3.282
154.688,-2.41
155.469,-1.392
156.25,-1.15
157.031,0.109
157.813,1.611
158.594,-0.52
159.375,-1.877
160.156,0.206
160.938,2.435
161.719,3.598
162.5,3.646
163.281,4.082
164.063,4.227
164.844,3.695
165.625,0.739
166.406,-3.379
167.188,-5.026
167.969,-4.638
168.75,-3.621
169.531,-2.7
170.313,-1.828
171.094,-1.635
171.875,-0.811
172.656,1.175
173.438,0.013
174.219,-2.604
175,-1.683
175.781,0.933
176.563,2.726
177.344,2.919
178.125,3.21
178.906,3.888
179.688,4.082
180.469,2.241
181.25,-2.071
182.031,-4.541
182.813,-4.929
183.594,-3.912
184.375,-2.797
185.156,-2.167
185.938,-1.586
186.719,-1.392
187.5,0.449
188.281,1.224
189.063,-1.635
189.844,-2.167
190.625,0.061
191.406,2.241
192.188,3.162
192.969,2.968
193.75,3.355
194.531,3.791
195.313,3.355
196.094,0.013
196.875,-3.766
197.656,-4.977
198.438,-4.348
199.219,-3.282
200,-2.167
200.781,-1.344
201.563,-1.295
202.344,0.013
203.125,1.563
203.906,-0.278
204.688,-2.507
205.469,-1.247
206.25,1.078
207.031,2.629
207.813,3.016
208.594,3.452
209.375,4.131
210.156,4.131
210.938,1.563
211.719,-2.361
212.5,-4.396
213.281,-4.444
214.063,-3.282
214.844,-2.555
215.625,-1.925
216.406,-1.344
217.188,-0.666
217.969,1.321
218.75,1.321
219.531,-1.247
220.313,-1.102
221.094,1.418
221.875,3.259
222.656,3.452
223.438,3.355
224.219,3.937
225,4.131
225.781,2.677
226.563,-1.247
227.344,-4.444
228.125,-5.074
228.906,-4.202
229.688,-3.088
230.469,-2.071
231.25,-1.247
232.031,-0.956
232.813,0.642
233.594,1.708
234.375,-0.811
235.156,-2.313
235.938,-0.278
236.719,1.951
237.5,3.113
238.281,3.113
239.063,3.646
239.844,4.47
240.625,4.276
241.406,1.224
242.188,-2.604
242.969,-3.912
243.75,-3.621
244.531,-2.7
245.313,-1.974
246.094,-1.344
246.875,-1.199
247.656,-0.375
248.438,1.563
249.219,0.546
250,-2.264
250.781,-1.053
251.563,1.757
252.344,3.646
253.125,3.598
253.906,3.549
254.688,4.47
255.469,4.857
256.25,3.016
257.031,-1.538
257.813,-4.008
258.594,-4.154
259.375,-3.524
260.156,-2.555
260.938,-1.828
261.719,-1.295
262.5,-0.956
263.281,0.982
264.063,1.514
264.844,-1.344
265.625,-1.78
266.406,0.691
267.188,2.871
267.969,3.695
268.75,3.113
269.531,3.549
270.313,4.131
271.094,3.21
271.875,-0.327
272.656,-3.912
273.438,-4.541
274.219,-3.766
275,-2.797
275.781,-2.119
276.563,-1.489
277.344,-1.247
278.125,-0.278
278.906,1.078
279.688,-0.763
280.469,-2.652
281.25,-0.859
282.031,1.708
282.813,3.646
283.594,3.84
284.375,4.131
285.156,4.615
285.938,4.324
286.719,1.611
287.5,-3.136
288.281,-5.22
289.063,-5.123
289.844,-3.718
290.625,-2.507
291.406,-1.828
292.188,-1.489
292.969,-0.956
293.75,1.175
294.531,0.642
295.313,-2.216
296.094,-1.877
296.875,0.788
297.656,3.113
298.438,3.791
299.219,3.888
300,4.518
300.781,4.76
301.563,3.113
302.344,-1.053
303.125,-4.299
303.906,-5.026
304.688,-4.202
305.469,-3.04
306.25,-2.119
307.031,-1.586
307.813,-1.635
308.594,0.158
309.375,1.466
310.156,-0.859
310.938,-1.974
311.719,0.206
312.5,2.726
313.281,3.985
314.063,3.695
314.844,3.84
315.625,4.131
316.406,3.452
317.188,0.255
317.969,-3.379
318.75,-4.541
319.531,-3.912
320.313,-2.41
321.094,-1.295
321.875,-0.52
322.656,-0.472
323.438,0.109
324.219,1.854
325,0.4
325.781,-2.119
326.563,-1.005
327.344,1.563
328.125,3.549
328.906,3.791
329.688,4.034
330.469,5.003
331.25,4.712
332.031,2.435
332.813,-1.683
333.594,-4.008
334.375,-4.008
335.156,-3.282
335.938,-2.507
336.719,-1.78
337.5,-1.005
338.281,-0.278
339.063,1.563
339.844,1.66
340.625,-1.15
341.406,-1.635
342.188,0.546
342.969,2.58
343.75,3.113
344.531,3.113
345.313,3.84
346.094,4.276
346.875,3.355
347.656,-0.423
348.438,-4.008
349.219,-4.88
350,-4.008
350.781,-2.846
351.563,-1.974
352.344,-1.102
353.125,-0.908
353.906,0.497
354.688,2.096
355.469,0.109
356.25,-1.392
357.031,0.255
357.813,2.532
358.594,3.791
359.375,3.791
360.156,4.227
360.938,4.809
361.719,4.518
362.5,1.514
363.281,-2.894
364.063,-4.638
364.844,-4.299
365.625,-3.04
366.406,-2.313
367.188,-1.586
367.969,-0.763
368.75,-0.084
369.531,2.047
370.313,1.078
371.094,-2.216
371.875,-1.489
372.656,1.127
373.438,3.113
374.219,3.598
375,3.646
375.781,4.324
376.563,4.664
377.344,2.919
378.125,-1.489
378.906,-4.541
379.688,-4.88
380.469,-3.912
381.25,-2.749
382.031,-1.78
382.813,-0.908
383.594,-0.472
384.375,1.175
385.156,2.144
385.938,-0.423
386.719,-1.731
387.5,0.642
388.281,3.016
389.063,3.598
389.844,3.162
390.625,3.549
391.406,4.276
392.188,3.695
392.969,0.352
393.75,-3.233
394.531,-4.396
395.313,-3.669
396.094,-2.361
396.875,-1.683
397.656,-1.15
398.438,-1.102
399.219,-0.423
400,1.369
400.781,-0.133
401.563,-2.749
402.344,-1.344
403.125,1.466
403.906,3.404
404.688,3.743
405.469,4.082
406.25,4.615
407.031,4.373
407.813,2.29
408.594,-1.877
409.375,-4.444
410.156,-4.59
410.938,-3.669
411.719,-2.507
412.5,-1.586
413.281,-1.586
414.063,-1.295
414.844,1.175
415.625,1.418
416.406,-1.635
417.188,-1.683
417.969,0.594
418.75,2.871
419.531,3.743
420.313,3.598
421.094,4.324
421.875,4.567
422.656,3.21
423.438,-0.617
424.219,-4.154
425,-4.832
425.781,-3.96
426.563,-2.797
427.344,-1.344
428.125,-0.52
428.906,-0.714
429.688,0.449
430.469,1.805
431.25,-0.327
432.031,-1.828
432.813,-0.036
433.594,2.144
434.375,3.549
435.156,3.452
435.938,3.84
436.719,4.227
437.5,3.646
438.281,0.739
439.063,-3.185
439.844,-4.784
440.625,-4.59
441.406,-3.282
442.188,-2.264
442.969,-1.489
443.75,-1.15
444.531,-0.763
445.313,1.175
446.094,0.449
446.875,-2.313
447.656,-1.199
448.438,1.466
449.219,3.21
450,3.501
450.781,3.598
451.563,4.131
452.344,4.276
453.125,2.386
453.906,-1.828
454.688,-4.105
455.469,-4.493
456.25,-3.912
457.031,-2.797
457.813,-1.877
458.594,-1.344
459.375,-1.489
460.156,-0.084
460.938,0.449
461.719,-2.216
462.5,-2.652
463.281,-0.133
464.063,2.338
464.844,3.404
465.625,3.598
466.406,4.179
467.188,4.324
467.969,3.452
468.75,-0.327
469.531,-4.105
470.313,-5.123
471.094,-4.541
471.875,-3.185
472.656,-2.313
473.438,-1.392
474.219,-0.908
475,0.255
475.781,1.951
476.563,0.158
477.344,-2.022
478.125,-0.375
478.906,1.902
479.688,3.259
480.469,3.259
481.25,3.549
482.031,4.421
482.813,4.324
483.594,1.854
484.375,-2.264
485.156,-4.251
485.938,-4.251
486.719,-3.379
487.5,-2.507
488.281,-1.828
489.063,-1.392
489.844,-0.617
490.625,1.708
491.406,1.902
492.188,-0.859
492.969,-0.859
493.75,1.418
494.531,3.307
495.313,3.501
496.094,3.016
496.875,3.743
497.656,4.082
498.438,2.774
499.219,-1.102
500,-4.202
500.781,-4.638
501.563,-3.96
502.344,-3.088
503.125,-2.313
503.906,-1.344
504.688,-0.908
505.469,0.885
506.25,1.999
507.031,-0.666
507.813,-2.167
508.594,-0.133
509.375,2.483
510.156,3.888
510.938,3.84
511.719,4.615
512.5,5.245
513.281,4.373
514.063,0.739
514.844,-3.766
515.625,-5.123
516.406,-4.493
517.188,-3.282
517.969,-2.313
518.75,-1.538
519.531,-0.956
520.313,0.061
521.094,1.805
521.875,0.206
522.656,-2.846
523.438,-1.635
524.219,1.03
525,2.919
525.781,3.065
526.563,3.259
527.344,4.373
528.125,4.567
528.906,2.726
529.688,-1.828
530.469,-4.541
531.25,-4.59
532.031,-3.718
532.813,-2.943
533.594,-2.361
534.375,-1.78
535.156,-1.538
535.938,0.497
536.719,1.369
537.5,-1.344
538.281,-1.683
539.063,0.885
539.844,3.113
540.625,3.888
541.406,3.598
542.188,3.985
542.969,4.373
543.75,3.501
544.531,-0.375
545.313,-4.057
546.094,-4.929
546.875,-4.008
547.656,-2.846
548.438,-2.216
549.219,-1.538
550,-1.344
550.781,0.352
551.563,1.757
552.344,-0.375
553.125,-2.216
553.906,-0.714
554.688,1.854
555.469,3.355
556.25,3.307
557.031,3.598
557.813,4.276
558.594,4.373
559.375,1.757
560.156,-2.604
560.938,-4.59
561.719,-4.687
562.5,-3.621
563.281,-2.555
564.063,-1.925
564.844,-1.538
565.625,-0.859
566.406,1.369
567.188,1.078
567.969,-1.828
568.75,-1.538
569.531,1.224
570.313,3.598
571.094,4.034
571.875,3.695
572.656,4.082
573.438,3.888
574.219,2.29
575,-1.877
575.781,-4.929
576.563,-5.123
577.344,-4.154
578.125,-2.652
578.906,-1.538
579.688,-1.15
580.469,-1.247
581.25,0.449
582.031,1.611
582.813,-0.956
583.594,-2.313
584.375,-0.133
585.156,2.386
585.938,3.404
586.719,3.307
587.5,3.791
588.281,4.131
589.063,3.743
589.844,0.691
590.625,-3.136
591.406,-4.444
592.188,-4.251
592.969,-3.088
593.75,-2.507
594.531,-1.877
595.313,-2.071
596.094,-1.586
596.875,0.594
597.656,-0.714
598.438,-2.797
599.219,-1.053
600,1.708
600.781,3.84
601.563,4.179
602.344,4.131
603.125,4.518
603.906,4.276
604.688,1.805
605.469,-2.652
606.25,-5.074
607.031,-4.832
607.813,-3.476
608.594,-2.361
609.375,-1.538
610.156,-0.859
610.938,-0.472
611.719,1.272
612.5,1.224
613.281,-1.925
614.063,-2.119
614.844,0.303
615.625,2.629
616.406,3.743
617.188,3.743
617.969,4.324
618.75,4.567
619.531,3.404
620.313,-0.327
621.094,-3.96
621.875,-5.026
622.656,-4.444
623.438,-2.991
624.219,-2.167
625,-1.344
625.781,-1.102
626.563,0.158
627.344,2.144
628.125,-0.084
628.906,-2.264
629.688,-0.472
630.469,1.757
631.25,3.065
632.031,3.162
632.813,3.404
633.594,3.743
634.375,3.452
635.156,0.836
635.938,-2.943
636.719,-4.541
637.5,-4.202
638.281,-3.088
639.063,-2.119
639.844,-1.344
640.625,-1.199
641.406,-1.005
642.188,0.739
642.969,0.255
643.75,-2.313
644.531,-1.295
645.313,1.272
646.094,3.21
646.875,3.743
647.656,3.743
648.438,4.373
649.219,4.324
650,2.241
650.781,-2.264
651.563,-4.929
652.344,-4.977
653.125,-4.057
653.906,-2.749
654.688,-1.392
655.469,-0.278
656.25,-0.036
657.031,1.224
657.813,1.854
658.594,-1.005
659.375,-1.974
660.156,0.303
660.938,2.096
661.719,2.871
662.5,3.259
663.281,4.131
664.063,4.421
664.844,3.355
665.625,0.061
666.406,-3.379
667.188,-4.444
667.969,-4.057
668.75,-3.185
669.531,-2.41
670.313,-1.344
671.094,-0.956
671.875,-0.181
672.656,1.175
673.438,-0.666
674.219,-2.555
675,-0.569
675.781,1.951
676.563,3.21
677.344,3.065
678.125,3.404
678.906,4.082
679.688,3.985
680.469,1.611
681.25,-2.555
682.031,-4.396
682.813,-4.154
683.594,-3.185
684.375,-2.458
685.156,-1.828
685.938,-1.15
686.719,-0.714
687.5,0.982
688.281,1.078
689.063,-1.731
689.844,-1.489
690.625,1.369
691.406,3.598
692.188,3.985
692.969,3.695
693.75,4.227
694.531,4.227
695.313,2.338
696.094,-1.828
696.875,-5.171
697.656,-5.946
698.438,-4.687
699.219,-3.185
700,-2.022
700.781,-0.763
701.563,-0.472
702.344,0.788
703.125,1.854
703.906,-1.005
704.688,-2.797
705.469,-0.956
706.25,1.321
707.031,2.677
707.813,3.016
708.594,3.888
709.375,4.47
710.156,4.276
710.938,1.563
711.719,-2.264
712.5,-3.96
713.281,-3.815
714.063,-2.797
714.844,-2.119
715.625,-1.102
716.406,-0.811
717.188,-0.181
717.969,1.854
718.75,1.127
719.531,-1.15
720.313,-0.133
721.094,2.047
721.875,3.598
722.656,3.937
723.438,4.034
724.219,4.615
725,4.809
725.781,2.823
726.563,-1.683
727.344,-4.444
728.125,-4.88
728.906,-4.008
729.688,-2.797
730.469,-1.489
731.25,-0.763
732.031,-0.375
732.813,1.418
733.594,1.854
734.375,-0.811
735.156,-1.731
735.938,0.546
736.719,2.919
737.5,3.888
738.281,3.937
739.063,4.373
739.844,4.567
740.625,3.549
741.406,-0.133
742.188,-3.572
742.969,-4.493
743.75,-3.96
744.531,-2.943
745.313,-2.216
746.094,-1.489
746.875,-1.247
747.656,-0.375
748.438,1.078
749.219,-0.569
750,-2.507
750.781,-0.52
751.563,1.951
752.344,3.501
753.125,3.598
753.906,3.695
754.688,4.276
755.469,3.985
756.25,1.466
757.031,-2.797
757.813,-4.735
758.594,-4.251
759.375,-3.33
760.156,-2.41
760.938,-1.295
761.719,-1.199
762.5,-0.666
763.281,1.418
764.063,1.127
764.844,-1.828
765.625,-1.731
766.406,0.885
767.188,2.629
767.969,2.871
768.75,3.21
769.531,4.082
770.313,4.421
771.094,3.307
771.875,-0.666
772.656,-3.718
773.438,-4.541
774.219,-3.96
775,-2.797
775.781,-1.877
776.563,-0.956
777.344,-0.569
778.125,1.224
778.906,2.338
779.688,-0.133
780.469,-1.489
781.25,0.303
782.031,2.58
782.813,3.743
783.594,3.695
784.375,4.47
785.156,5.003
785.938,4.276
786.719,1.03
787.5,-2.894
788.281,-4.202
789.063,-4.057
789.844,-3.185
790.625,-2.458
791.406,-1.635
792.188,-1.199
792.969,-0.278
793.75,1.514
794.531,0.206
795.313,-2.41
796.094,-1.247
796.875,1.563
797.656,3.162
798.438,3.016
799.219,3.065
800,3.791
800.781,4.034
801.563,2.386
802.344,-1.828
803.125,-3.96
803.906,-3.621
804.688,-2.507
805.469,-1.538
806.25,-1.199
807.031,-0.956
807.813,-0.666
808.594,1.03
809.375,1.175
810.156,-1.828
810.938,-2.167
811.719,0.303
812.5,2.629
813.281,3.549
814.063,3.452
814.844,4.131
815.625,4.518
816.406,3.598
817.188,-0.23
817.969,-4.154
818.75,-4.977
819.531,-4.348
820.313,-3.136
821.094,-2.216
821.875,-1.344
822.656,-1.102
823.438,0.158
824.219,1.902
825,0.013
825.781,-1.828
826.563,-0.084
827.344,2.096
828.125,3.452
828.906,3.501
829.688,3.646
830.469,4.179
831.25,4.082
832.031,1.418
832.813,-2.652
833.594,-4.348
834.375,-4.154
835.156,-3.136
835.938,-2.313
836.719,-1.731
837.5,-1.489
838.281,-0.859
839.063,1.514
839.844,1.321
840.625,-1.344
841.406,-0.714
842.188,1.805
842.969,3.598
843.75,3.695
844.531,3.549
845.313,4.227
846.094,4.47
846.875,2.774
847.656,-1.392
848.438,-4.396
849.219,-4.832
850,-3.669
850.781,-2.264
851.563,-1.247
852.344,-0.472
853.125,-0.569
853.906,1.03
854.688,1.902
855.469,-1.102
856.25,-2.216
857.031,-0.084
857.813,2.29
858.594,3.501
859.375,3.501
860.156,4.034
860.938,4.615
861.719,4.131
862.5,0.788
863.281,-3.04
864.063,-4.444
864.844,-4.105
865.625,-2.7
866.406,-1.683
867.188,-0.908
867.969,-0.811
868.75,0.255
869.531,2.532
870.313,1.03
871.094,-1.489
871.875,-0.375
872.656,1.999
873.438,3.84
874.219,4.034
875,4.131
875.781,4.324
876.563,4.034
877.344,1.757
878.125,-2.361
878.906,-4.541
879.688,-4.444
880.469,-3.088
881.25,-1.925
882.031,-0.859
882.813,-0.375
883.594,-0.423
884.375,1.272
885.156,1.127
885.938,-1.78
886.719,-1.683
887.5,0.982
888.281,3.016
889.063,3.598
889.844,3.695
890.625,4.034
891.406,4.179
892.188,2.823
892.969,-0.956
893.75,-4.105
894.531,-4.929
895.313,-4.008
896.094,-2.991
896.875,-2.071
897.656,-1.102
898.438,-1.199
899.219,0.255
900,1.66
900.781,-0.714
901.563,-2.216
902.344,-0.181
903.125,2.435
903.906,3.452
904.688,3.162
905.469,3.598
906.25,4.324
907.031,4.082
907.813,1.03
908.594,-3.136
909.375,-4.687
910.156,-4.251
910.938,-3.185
911.719,-2.167
912.5,-1.295
913.281,-1.053
914.063,-0.278
914.844,1.999
915.625,1.078
916.406,-2.071
917.188,-1.15
917.969,1.66
918.75,3.598
919.531,3.549
920.313,3.598
921.094,4.615
921.875,4.712
922.656,2.871
923.438,-1.586
924.219,-4.541
925,-4.687
925.781,-3.766
926.563,-2.652
927.344,-1.489
928.125,-0.763
928.906,-0.375
929.688,1.418
930.469,2.144
931.25,-0.714
932.031,-1.586
932.813,0.788
933.594,3.113
934.375,3.791
935.156,3.501
935.938,3.985
936.719,4.567
937.5,4.131
938.281,0.352
939.063,-3.815
939.844,-4.638
940.625,-3.815
941.406,-2.797
942.188,-2.264
942.969,-1.683
943.75,-1.683
944.531,-0.278
945.313,2.096
946.094,0.642
946.875,-1.731
947.656,-0.327
948.438,2.338
949.219,3.84
950,3.695
950.781,3.743
951.563,3.985
952.344,4.131
953.125,1.854
953.906,-2.652
954.688,-4.832
955.469,-4.638
956.25,-3.379
957.031,-2.216
957.813,-1.295
958.594,-1.102
959.375,-0.617
960.156,1.514
960.938,1.418
961.719,-1.344
962.5,-1.247
963.281,1.078
964.063,3.259
964.844,4.034
965.625,3.743
966.406,4.131
967.188,4.276
967.969,3.016
968.75,-0.714
969.531,-3.96
970.313,-4.832
971.094,-3.96
971.875,-2.652
972.656,-1.828
973.438,-1.199
974.219,-1.247
975,0.109
975.781,1.418
976.563,-1.005
977.344,-2.507
978.125,-0.181
978.906,2.338
979.688,3.743
980.469,3.791
981.25,4.131
982.031,4.518
982.813,3.888
983.594,0.739
984.375,-3.185
985.156,-4.832
985.938,-4.735
986.719,-3.621
987.5,-2.604
988.281,-1.538
989.063,-1.199
989.844,-0.569
990.625,1.418
991.406,0.497
992.188,-1.925
992.969,-0.859
993.75,1.369
994.531,2.677
995.313,2.968
996.094,3.355
996.875,3.937
997.656,4.227
998.438,2.58
999.219,-1.538
1000,-3.863
1000.781,-3.96
1001.563,-3.33
1002.344,-2.555
1003.125,-1.489
1003.906,-0.859
1004.688,-0.763
1005.469,0.885
1006.25,1.418
1007.031,-1.247
1007.813,-1.731
1008.594,0.546
1009.375,2.629
1010.156,3.598
1010.938,3.355
1011.719,3.937
1012.5,4.373
1013.281,3.452
1014.063,-0.181
1014.844,-3.476
1015.625,-4.154
1016.406,-3.912
1017.188,-2.991
1017.969,-2.119
1018.75,-1.247
1019.531,-1.199
1020.313,-0.278
1021.094,1.321
1021.875,-0.423
1022.656,-2.264
1023.438,-0.423
1024.219,2.241
1025,3.985
1025.781,3.888
1026.563,4.034
1027.344,4.421
1028.125,4.034
1028.906,1.514
1029.688,-2.797
1030.469,-4.784
1031.25,-4.784
1032.031,-3.718
1032.813,-2.604
1033.594,-1.683
1034.375,-1.295
1035.156,-0.52
1035.938,1.66
1036.719,1.224
1037.5,-1.489
1038.281,-1.295
1039.063,0.836
1039.844,2.726
1040.625,3.162
1041.406,3.162
1042.188,3.985
1042.969,4.227
1043.75,2.58
1044.531,-1.392
1045.313,-4.348
1046.094,-4.638
1046.875,-3.766
1047.656,-2.749
1048.438,-1.828
1049.219,-1.102
1050,-0.956
1050.781,0.739
1051.563,1.708
1052.344,-0.908
1053.125,-1.925
1053.906,0.158
1054.688,2.29
1055.469,3.355
1056.25,3.065
1057.031,3.549
1057.813,4.227
1058.594,3.598
1059.375,0.255
1060.156,-3.669
1060.938,-4.929
1061.719,-4.59
1062.5,-3.572
1063.281,-2.749
1064.063,-1.78
1064.844,-1.247
1065.625,-0.278
1066.406,1.611
1067.188,0.109
1067.969,-2.313
1068.75,-1.15
1069.531,1.224
1070.313,2.726
1071.094,2.823
1071.875,3.113
1072.656,3.985
1073.438,4.47
1074.219,2.435
1075,-1.974
1075.781,-4.154
1076.563,-4.105
1077.344,-3.379
1078.125,-2.458
1078.906,-1.635
1079.688,-1.295
1080.469,-1.102
1081.25,0.788
1082.031,0.836
1082.813,-2.216
1083.594,-2.167
1084.375,0.594
1085.156,2.629
1085.938,3.452
1086.719,3.695
1087.5,4.47
1088.281,4.76
1089.063,3.501
1089.844,-0.472
1090.625,-4.105
1091.406,-4.687
1092.188,-3.96
1092.969,-2.943
1093.75,-2.167
1094.531,-1.489
1095.313,-1.199
1096.094,0.303
1096.875,1.854
1097.656,-0.084
1098.438,-1.635
1099.219,0.352
1100,3.065
1100.781,4.47
1101.563,4.131
1102.344,4.131
1103.125,4.421
1103.906,4.034
1104.688,1.078
1105.469,-3.233
1106.25,-4.929
1107.031,-4.444
1107.813,-3.282
1108.594,-2.119
1109.375,-1.199
1110.156,-1.005
1110.938,-0.23
1111.719,1.951
1112.5,1.321
1113.281,-1.489
1114.063,-1.005
1114.844,1.514
1115.625,3.646
1116.406,3.84
1117.188,3.646
1117.969,4.615
1118.75,4.76
1119.531,2.726
1120.313,-1.005
1121.094,-3.815
1121.875,-4.396
1122.656,-3.524
1123.438,-2.604
1124.219,-1.683
1125,-1.295
1125.781,-1.15
1126.563,0.691
1127.344,1.611
1128.125,-0.811
1128.906,-1.828
1129.688,0.303
1130.469,2.629
1131.25,3.598
1132.031,3.84
1132.813,4.373
1133.594,4.615
1134.375,3.888
1135.156,0.158
1135.938,-3.524
1136.719,-4.541
1137.5,-4.057
1138.281,-2.7
1139.063,-1.731
1139.844,-0.763
1140.625,-0.666
1141.406,0.255
1142.188,2.144
1142.969,0.303
1143.75,-2.022
1144.531,-0.666
1145.313,1.951
1146.094,3.791
1146.875,3.695
1147.656,4.131
1148.438,4.664
1149.219,4.567
1150,2.241
1150.781,-2.167
1151.563,-4.444
1152.344,-4.88
1153.125,-3.815
1153.906,-2.652
1154.688,-1.974
1155.469,-1.489
1156.25,-0.908
1157.031,1.369
1157.813,1.321
1158.594,-1.635
1159.375,-1.489
1160.156,1.03
1160.938,3.404
1161.719,4.082
1162.5,3.937
1163.281,4.179
1164.063,4.276
1164.844,2.968
1165.625,-0.666
1166.406,-3.766
1167.188,-4.59
1167.969,-3.863
1168.75,-2.604
1169.531,-1.586
1170.313,-1.005
1171.094,-1.392
1171.875,-0.036
1172.656,1.369
1173.438,-0.956
1174.219,-2.071
1175,0.109
1175.781,2.532
1176.563,4.131
1177.344,3.888
1178.125,3.888
1178.906,4.276
1179.688,3.501
1180.469,0.449
1181.25,-3.476
1182.031,-5.074
1182.813,-4.687
1183.594,-3.427
1184.375,-2.119
1185.156,-0.811
1185.938,-0.617
1186.719,-0.375
1187.5,1.321
1188.281,0.449
1189.063,-2.022
1189.844,-1.053
1190.625,1.127
1191.406,2.677
1192.188,3.162
1192.969,3.695
1193.75,4.131
1194.531,4.082
1195.313,2.241
1196.094,-1.731
1196.875,-4.105
1197.656,-4.493
1198.438,-3.669
1199.219,-2.7
1200,-1.828
1200.781,-1.295
1201.563,-1.053
1202.344,0.642
1203.125,0.933
1203.906,-1.683
1204.688,-1.974
1205.469,0.4
1206.25,2.483
1207.031,3.21
1207.813,3.355
1208.594,4.421
1209.375,4.906
1210.156,3.937
1210.938,0.061
1211.719,-3.815
1212.5,-4.832
1213.281,-4.299
1214.063,-3.33
1214.844,-2.313
1215.625,-1.344
1216.406,-1.392
1217.188,-0.327
1217.969,1.321
1218.75,-0.52
1219.531,-2.264
1220.313,-0.52
1221.094,2.096
1221.875,3.791
1222.656,3.501
1223.438,3.501
1224.219,3.937
1225,3.598
1225.781,1.03
1226.563,-2.943
1227.344,-4.638
1228.125,-4.251
1228.906,-2.991
1229.688,-2.167
1230.469,-1.392
1231.25,-1.053
1232.031,-0.423
1232.813,1.66
1233.594,1.078
1234.375,-1.731
1235.156,-1.199
1235.938,1.078
1236.719,2.871
1237.5,3.162
1238.281,3.162
1239.063,4.179
1239.844,4.615
1240.625,3.113
1241.406,-1.053
1242.188,-3.96
1242.969,-4.59
1243.75,-3.912
1244.531,-2.797
1245.313,-2.264
1246.094,-1.586
1246.875,-1.344
1247.656,0.013
1248.438,1.03
1249.219,-1.78
1250,-2.797
1250.781,-0.327
1251.563,2.144
1252.344,3.84
1253.125,4.034
1253.906,4.664
1254.688,5.099
1255.469,4.131
1256.25,0.4
1257.031,-3.815
1257.813,-5.365
1258.594,-4.977
1259.375,-3.863
1260.156,-3.136
1260.938,-2.071
1261.719,-1.392
1262.5,-0.181
1263.281,1.902
1264.063,0.4
1264.844,-2.167
1265.625,-0.956
1266.406,1.272
1267.188,2.629
1267.969,2.726
1268.75,2.871
1269.531,3.404
1270.313,3.501
1271.094,1.418
1271.875,-2.7
1272.656,-4.687
1273.438,-4.541
1274.219,-3.379
1275,-2.555
1275.781,-1.877
1276.563,-1.538
1277.344,-1.344
1278.125,0.642
1278.906,0.933
1279.688,-1.974
1280.469,-2.119
1281.25,0.497
1282.031,2.919
1282.813,3.791
1283.594,3.743
1284.375,4.276
1285.156,4.373
1285.938,3.355
1286.719,-0.423
1287.5,-4.057
1288.281,-4.977
1289.063,-4.493
1289.844,-3.427
1290.625,-2.555
1291.406,-1.78
1292.188,-1.586
1292.969,0.109
1293.75,1.854
1294.531,0.013
1295.313,-1.538
1296.094,0.352
1296.875,2.871
1297.656,3.84
1298.438,3.549
1299.219,3.937
1300,4.324
1300.781,3.791
1301.563,0.691
1302.344,-3.476
1303.125,-5.123
1303.906,-4.784
1304.688,-3.33
1305.469,-2.361
1306.25,-1.635
1307.031,-1.344
1307.813,-0.811
1308.594,1.369
1309.375,0.788
1310.156,-1.877
1310.938,-1.15
1311.719,1.418
1312.5,3.259
1313.281,3.501
1314.063,3.259
1314.844,3.695
1315.625,3.549
1316.406,1.66
1317.188,-2.264
1317.969,-4.832
1318.75,-4.88
1319.531,-3.766
1320.313,-2.361
1321.094,-1.199
1321.875,-0.763
1322.656,-0.908
1323.438,0.546
1324.219,0.788
1325,-2.071
1325.781,-2.7
1326.563,-0.569
1327.344,1.902
1328.125,3.162
1328.906,3.162
1329.688,4.179
1330.469,4.567
1331.25,3.549
1332.031,0.4
1332.813,-3.427
1333.594,-4.638
1334.375,-4.057
1335.156,-3.088
1335.938,-1.877
1336.719,-0.956
1337.5,-1.344
1338.281,-0.375
1339.063,1.321
1339.844,-0.617
1340.625,-2.507
1341.406,-0.811
1342.188,1.854
1342.969,3.84
1343.75,4.082
1344.531,4.082
1345.313,4.373
1346.094,4.179
1346.875,1.708
1347.656,-2.507
1348.438,-4.735
1349.219,-4.784
1350,-3.815
1350.781,-2.604
1351.563,-1.247
1352.344,-0.617
1353.125,-0.23
1353.906,1.611
1354.688,1.175
1355.469,-1.78
1356.25,-1.731
1357.031,0.449
1357.813,2.193
1358.594,2.871
1359.375,3.259
1360.156,3.937
1360.938,4.421
1361.719,3.21
1362.5,-0.811
1363.281,-3.912
1364.063,-4.541
1364.844,-3.912
1365.625,-2.894
1366.406,-1.974
1367.188,-1.295
1367.969,-1.199
1368.75,0.4
1369.531,1.514
1370.313,-0.908
1371.094,-2.264
1371.875,-0.084
1372.656,2.435
1373.438,3.452
1374.219,3.259
1375,3.646
1375.781,4.082
1376.563,3.259
1377.344,0.061
1378.125,-3.669
1378.906,-4.977
1379.688,-4.299
1380.469,-3.088
1381.25,-2.216
1382.031,-1.344
1382.813,-1.344
1383.594,-0.666
1384.375,1.369
1385.156,-0.084
1385.938,-2.458
1386.719,-1.102
1387.5,1.611
1388.281,3.501
1389.063,3.695
1389.844,3.646
1390.625,3.937
1391.406,3.937
1392.188,2.096
1392.969,-2.119
1393.75,-4.493
1394.531,-4.638
1395.313,-3.524
1396.094,-2.361
1396.875,-1.586
1397.656,-0.908
1398.438,-0.666
1399.219,1.321
1400,1.805
1400.781,-0.956
1401.563,-1.683
1402.344,0.303
1403.125,2.386
1403.906,2.919
1404.688,2.871
1405.469,3.355
1406.25,3.937
1407.031,3.355
1407.813,-0.472
1408.594,-3.96
1409.375,-4.735
1410.156,-4.154
1410.938,-2.943
1411.719,-1.731
1412.5,-0.714
1413.281,-0.569
1414.063,0.546
1414.844,1.951
1415.625,-0.327
1416.406,-2.507
1417.188,-1.053
1417.969,1.369
1418.75,2.871
1419.531,3.21
1420.313,3.888
1421.094,4.324
1421.875,4.034
1422.656,1.321
1423.438,-2.797
1424.219,-4.977
1425,-4.832
1425.781,-3.524
1426.563,-2.749
1427.344,-2.119
1428.125,-1.974
1428.906,-1.586
1429.688,0.594
1430.469,0.303
1431.25,-2.071
1432.031,-1.489
1432.813,1.078
1433.594,3.21
1434.375,3.695
1435.156,3.84
1435.938,4.034
1436.719,3.937
1437.5,2.483
1438.281,-1.489
1439.063,-4.348
1439.844,-4.977
1440.625,-4.251
1441.406,-3.136
1442.188,-1.974
1442.969,-1.102
1443.75,-1.005
1444.531,0.594
1445.313,1.611
1446.094,-1.053
1446.875,-2.071
1447.656,0.061
1448.438,2.096
1449.219,3.113
1450,3.065
1450.781,3.598
1451.563,3.791
1452.344,3.162
1453.125,-0.181
1453.906,-3.718
1454.688,-4.59
1455.469,-4.251
1456.25,-3.088
1457.031,-2.071
1457.813,-1.247
1458.594,-1.102
1459.375,-0.375
1460.156,1.127
1460.938,-0.133
1461.719,-2.458
1462.5,-1.005
1463.281,1.563
1464.063,2.968
1464.844,3.162
1465.625,3.21
1466.406,3.598
1467.188,3.598
1467.969,1.369
1468.75,-2.797
1469.531,-4.977
1470.313,-4.687
1471.094,-3.282
1471.875,-2.071
1472.656,-1.344
1473.438,-1.199
1474.219,-0.859
1475,0.982
1475.781,1.03
1476.563,-1.586
1477.344,-1.635
1478.125,0.546
1478.906,2.483
1479.688,3.404
1480.469,3.646
1481.25,4.276
1482.031,4.373
1482.813,2.919
1483.594,-0.859
1484.375,-4.057
1485.156,-4.977
1485.938,-4.493
1486.719,-3.233
1487.5,-2.216
1488.281,-1.15
1489.063,-0.811
1489.844,0.4
1490.625,1.708
1491.406,-0.617
1492.188,-2.022
1492.969,0.206
1493.75,2.338
1494.531,3.404
1495.313,3.065
1496.094,3.259
1496.875,3.791
1497.656,3.259
1498.438,0.206
1499.219,-3.476
1500,-4.784
1500.781,-4.251
1501.563,-2.894
1502.344,-1.974
1503.125,-0.908
1503.906,-0.569
1504.688,0.061
1505.469,1.902
1506.25,0.739
1507.031,-2.119
1507.813,-1.586
1508.594,0.885
1509.375,2.629
1510.156,2.629
1510.938,2.774
1511.719,3.695
1512.5,3.84
1513.281,2.047
1514.063,-2.071
1514.844,-4.493
1515.625,-4.687
1516.406,-3.766
1517.188,-2.797
1517.969,-2.216
1518.75,-1.489
1519.531,-0.859
1520.313,0.836
1521.094,0.982
1521.875,-2.167
1522.656,-2.991
1523.438,-0.472
1524.219,2.096
1525,3.162
1525.781,3.113
1526.563,3.888
1527.344,4.664
1528.125,3.791
1528.906,-0.181
1529.688,-3.96
1530.469,-4.88
1531.25,-4.251
1532.031,-3.088
1532.813,-2.361
1533.594,-1.586
1534.375,-1.295
1535.156,-0.23
1535.938,1.66
1536.719,0.109
1537.5,-2.022
1538.281,-0.133
1539.063,2.386
1539.844,3.743
1540.625,3.598
1541.406,3.452
1542.188,3.84
1542.969,3.501
1543.75,1.175
1544.531,-3.088
1545.313,-5.026
1546.094,-4.444
1546.875,-3.282
1547.656,-2.41
1548.438,-1.731
1549.219,-1.199
1550,-0.423
1550.781,1.66
1551.563,1.466
1552.344,-1.683
1553.125,-1.731
1553.906,0.933
1554.688,3.016
1555.469,3.307
1556.25,2.823
1557.031,3.646
1557.813,4.421
1558.594,3.065
1559.375,-0.714
1560.156,-3.863
1560.938,-4.638
1561.719,-3.912
1562.5,-2.991
1563.281,-2.361
1564.063,-1.877
1564.844,-1.295
1565.625,0.739
1566.406,2.047
1567.188,-0.423
1567.969,-2.119
1568.75,-0.133
1569.531,2.096
1570.313,3.016
1571.094,2.968
1571.875,3.355
1572.656,3.985
1573.438,3.598
1574.219,0.303
1575,-3.718
1575.781,-5.268
1576.563,-4.88
1577.344,-3.621
1578.125,-2.555
1578.906,-1.731
1579.688,-1.392
1580.469,-0.423
1581.25,1.466
1582.031,0.109
1582.813,-2.458
1583.594,-1.247
1584.375,1.369
1585.156,3.113
1585.938,3.501
1586.719,3.791
1587.5,4.373
1588.281,4.276
1589.063,2.338
1589.844,-1.974
1590.625,-4.735
1591.406,-4.929
1592.188,-3.766
1592.969,-2.458
1593.75,-1.635
1594.531,-1.15
1595.313,-1.005
1596.094,0.885
1596.875,1.418
1597.656,-1.586
1598.438,-2.071
1599.219,0.642

Machine Name,P29201A
Point Name,29VT-2003AY
Wf Amp,40.405
Number of Revs,8
X-Axis Unit,ms
Y-Axis Unit,µm 
Sample Speed, 3961 rpm
Sample Status,Valid
Timestamp,8/27/2023 11:37:13 AM
Variable,Disp Wf(256X/8revs).29KT-2014A
X-Axis Value,Y-Axis Value
0,15.138
0.059,15.041
0.118,15.186
0.178,15.38
0.237,15.331
0.296,14.799
0.355,15.041
0.414,15.138
0.473,15.089
0.533,15.089
0.592,15.186
0.651,15.428
0.71,15.428
0.769,15.525
0.828,15.961
0.888,16.01
0.947,15.913
1.006,15.719
1.065,15.671
1.124,15.767
1.183,15.283
1.243,15.186
1.302,15.477
1.361,15.428
1.42,15.138
1.479,14.799
1.538,14.508
1.598,14.653
1.657,14.75
1.716,15.525
1.775,15.089
1.834,14.605
1.893,14.072
1.953,15.041
2.012,15.235
2.071,15.283
2.13,13.975
2.189,13.684
2.248,13.781
2.308,14.556
2.367,14.217
2.426,13.927
2.485,12.764
2.544,12.473
2.604,12.667
2.663,13.49
2.722,13.006
2.781,12.715
2.84,11.892
2.899,12.473
2.959,12.425
3.018,13.49
3.077,12.909
3.136,12.715
3.195,11.262
3.254,11.456
3.314,11.456
3.373,12.037
3.432,11.262
3.491,10.971
3.55,9.905
3.609,9.809
3.669,9.082
3.728,9.469
3.787,9.324
3.846,9.276
3.905,7.725
3.964,8.064
4.024,7.871
4.083,9.276
4.142,8.016
4.201,7.435
4.26,5.933
4.319,6.563
4.379,5.933
4.438,6.611
4.497,5.255
4.556,3.995
4.615,1.815
4.674,2.009
4.734,1.718
4.793,2.251
4.852,0.991
4.911,0.846
4.97,-0.22
5.03,0.265
5.089,0.313
5.148,1.621
5.207,-0.075
5.266,-0.947
5.325,-2.255
5.385,-1.286
5.444,-1.625
5.503,-1.334
5.562,-3.369
5.621,-3.756
5.68,-5.646
5.74,-4.968
5.799,-5.452
5.858,-4.435
5.917,-6.13
5.976,-6.954
6.035,-8.068
6.095,-6.76
6.154,-6.76
6.213,-6.227
6.272,-6.954
6.331,-7.487
6.39,-8.407
6.45,-7.051
6.509,-6.276
6.568,-5.21
6.627,-6.179
6.686,-5.985
6.745,-6.566
6.805,-6.276
6.864,-8.311
6.923,-7.342
6.982,-7.923
7.041,-8.214
7.1,-10.2
7.16,-9.861
7.219,-10.394
7.278,-10.684
7.337,-12.961
7.396,-13.591
7.456,-14.076
7.515,-13.446
7.574,-14.56
7.633,-15.093
7.692,-16.062
7.751,-16.062
7.811,-16.401
7.87,-15.965
7.929,-16.643
7.988,-16.886
8.047,-18.291
8.106,-17.467
8.166,-17.273
8.225,-16.498
8.284,-17.225
8.343,-17.322
8.402,-18.533
8.461,-18.145
8.521,-18.097
8.58,-17.031
8.639,-17.128
8.698,-16.982
8.757,-17.515
8.816,-17.225
8.876,-17.515
8.935,-17.273
8.994,-17.225
9.053,-16.643
9.112,-16.982
9.171,-17.176
9.231,-18
9.29,-17.37
9.349,-17.661
9.408,-17.418
9.467,-17.612
9.526,-17.467
9.586,-17.854
9.645,-17.758
9.704,-17.661
9.763,-16.547
9.822,-16.837
9.882,-16.789
9.941,-17.031
10,-16.11
10.059,-15.529
10.118,-15.335
10.177,-15.432
10.237,-15.238
10.296,-15.19
10.355,-15.141
10.414,-14.899
10.473,-14.512
10.532,-14.948
10.592,-15.19
10.651,-14.802
10.71,-13.979
10.769,-13.785
10.828,-13.737
10.887,-13.494
10.947,-12.574
11.006,-12.089
11.065,-11.46
11.124,-11.411
11.183,-11.024
11.242,-11.072
11.302,-10.539
11.361,-9.667
11.42,-9.037
11.479,-8.94
11.538,-8.795
11.597,-8.02
11.657,-7.196
11.716,-6.857
11.775,-6.857
11.834,-6.712
11.893,-6.373
11.952,-5.84
12.012,-5.065
12.071,-4.193
12.13,-3.999
12.189,-4.435
12.248,-3.95
12.307,-2.885
12.367,-1.964
12.426,-1.819
12.485,-1.528
12.544,-1.431
12.603,-0.85
12.663,0.652
12.722,1.718
12.781,2.445
12.84,2.105
12.899,2.735
12.958,3.22
13.018,4.383
13.077,4.625
13.136,5.158
13.195,4.77
13.254,3.947
13.313,3.898
13.373,5.497
13.432,7.047
13.491,7.725
13.55,7.289
13.609,7.822
13.668,8.888
13.728,10.148
13.787,10.051
13.846,10.584
13.905,10.777
13.964,11.456
14.023,11.553
14.083,13.006
14.142,13.006
14.201,12.958
14.26,12.279
14.319,13.394
14.378,13.975
14.438,15.138
14.497,14.847
14.556,14.896
14.615,13.83
14.674,13.878
14.733,13.781
14.793,15.235
14.852,14.847
14.911,14.314
14.97,13.49
15.029,14.217
15.089,14.411
15.148,15.283
15.207,14.944
15.266,15.331
15.325,14.411
15.384,14.75
15.444,14.605
15.503,15.961
15.562,15.38
15.621,15.671
15.68,14.411
15.739,15.041
15.799,14.992
15.858,16.446
15.917,15.719
15.976,15.767
16.035,14.363
16.094,15.477
16.154,15.38
16.213,16.107
16.272,15.186
16.331,15.671
16.39,15.041
16.449,15.331
16.509,15.041
16.568,16.397
16.627,15.913
16.686,15.767
16.745,14.363
16.804,15.235
16.864,15.913
16.923,16.688
16.982,15.283
17.041,15.428
17.1,14.605
17.159,15.622
17.219,15.186
17.278,16.01
17.337,14.847
17.396,14.847
17.455,13.927
17.515,15.331
17.574,14.847
17.633,14.992
17.692,13.636
17.751,14.072
17.81,13.781
17.87,14.314
17.929,13.878
17.988,14.12
18.047,13.394
18.106,13.587
18.165,13.2
18.225,13.442
18.284,12.618
18.343,13.006
18.402,11.94
18.461,12.134
18.52,10.729
18.58,11.165
18.639,10.632
18.698,11.31
18.757,9.76
18.816,9.324
18.875,8.258
18.935,8.791
18.994,8.307
19.053,8.743
19.112,7.774
19.171,7.096
19.23,6.417
19.29,6.756
19.349,6.514
19.408,5.933
19.467,4.576
19.526,4.528
19.585,3.704
19.645,3.704
19.704,2.299
19.763,1.815
19.822,0.701
19.881,0.507
19.941,-0.317
20,0.071
20.059,-0.123
20.118,-0.075
20.177,-1.043
20.236,-0.704
20.296,-0.462
20.355,-1.14
20.414,-2.303
20.473,-2.206
20.532,-2.545
20.591,-3.272
20.651,-4.435
20.71,-4.774
20.769,-5.404
20.828,-5.937
20.887,-7.148
20.946,-7.487
21.006,-7.923
21.065,-7.826
21.124,-8.795
21.183,-9.037
21.242,-9.715
21.301,-9.57
21.361,-9.619
21.42,-9.376
21.479,-10.151
21.538,-10.684
21.597,-10.588
21.656,-9.861
21.716,-9.425
21.775,-9.183
21.834,-9.183
21.893,-9.183
21.952,-10.103
22.011,-11.072
22.071,-10.684
22.13,-10.345
22.189,-11.363
22.248,-11.896
22.307,-11.992
22.367,-11.944
22.426,-13.058
22.485,-14.173
22.544,-14.705
22.603,-14.802
22.662,-15.287
22.722,-15.674
22.781,-15.917
22.84,-16.45
22.899,-17.128
22.958,-17.031
23.017,-16.934
23.077,-17.467
23.136,-17.951
23.195,-18.436
23.254,-18.048
23.313,-17.951
23.372,-17.903
23.432,-17.758
23.491,-17.951
23.55,-18.872
23.609,-19.744
23.668,-19.066
23.727,-18
23.787,-18
23.846,-18.436
23.905,-18.484
23.964,-18.339
24.023,-18.436
24.082,-18.242
24.142,-18
24.201,-17.37
24.26,-17.758
24.319,-17.661
24.378,-17.661
24.437,-16.789
24.497,-17.079
24.556,-16.643
24.615,-16.547
24.674,-16.062
24.733,-16.353
24.793,-15.965
24.852,-15.578
24.911,-14.754
24.97,-15.045
25.029,-14.996
25.088,-14.851
25.148,-14.221
25.207,-13.397
25.266,-13.349
25.325,-13.979
25.384,-14.076
25.443,-14.415
25.503,-13.349
25.562,-13.155
25.621,-13.252
25.68,-14.802
25.739,-14.318
25.798,-14.173
25.858,-12.719
25.917,-12.913
25.976,-12.622
26.035,-13.446
26.094,-12.622
26.153,-12.332
26.213,-10.878
26.272,-11.169
26.331,-11.072
26.39,-11.896
26.449,-10.878
26.508,-10.345
26.568,-9.037
26.627,-9.425
26.686,-8.407
26.745,-8.747
26.804,-7.923
26.863,-7.778
26.923,-5.985
26.982,-6.034
27.041,-5.791
27.1,-6.373
27.159,-4.774
27.219,-4.193
27.278,-2.836
27.337,-3.466
27.396,-2.788
27.455,-3.369
27.514,-1.77
27.574,-1.431
27.633,-0.026
27.692,-0.704
27.751,-0.317
27.81,-0.075
27.869,1.912
27.929,2.251
27.988,3.365
28.047,2.881
28.106,3.462
28.165,3.074
28.224,4.673
28.284,4.964
28.343,5.594
28.402,3.753
28.461,4.286
28.52,4.286
28.579,6.611
28.639,6.708
28.698,8.307
28.757,8.452
28.816,9.13
28.875,8.597
28.934,10.002
28.994,10.584
29.053,12.086
29.112,11.746
29.171,12.425
29.23,11.843
29.289,12.812
29.349,12.812
29.408,14.072
29.467,13.781
29.526,14.023
29.585,13.733
29.645,15.331
29.704,15.428
29.763,15.477
29.822,14.169
29.881,14.896
29.94,14.75
30,15.525
30.059,14.847
30.118,15.574
30.177,14.944
30.236,15.089
30.295,14.556
30.355,15.331
30.414,15.235
30.473,15.671
30.532,14.799
30.591,14.75
30.65,14.169
30.71,14.992
30.769,15.235
30.828,15.235
30.887,14.363
30.946,14.605
31.005,14.75
31.065,15.525
31.124,15.235
31.183,15.816
31.242,14.896
31.301,15.041
31.36,14.363
31.42,15.38
31.479,15.331
31.538,15.138
31.597,14.12
31.656,14.702
31.715,14.992
31.775,15.38
31.834,14.411
31.893,14.169
31.952,14.508
32.011,14.896
32.07,14.944
32.13,14.896
32.189,14.411
32.248,14.556
32.307,14.508
32.366,14.944
32.426,14.266
32.485,14.169
32.544,13.733
32.603,14.411
32.662,14.023
32.721,13.442
32.781,12.522
32.84,12.57
32.899,12.57
32.958,12.328
33.017,11.698
33.076,11.65
33.136,11.553
33.195,11.456
33.254,11.843
33.313,11.843
33.372,11.601
33.431,11.117
33.491,11.359
33.55,11.746
33.609,11.698
33.668,11.456
33.727,10.826
33.786,11.117
33.846,11.02
33.905,11.117
33.964,10.39
34.023,10.293
34.082,9.809
34.141,10.148
34.201,10.148
34.26,9.76
34.319,9.324
34.378,9.276
34.437,9.566
34.496,8.694
34.556,8.307
34.615,8.064
34.674,7.919
34.733,7.096
34.792,6.32
34.852,5.594
34.911,4.818
34.97,3.995
35.029,3.171
35.088,2.978
35.147,2.881
35.207,2.832
35.266,2.59
35.325,2.299
35.384,2.493
35.443,2.154
35.502,1.96
35.562,1.718
35.621,1.766
35.68,0.797
35.739,0.555
35.798,-0.026
35.857,0.216
35.917,-0.608
35.976,-1.043
36.035,-2.158
36.094,-2.594
36.153,-2.981
36.212,-2.255
36.272,-2.933
36.331,-3.514
36.39,-4.629
36.449,-4.629
36.508,-4.289
36.567,-3.756
36.627,-4.725
36.686,-5.113
36.745,-5.598
36.804,-5.113
36.863,-5.016
36.922,-4.241
36.982,-4.629
37.041,-4.532
37.1,-6.663
37.159,-7.584
37.218,-8.117
37.278,-6.906
37.337,-8.262
37.396,-9.183
37.455,-10.83
37.514,-11.024
37.573,-12.235
37.633,-12.138
37.692,-13.494
37.751,-13.979
37.81,-15.045
37.869,-15.141
37.928,-15.723
37.988,-15.674
38.047,-16.256
38.106,-15.917
38.165,-16.982
38.224,-16.934
38.283,-17.37
38.343,-16.304
38.402,-17.128
38.461,-16.643
38.52,-17.515
38.579,-16.062
38.638,-17.176
38.698,-17.031
38.757,-18.145
38.816,-17.418
38.875,-18.097
38.934,-17.758
38.993,-18.097
39.053,-17.128
39.112,-18
39.171,-18.533
39.23,-19.889
39.289,-19.017
39.348,-18.678
39.408,-17.806
39.467,-18.775
39.526,-18.92
39.585,-20.083
39.644,-19.599
39.704,-19.163
39.763,-17.612
39.822,-18.872
39.881,-19.114
39.94,-20.18
39.999,-18.678
40.059,-18.242
40.118,-16.886
40.177,-18
40.236,-17.758
40.295,-18.387
40.354,-16.595
40.414,-16.11
40.473,-15.529
40.532,-16.353
40.591,-16.062
40.65,-16.353
40.709,-15.287
40.769,-15.384
40.828,-14.948
40.887,-15.723
40.946,-15.141
41.005,-15.432
41.064,-13.785
41.124,-13.591
41.183,-12.622
41.242,-13.494
41.301,-12.38
41.36,-12.671
41.419,-11.46
41.479,-11.75
41.538,-11.024
41.597,-11.556
41.656,-11.363
41.715,-11.411
41.774,-9.958
41.834,-9.57
41.893,-9.183
41.952,-9.909
42.011,-9.134
42.07,-8.747
42.13,-7.923
42.189,-8.02
42.248,-6.906
42.307,-6.954
42.366,-6.324
42.425,-5.937
42.485,-4.919
42.544,-4.871
42.603,-4.096
42.662,-3.853
42.721,-3.03
42.78,-3.175
42.84,-2.594
42.899,-1.77
42.958,-0.268
43.017,-0.123
43.076,0.41
43.135,0.701
43.195,2.057
43.254,2.493
43.313,2.832
43.372,3.171
43.431,3.85
43.49,3.462
43.55,3.365
43.609,3.414
43.668,4.237
43.727,4.818
43.786,5.981
43.845,6.32
43.905,7.241
43.964,7.483
44.023,8.016
44.082,8.113
44.141,8.791
44.2,9.276
44.26,10.535
44.319,10.681
44.378,10.971
44.437,10.826
44.496,11.601
44.556,11.795
44.615,12.037
44.674,12.861
44.733,13.539
44.792,14.508
44.851,14.217
44.911,14.12
44.97,14.072
45.029,14.314
45.088,14.799
45.147,15.235
45.206,15.331
45.266,15.428
45.325,15.574
45.384,15.477
45.443,16.107
45.502,16.349
45.561,16.736
45.621,16.979
45.68,16.882
45.739,16.543
45.798,16.494
45.857,17.027
45.916,17.657
45.976,17.463
46.035,16.543
46.094,17.027
46.153,17.512
46.212,17.851
46.271,17.657
46.331,17.705
46.39,17.512
46.449,17.366
46.508,17.415
46.567,17.657
46.626,17.948
46.686,17.56
46.745,17.366
46.804,17.318
46.863,17.609
46.922,17.705
46.982,17.512
47.041,17.512
47.1,17.318
47.159,17.705
47.218,17.657
47.277,17.996
47.337,17.512
47.396,17.754
47.455,17.415
47.514,17.705
47.573,16.833
47.632,16.688
47.692,17.172
47.751,17.269
47.81,16.155
47.869,15.622
47.928,15.38
47.987,15.671
48.047,15.235
48.106,15.138
48.165,14.314
48.224,14.023
48.283,13.297
48.342,14.217
48.402,14.556
48.461,14.508
48.52,13.2
48.579,12.958
48.638,12.618
48.697,13.587
48.757,13.006
48.816,13.103
48.875,11.746
48.934,11.31
48.993,10.971
49.052,12.037
49.112,11.262
49.171,10.681
49.23,9.082
49.289,9.421
49.348,9.373
49.408,10.099
49.467,9.324
49.526,9.033
49.585,7.677
49.644,7.289
49.703,6.805
49.763,7.774
49.822,6.514
49.881,5.933
49.94,4.237
49.999,3.995
50.058,2.638
50.118,3.074
50.177,1.766
50.236,1.815
50.295,0.216
50.354,0.652
50.413,0.555
50.473,1.234
50.532,0.313
50.591,0.119
50.65,-1.334
50.709,-1.431
50.768,-2.012
50.828,-1.334
50.887,-2.303
50.946,-3.224
51.005,-5.549
51.064,-4.968
51.123,-5.307
51.183,-5.065
51.242,-7.002
51.301,-7.293
51.36,-8.407
51.419,-7.681
51.478,-8.601
51.538,-7.681
51.597,-8.601
51.656,-8.601
51.715,-9.812
51.774,-8.989
51.834,-9.134
51.893,-8.262
51.952,-8.795
52.011,-8.359
52.07,-8.601
52.129,-7.632
52.189,-8.117
52.248,-8.165
52.307,-9.909
52.366,-9.764
52.425,-10.103
52.484,-9.861
52.544,-10.781
52.603,-10.394
52.662,-11.944
52.721,-12.428
52.78,-14.221
52.839,-14.076
52.899,-14.269
52.958,-13.737
53.017,-15.335
53.076,-16.159
53.135,-17.612
53.194,-16.256
53.254,-16.256
53.313,-16.11
53.372,-17.661
53.431,-18.097
53.49,-18.727
53.549,-17.903
53.609,-17.322
53.668,-16.643
53.727,-18
53.786,-18.291
53.845,-19.308
53.904,-18.387
53.964,-18.291
54.023,-17.467
54.082,-18.145
54.141,-18
54.2,-18.775
54.259,-18.145
54.319,-18.242
54.378,-17.709
54.437,-18.387
54.496,-18.291
54.555,-18.194
54.615,-17.564
54.674,-17.661
54.733,-17.854
54.792,-18.097
54.851,-17.564
54.91,-17.564
54.97,-17.128
55.029,-17.322
55.088,-16.982
55.147,-17.612
55.206,-17.176
55.265,-16.595
55.325,-16.159
55.384,-16.692
55.443,-16.789
55.502,-16.304
55.561,-15.384
55.62,-15.723
55.68,-15.626
55.739,-15.626
55.798,-15.287
55.857,-15.529
55.916,-15.045
55.975,-15.19
56.035,-15.045
56.094,-15.093
56.153,-14.318
56.212,-14.076
56.271,-13.737
56.33,-13.688
56.39,-13.204
56.449,-12.525
56.508,-12.041
56.567,-11.75
56.626,-11.508
56.685,-11.314
56.745,-10.781
56.804,-10.539
56.863,-9.715
56.922,-9.134
56.981,-8.698
57.041,-8.02
57.1,-7.293
57.159,-7.293
57.218,-7.002
57.277,-6.809
57.336,-5.888
57.396,-5.501
57.455,-5.307
57.514,-4.822
57.573,-4.435
57.632,-3.66
57.691,-3.611
57.751,-2.885
57.81,-2.497
57.869,-2.158
57.928,-1.867
57.987,-0.995
58.046,0.119
58.106,0.797
58.165,1.185
58.224,1.912
58.283,2.493
58.342,3.026
58.401,3.656
58.461,4.14
58.52,4.673
58.579,4.673
58.638,4.237
58.697,4.286
58.756,4.479
58.816,5.642
58.875,5.884
58.934,7.096
58.993,7.58
59.052,8.84
59.111,9.712
59.171,10.293
59.23,10.196
59.289,10.729
59.348,11.746
59.407,13.297
59.467,13.587
59.526,13.345
59.585,13.297
59.644,13.587
59.703,13.975
59.762,15.089
59.822,15.477
59.881,16.058
59.94,15.428
59.999,16.3
60.058,16.397
60.117,17.269
60.177,16.736
60.236,17.657
60.295,17.705
60.354,17.948
60.413,17.657
60.472,19.013
60.532,19.013
60.591,19.159
60.65,18.141
60.709,18.674
60.768,18.868
60.827,19.304
60.887,18.432
60.946,18.19
61.005,17.802
61.064,17.899
61.123,17.415
61.182,18.432
61.242,18.287
61.301,18.529
61.36,17.221
61.419,17.948
61.478,17.899
61.537,18.868
61.597,17.705
61.656,18.044
61.715,17.027
61.774,17.318
61.833,16.833
61.893,17.269
61.952,16.446
62.011,16.688
62.07,15.574
62.129,15.816
62.188,15.138
62.248,16.058
62.307,15.719
62.366,16.155
62.425,14.75
62.484,14.847
62.543,14.847
62.603,16.397
62.662,15.525
62.721,15.138
62.78,13.394
62.839,14.266
62.898,14.023
62.958,14.944
63.017,13.2
63.076,12.425
63.135,10.729
63.194,11.601
63.253,11.65
63.313,12.182
63.372,10.438
63.431,9.76
63.49,9.324
63.549,10.341
63.608,10.148
63.668,10.535
63.727,8.985
63.786,8.694
63.845,7.289
63.904,8.404
63.963,8.064
64.023,8.404
64.082,6.853
64.141,6.805
64.2,5.933
64.259,6.369
64.319,5.739
64.378,6.466
64.437,5.884
64.496,5.787
64.555,4.479
64.614,5.303
64.674,5.448
64.733,6.03
64.792,4.479
64.851,3.704
64.91,2.832
64.969,3.414
65.029,3.026
65.088,2.881
65.147,0.604
65.206,-0.365
65.265,-1.286
65.324,-0.704
65.384,-1.383
65.443,-1.237
65.502,-2.255
65.561,-2.012
65.62,-2.885
65.679,-1.819
65.739,-1.673
65.798,-1.77
65.857,-3.708
65.916,-3.708
65.975,-4.047
66.034,-3.563
66.094,-4.774
66.153,-5.307
66.212,-6.13
66.271,-6.518
66.33,-7.729
66.389,-7.584
66.449,-7.438
66.508,-7.487
66.567,-8.747
66.626,-9.279
66.685,-9.134
66.745,-8.359
66.804,-8.65
66.863,-8.553
66.922,-9.328
66.981,-9.183
67.04,-9.231
67.1,-7.971
67.159,-7.584
67.218,-7.535
67.277,-8.068
67.336,-7.438
67.395,-8.068
67.455,-9.183
67.514,-9.473
67.573,-9.328
67.632,-9.619
67.691,-10.151
67.75,-10.539
67.81,-10.927
67.869,-11.896
67.928,-12.768
67.987,-13.737
68.046,-13.301
68.105,-13.688
68.165,-14.076
68.224,-15.287
68.283,-15.529
68.342,-15.868
68.401,-15.481
68.46,-15.723
68.52,-16.11
68.579,-17.176
68.638,-17.515
68.697,-17.225
68.756,-16.401
68.815,-16.401
68.875,-16.692
68.934,-17.37
68.993,-18.242
69.052,-18.581
69.111,-17.806
69.171,-17.273
69.23,-17.564
69.289,-18.339
69.348,-18.678
69.407,-18.145
69.466,-17.709
69.526,-18.291
69.585,-18.775
69.644,-18.581
69.703,-17.951
69.762,-17.854
69.821,-17.951
69.881,-18.097
69.94,-18.339
69.999,-18.194
70.058,-17.709
70.117,-16.886
70.176,-17.176
70.236,-17.661
70.295,-17.758
70.354,-16.934
70.413,-16.498
70.472,-16.11
70.531,-16.45
70.591,-15.965
70.65,-15.917
70.709,-15.723
70.768,-15.868
70.827,-15.093
70.886,-14.705
70.946,-14.996
71.005,-15.384
71.064,-15.19
71.123,-15.335
71.182,-15.141
71.241,-14.754
71.301,-14.027
71.36,-13.979
71.419,-14.027
71.478,-13.737
71.537,-12.235
71.597,-11.944
71.656,-11.169
71.715,-11.944
71.774,-11.072
71.833,-10.927
71.892,-9.667
71.952,-9.473
72.011,-8.698
72.07,-8.747
72.129,-8.165
72.188,-7.342
72.247,-6.324
72.307,-6.179
72.366,-5.549
72.425,-5.791
72.484,-5.016
72.543,-5.016
72.602,-3.514
72.662,-3.175
72.721,-2.739
72.78,-3.563
72.839,-2.642
72.898,-2.061
72.957,-0.317
73.017,-1.14
73.076,-0.414
73.135,-1.237
73.194,0.119
73.253,0.652
73.312,2.881
73.372,2.881
73.431,3.074
73.49,2.202
73.549,3.753
73.608,4.576
73.667,5.981
73.727,5.545
73.786,5.206
73.845,3.85
73.904,4.77
73.963,5.594
74.023,7.919
74.082,8.161
74.141,8.549
74.2,7.919
74.259,10.051
74.318,10.002
74.378,11.407
74.437,11.214
74.496,12.182
74.555,11.65
74.614,13.006
74.673,12.861
74.733,14.266
74.792,13.49
74.851,13.781
74.91,13.297
74.969,14.556
75.028,15.235
75.088,16.397
75.147,15.477
75.206,14.992
75.265,13.781
75.324,15.186
75.383,15.574
75.443,16.494
75.502,14.799
75.561,14.896
75.62,14.411
75.679,15.864
75.738,15.138
75.798,16.155
75.857,15.235
75.916,15.622
75.975,14.653
76.034,15.767
76.093,15.719
76.153,16.397
76.212,15.767
76.271,15.864
76.33,15.477
76.389,16.349
76.448,16.736
76.508,17.609
76.567,16.979
76.626,16.736
76.685,15.767
76.744,16.93
76.804,17.124
76.863,17.512
76.922,16.446
76.981,16.3
77.04,15.767
77.099,16.591
77.159,16.494
77.218,16.93
77.277,15.719
77.336,15.331
77.395,14.992
77.454,16.3
77.514,16.203
77.573,15.864
77.632,14.944
77.691,14.847
77.75,14.702
77.809,15.138
77.869,14.411
77.928,14.266
77.987,13.587
78.046,13.781
78.105,13.539
78.164,13.442
78.224,12.425
78.283,12.522
78.342,12.279
78.401,12.618
78.46,11.698
78.519,11.989
78.579,11.795
78.638,12.086
78.697,11.843
78.756,11.989
78.815,11.843
78.874,11.31
78.934,10.923
78.993,11.02
79.052,10.923
79.111,10.535
79.17,9.857
79.23,10.051
79.289,9.421
79.348,9.227
79.407,8.452
79.466,8.452
79.525,8.355
79.585,8.113
79.644,7.58
79.703,7.483
79.762,7.047
79.821,7.144
79.88,6.417
79.94,6.03
79.999,5.109
80.058,4.576
80.117,4.286
80.176,3.753
80.235,3.123
80.295,1.573
80.354,0.701
80.413,0.071
80.472,-0.268
80.531,-0.656
80.59,-0.704
80.65,-0.656
80.709,-0.995
80.768,-1.286
80.827,-1.043
80.886,-0.608
80.945,-1.479
81.005,-1.916
81.064,-2.352
81.123,-2.497
81.182,-2.933
81.241,-3.369
81.3,-3.95
81.36,-4.822
81.419,-5.501
81.478,-6.13
81.537,-6.034
81.596,-6.034
81.656,-6.566
81.715,-7.148
81.774,-7.39
81.833,-7.681
81.892,-7.438
81.951,-7.342
82.011,-7.245
82.07,-8.214
82.129,-8.747
82.188,-8.456
82.247,-7.487
82.306,-7.39
82.366,-7.535
82.425,-7.729
82.484,-7.487
82.543,-8.504
82.602,-9.473
82.661,-9.279
82.721,-8.843
82.78,-10.055
82.839,-10.927
82.898,-11.411
82.957,-10.975
83.016,-12.041
83.076,-13.058
83.135,-14.512
83.194,-14.366
83.253,-14.851
83.312,-14.56
83.371,-15.384
83.431,-15.917
83.49,-17.031
83.549,-16.595
83.608,-16.595
83.667,-16.159
83.726,-17.37
83.786,-17.709
83.845,-18.194
83.904,-17.515
83.963,-17.612
84.022,-17.225
84.082,-17.951
84.141,-18.727
84.2,-19.744
84.259,-19.066
84.318,-18.727
84.377,-18.145
84.437,-19.26
84.496,-18.727
84.555,-19.986
84.614,-19.55
84.673,-20.277
84.732,-18.969
84.792,-19.453
84.851,-19.26
84.91,-20.471
84.969,-19.841
85.028,-20.035
85.087,-19.211
85.147,-19.599
85.206,-19.066
85.265,-20.083
85.324,-19.744
85.383,-19.986
85.442,-18.242
85.502,-18.484
85.561,-18.533
85.62,-19.502
85.679,-18.291
85.738,-18
85.797,-16.547
85.857,-17.273
85.916,-16.789
85.975,-17.467
86.034,-16.498
86.093,-16.401
86.152,-14.802
86.212,-15.481
86.271,-15.529
86.33,-16.643
86.389,-15.141
86.448,-14.318
86.508,-13.155
86.567,-13.64
86.626,-13.543
86.685,-13.882
86.744,-12.622
86.803,-11.896
86.863,-10.588
86.922,-11.46
86.981,-11.12
87.04,-11.799
87.099,-9.764
87.158,-9.328
87.218,-7.438
87.277,-8.165
87.336,-7.342
87.395,-7.729
87.454,-6.082
87.513,-5.549
87.573,-4.338
87.632,-5.21
87.691,-4.435
87.75,-4.047
87.809,-2.448
87.868,-2.206
87.928,-1.286
87.987,-1.479
88.046,-0.656
88.105,-0.365
88.164,1.137
88.223,1.427
88.283,2.687
88.342,2.396
88.401,3.753
88.46,3.947
88.519,5.4
88.578,5.448
88.638,6.708
88.697,6.224
88.756,6.369
88.815,6.32
88.874,7.822
88.934,7.241
88.993,6.853
89.052,6.224
89.111,7.338
89.17,8.5
89.229,9.712
89.289,10.148
89.348,11.068
89.407,11.068
89.466,11.456
89.525,11.456
89.584,12.812
89.644,12.958
89.703,13.733
89.762,13.345
89.821,13.83
89.88,13.684
89.939,14.217
89.999,14.169
90.058,14.896
90.117,14.896
90.176,15.671
90.235,16.252
90.294,16.446
90.354,16.203
90.413,16.3
90.472,16.252
90.531,16.833
90.59,16.736
90.649,16.93
90.709,16.833
90.768,17.027
90.827,16.494
90.886,16.688
90.945,16.688
91.004,16.882
91.064,16.446
91.123,16.349
91.182,15.767
91.241,16.058
91.3,15.864
91.36,16.397
91.419,15.961
91.478,15.525
91.537,15.961
91.596,16.591
91.655,16.64
91.715,16.203
91.774,15.961
91.833,16.01
91.892,16.397
91.951,16.203
92.01,15.961
92.07,15.913
92.129,15.622
92.188,15.138
92.247,15.428
92.306,16.058
92.365,15.816
92.425,15.331
92.484,14.75
92.543,15.331
92.602,15.961
92.661,16.203
92.72,16.252
92.78,15.913
92.839,15.816
92.898,15.864
92.957,16.107
93.016,16.155
93.075,15.816
93.135,15.38
93.194,15.622
93.253,15.477
93.312,15.283
93.371,15.041
93.43,14.75
93.49,14.556
93.549,14.266
93.608,14.12
93.667,14.314
93.726,14.023
93.786,13.927
93.845,14.12
93.904,14.314
93.963,13.781
94.022,13.442
94.081,13.442
94.141,13.733
94.2,12.812
94.259,12.715
94.318,12.231
94.377,12.57
94.436,11.94
94.496,11.892
94.555,11.407
94.614,11.068
94.673,10.293
94.732,10.826
94.791,10.826
94.851,10.681
94.91,9.179
94.969,9.227
95.028,9.13
95.087,9.373
95.146,8.113
95.206,7.677
95.265,6.708
95.324,6.611
95.383,5.642
95.442,5.4
95.501,3.947
95.561,3.607
95.62,1.815
95.679,2.009
95.738,1.815
95.797,2.396
95.856,1.573
95.916,1.621
95.975,0.507
96.034,1.185
96.093,0.022
96.152,0.458
96.211,-0.511
96.271,-0.753
96.33,-2.352
96.389,-2.4
96.448,-3.321
96.507,-2.788
96.567,-3.611
96.626,-4.193
96.685,-6.082
96.744,-5.743
96.803,-5.84
96.862,-5.113
96.922,-6.324
96.981,-6.906
97.04,-8.02
97.099,-7.148
97.158,-7.342
97.217,-6.663
97.277,-7.826
97.336,-7.487
97.395,-8.456
97.454,-7.002
97.513,-6.954
97.572,-5.743
97.632,-7.051
97.691,-7.875
97.75,-9.667
97.809,-8.504
97.868,-8.795
97.927,-8.698
97.987,-10.103
98.046,-10.491
98.105,-12.089
98.164,-12.332
98.223,-13.252
98.282,-13.01
98.342,-14.463
98.401,-14.754
98.46,-16.401
98.519,-15.917
98.578,-16.692
98.637,-16.062
98.697,-17.225
98.756,-17.322
98.815,-18.92
98.874,-18.63
98.933,-18.872
98.993,-17.758
99.052,-18.823
99.111,-18.872
99.17,-19.647
99.229,-19.211
99.288,-20.131
99.348,-20.083
99.407,-20.228
99.466,-20.035
99.525,-20.858
99.584,-20.228
99.643,-20.374
99.703,-19.55
99.762,-20.664
99.821,-20.471
99.88,-21.1
99.939,-19.841
99.998,-20.035
100.058,-19.114
100.117,-20.277
100.176,-20.277
100.235,-21.052
100.294,-19.599
100.353,-19.163
100.413,-18.969
100.472,-20.18
100.531,-20.18
100.59,-20.035
100.649,-19.017
100.708,-18.63
100.768,-18.097
100.827,-18.823
100.886,-18.63
100.945,-17.903
101.004,-16.498
101.063,-16.74
101.123,-16.498
101.182,-17.079
101.241,-16.304
101.3,-16.014
101.359,-15.432
101.419,-15.917
101.478,-15.723
101.537,-15.771
101.596,-14.851
101.655,-14.463
101.714,-13.349
101.774,-13.446
101.833,-13.155
101.892,-12.719
101.951,-11.508
102.01,-11.314
102.069,-11.024
102.129,-10.539
102.188,-9.812
102.247,-9.667
102.306,-9.279
102.365,-8.456
102.424,-7.196
102.484,-7.342
102.543,-6.906
102.602,-6.809
102.661,-5.888
102.72,-5.549
102.779,-5.113
102.839,-4.725
102.898,-4.047
102.957,-3.563
103.016,-2.836
103.075,-2.352
103.134,-2.109
103.194,-1.722
103.253,-1.092
103.312,-0.462
103.371,-0.075
103.43,0.119
103.489,0.701
103.549,1.67
103.608,2.348
103.667,2.978
103.726,3.559
103.785,3.947
103.845,4.14
103.904,4.334
103.963,5.4
104.022,5.981
104.081,5.497
104.14,4.964
104.2,5.448
104.259,6.078
104.318,6.902
104.377,8.161
104.436,8.985
104.495,9.712
104.555,9.712
104.614,10.196
104.673,10.584
104.732,11.359
104.791,11.94
104.85,12.57
104.91,12.57
104.969,12.473
105.028,12.328
105.087,13.151
105.146,13.587
105.205,13.49
105.265,13.297
105.324,13.781
105.383,14.459
105.442,14.411
105.501,13.975
105.56,13.927
105.62,13.345
105.679,13.733
105.738,13.636
105.797,13.975
105.856,13.733
105.915,13.781
105.975,13.248
106.034,13.49
106.093,13.442
106.152,14.217
106.211,13.975
106.27,14.411
106.33,13.442
106.389,13.442
106.448,13.83
106.507,14.653
106.566,14.266
106.625,14.023
106.685,13.878
106.744,14.459
106.803,14.023
106.862,15.041
106.921,14.847
106.98,14.944
107.039,13.539
107.099,14.169
107.158,14.508
107.217,15.913
107.276,14.459
107.335,14.556
107.394,14.072
107.454,15.186
107.513,14.896
107.572,15.671
107.631,15.041
107.69,15.041
107.749,14.508
107.809,15.283
107.868,15.428
107.927,15.961
107.986,14.992
108.045,15.477
108.104,14.653
108.163,15.041
108.223,14.411
108.282,15.913
108.341,15.671
108.4,15.913
108.459,14.363
108.518,14.702
108.578,14.75
108.637,16.058
108.696,15.331
108.755,15.477
108.814,13.83
108.873,14.556
108.932,14.653
108.992,16.3
109.051,15.428
109.11,14.944
109.169,13.49
109.228,14.411
109.287,14.363
109.347,14.992
109.406,13.878
109.465,13.587
109.524,12.473
109.583,13.2
109.642,12.909
109.701,13.394
109.761,11.795
109.82,11.65
109.879,10.777
109.938,11.504
109.997,10.341
110.056,10.777
110.116,9.712
110.175,9.663
110.234,7.58
110.293,7.822
110.352,7.58
110.411,8.016
110.471,6.078
110.53,5.594
110.589,3.947
110.648,3.704
110.707,2.978
110.766,3.51
110.825,2.299
110.885,1.96
110.944,0.797
111.003,1.912
111.062,1.96
111.121,2.493
111.18,1.185
111.24,0.555
111.299,-0.365
111.358,0.022
111.417,-0.511
111.476,-0.462
111.535,-1.916
111.594,-2.691
111.654,-3.805
111.713,-3.466
111.772,-4.096
111.831,-4.532
111.89,-5.452
111.949,-5.549
112.009,-6.615
112.068,-6.566
112.127,-6.76
112.186,-6.469
112.245,-7.293
112.304,-7.535
112.363,-8.311
112.423,-7.971
112.482,-8.068
112.541,-7.584
112.6,-7.875
112.659,-7.729
112.718,-8.262
112.778,-7.778
112.837,-9.037
112.896,-9.861
112.955,-10.733
113.014,-10.394
113.073,-11.072
113.133,-11.314
113.192,-12.332
113.251,-12.865
113.31,-13.688
113.369,-14.657
113.428,-15.384
113.487,-16.014
113.547,-16.014
113.606,-16.498
113.665,-17.515
113.724,-17.806
113.783,-17.951
113.842,-17.564
113.902,-18.242
113.961,-18.581
114.02,-19.163
114.079,-19.066
114.138,-19.26
114.197,-18.823
114.256,-18.727
114.316,-18.63
114.375,-19.695
114.434,-20.131
114.493,-20.228
114.552,-19.647
114.611,-19.647
114.671,-20.083
114.73,-19.938
114.789,-19.938
114.848,-19.792
114.907,-19.986
114.966,-20.18
115.026,-19.986
115.085,-20.035
115.144,-19.502
115.203,-19.114
115.262,-19.308
115.321,-19.792
115.38,-19.55
115.44,-19.017
115.499,-18.048
115.558,-18.242
115.617,-18.339
115.676,-18.387
115.735,-17.951
115.795,-16.934
115.854,-16.256
115.913,-15.723
115.972,-16.062
116.031,-15.481
116.09,-14.705
116.149,-14.027
116.209,-13.785
116.268,-13.543
116.327,-13.252
116.386,-13.204
116.445,-13.494
116.504,-13.01
116.564,-12.525
116.623,-12.768
116.682,-13.204
116.741,-12.865
116.8,-11.944
116.859,-11.169
116.918,-11.314
116.978,-10.975
117.037,-10.83
117.096,-10.491
117.155,-10.636
117.214,-9.522
117.273,-9.183
117.333,-9.086
117.392,-10.006
117.451,-8.989
117.51,-8.262
117.569,-6.906
117.628,-7.051
117.688,-6.712
117.747,-6.76
117.806,-6.179
117.865,-5.84
117.924,-4.241
117.983,-3.756
118.042,-3.369
118.102,-3.611
118.161,-2.352
118.22,-1.964
118.279,-0.947
118.338,-0.656
118.397,0.701
118.457,0.071
118.516,0.604
118.575,0.846
118.634,2.638
118.693,3.171
118.752,3.947
118.811,3.171
118.871,4.334
118.93,4.818
118.989,6.078
119.048,5.884
119.107,6.466
119.166,5.594
119.226,6.078
119.285,5.206
119.344,6.369
119.403,6.175
119.462,7.096
119.521,7.192
119.58,8.258
119.64,8.646
119.699,9.857
119.758,9.518
119.817,9.76
119.876,9.13
119.935,11.02
119.995,11.456
120.054,12.667
120.113,11.504
120.172,12.134
120.231,11.601
120.29,12.715
120.35,12.667
120.409,14.459
120.468,14.314
120.527,14.702
120.586,13.587
120.645,14.266
120.704,14.508
120.764,15.525
120.823,14.75
120.882,15.331
120.941,13.975
121,14.847
121.059,15.041
121.119,16.203

