timestamp,1X_Amp_29VT-2001X,1X_Amp_29VT-2001Y,1X_Amp_29VT-2003X,1X_Amp_29VT-2003Y,1X_Amp_29VT-2005X,1X_Amp_29VT-2005Y,1X_Amp_29VT-2007X,1X_Amp_29VT-2007Y,1X_Phase_29VT-2001X,1X_Phase_29VT-2001Y,1X_Phase_29VT-2003X,1X_Phase_29VT-2003Y,1X_Phase_29VT-2005X,1X_Phase_29VT-2005Y,1X_Phase_29VT-2007X,1X_Phase_29VT-2007Y,29SIC2001,29SIC2001A,29FI2005,29FI2006,29PI2011,29PI2012,29PDI2007A,29LI2002A,29TI2030,29TI2031,29TI2026A
2026-02-20 00:00:00,17.4063,16.0356,47.9632,31.9774,9.7115,8.3328,6.8215,13.336,105.2098,14.0,217.3891,126.6222,5.9412,292.0,156.0,74.0,4815.0,98.3696,28485.8684,27097.5984,3.8723,0.4403,21.2332,65.9271,395.6965,246.1109,49.3294
2026-02-20 01:00:00,17.0532,15.7012,48.0388,32.4231,9.7321,8.2359,6.6856,13.1291,104.7397,16.6063,217.2904,128.6166,5.0696,292.0,155.037,73.7907,4815.0,98.3696,28365.3079,27030.682,3.8656,0.434,21.1449,65.9239,395.2342,246.1384,49.3163
2026-02-20 02:00:00,16.9834,15.3747,45.295,32.0247,9.6409,8.1983,6.4141,12.8712,108.2669,15.5939,217.6821,126.1378,6.9348,292.2388,153.0,72.7854,4815.0,98.3696,28685.0456,27249.7912,3.8621,0.4631,21.1085,65.9198,395.2498,248.282,49.3456
2026-02-20 03:00:00,17.1081,15.9635,47.0472,35.4735,9.3972,8.2844,6.1527,12.7544,106.719,13.0,216.0,126.9421,7.0,293.0,153.0429,72.2031,4815.0,98.3696,28342.5668,26947.3139,3.8716,0.4345,21.1159,65.9157,395.9467,247.0488,49.3893
2026-02-20 04:00:00,17.0189,15.827,48.9901,33.9068,9.5946,8.1875,6.2312,12.7727,105.3674,14.5841,218.6714,126.3179,7.069,293.0,153.0,72.0,4815.0,98.3696,28624.8172,27187.5628,3.8717,0.4598,21.1563,65.9116,395.56,248.3417,49.4331
2026-02-20 05:00:00,17.1747,15.0689,47.2292,31.2961,10.0303,8.6986,6.4267,13.9361,106.0,13.7756,215.988,128.0,2.9178,289.0,154.0,71.7989,4815.0,98.3696,28739.6921,27237.9174,3.8782,0.4633,21.1076,65.9075,395.5537,248.8184,49.4692
2026-02-20 06:00:00,17.2387,16.063,47.2173,32.6703,10.0042,8.3813,6.9366,12.5427,107.4958,12.727,220.2957,120.4517,7.0,293.0,153.9197,71.7608,4815.0,98.3696,28464.5651,27108.2304,3.8699,0.4397,21.0337,65.9034,395.3283,246.9342,49.4551
2026-02-20 07:00:00,16.6943,16.0732,49.9806,32.46,9.9316,8.3328,6.4434,12.6629,107.0,13.0,216.4354,124.9197,7.9457,293.0,150.9642,69.2289,4815.0,98.3696,28260.4813,27002.0833,3.8696,0.4284,21.1993,65.8993,395.9278,247.1111,49.434
2026-02-20 08:00:00,16.67,16.0758,49.131,32.9654,9.7884,8.3428,6.4476,12.4171,107.0,14.0,221.9226,126.0863,8.0,294.0,148.9864,69.2139,4815.0,98.3696,29003.5388,27625.3016,3.8694,0.4639,21.2265,65.8977,388.8411,242.3478,49.4128
2026-02-20 09:00:00,17.1364,15.5896,44.4313,30.1303,9.8595,8.4503,6.4244,12.8097,105.0,12.0,217.307,126.1505,7.9446,293.755,146.0524,69.0,4815.0,98.3696,29085.8002,27737.0526,3.8636,0.4633,21.1165,65.9149,385.5921,238.9815,49.3987
2026-02-20 10:00:00,16.9744,15.9168,47.0177,32.8372,10.0784,8.5751,6.501,13.3202,106.9748,13.787,219.4651,127.6736,4.948,289.2474,151.0,71.0,4815.0,98.3696,28631.8555,27262.9325,3.873,0.4394,20.7963,65.9328,391.2677,243.1391,49.7816
2026-02-20 11:00:00,16.8958,16.08,46.8956,33.1897,9.8632,8.3707,6.0174,12.5648,105.4645,15.0,218.3444,126.9274,7.9359,294.0,144.0592,67.7847,4815.0,98.3696,28814.6052,27386.4393,3.8623,0.4562,20.3188,65.9507,391.5761,244.241,50.254
2026-02-20 12:00:00,17.2874,16.1113,51.3717,31.8655,9.7832,8.3813,5.7361,12.7415,102.2626,12.2008,217.3089,126.0612,7.0,293.0,143.0399,68.0,4815.0,98.3696,28949.8667,27557.34,3.8741,0.4623,20.075,65.9686,391.2277,243.7198,50.7263
2026-02-20 13:00:00,16.5907,16.3214,49.9812,32.0639,9.8256,8.4187,5.7381,12.7405,104.1006,13.7911,219.6613,134.5491,6.9315,292.7667,146.9647,68.1959,4815.0,98.3696,29003.1727,27604.3105,3.8712,0.4639,20.0238,65.9865,391.1245,244.4259,50.7885
2026-02-20 14:00:00,16.4269,16.0947,44.9193,30.2415,9.6973,8.3697,5.9484,12.4504,104.0,13.0,216.6479,127.0522,7.0,293.0,147.0,69.0,4815.0,98.3696,28901.9335,27473.4247,3.8694,0.4631,20.0277,66.0032,391.8171,245.0252,50.738
2026-02-20 15:00:00,17.4686,15.8833,45.4171,31.8319,9.5919,8.3328,5.5251,12.3394,105.5085,15.1816,220.0961,129.3688,7.0,293.0,146.0145,69.2417,4815.0,98.3696,28878.9002,27441.3693,3.8758,0.4621,20.0023,65.9803,391.6643,244.4282,50.6876
2026-02-20 16:00:00,16.9112,15.7713,47.6789,32.4954,9.6412,8.3713,5.9013,12.7112,106.0,12.0,217.0,126.8363,7.0,292.2493,147.0199,68.7703,4815.0,98.3696,29045.4388,27528.3001,3.8708,0.4637,20.535,65.9405,392.7501,244.986,50.2153
2026-02-20 17:00:00,17.2762,16.0615,47.5715,31.5676,9.9802,8.3813,5.9726,12.4803,103.2553,11.0,213.21,124.7054,5.0446,292.0,147.948,70.0,4815.0,98.3696,28832.1723,27152.7958,3.8664,0.4387,20.4071,65.9258,393.1448,243.7532,50.2458
2026-02-20 18:00:00,17.0542,16.4719,46.5007,30.1431,9.7852,8.3813,5.9589,12.6598,104.7414,14.6034,216.1015,125.1597,6.0,292.7553,148.979,71.0,4815.0,98.3696,28698.2152,27311.1295,3.8743,0.4532,20.4838,65.9261,392.5378,244.7921,50.262
2026-02-20 19:00:00,17.8612,16.1601,46.862,29.7634,9.6658,8.3328,5.8136,12.3055,103.0,12.0,215.0,120.4287,8.8733,293.0,147.0,68.0,4815.0,98.3696,28667.2188,27097.8479,3.8772,0.4277,20.908,65.9264,391.9542,243.0693,49.9916
2026-02-20 20:00:00,16.9568,16.0252,46.5247,33.163,9.5937,8.3328,5.939,12.288,105.5265,15.1996,212.6524,125.1465,7.0,293.0,147.0512,70.7818,4815.0,98.3696,28854.1267,27412.2485,3.8747,0.462,20.9645,65.9267,391.9363,244.3891,49.7211
2026-02-20 21:00:00,17.177,15.9742,48.7339,32.2397,9.8093,8.4188,6.1711,12.2896,106.9083,14.3644,219.3268,125.1326,5.9306,290.2334,147.0336,69.0,4815.0,98.3696,28520.2538,27208.5975,3.8775,0.4323,20.9991,65.927,392.1315,243.1373,49.5573
2026-02-20 22:00:00,16.932,15.2346,50.2292,33.6426,9.6878,8.3328,6.1722,12.193,105.2852,12.0,217.3473,124.7948,7.0808,293.0,146.9537,71.0,4815.0,98.3696,28745.4799,27305.0121,3.8703,0.4511,20.9891,65.9273,392.1326,243.9226,49.4915
2026-02-20 23:00:00,17.5858,16.445,49.7221,32.1869,9.7436,8.2359,6.1527,12.1277,103.1702,12.6445,218.6638,124.3607,8.7762,292.216,146.0,69.2072,4815.0,98.3696,28603.3182,27228.9225,3.8736,0.4438,21.092,65.9276,391.6216,243.6781,49.4257
2026-02-21 00:00:00,17.258,15.7674,47.1747,29.638,9.7893,8.3229,6.0175,12.2235,106.7569,13.1899,219.9268,129.4853,8.0,292.2504,144.9815,69.2306,4815.0,98.3696,28699.3442,27354.8378,3.8754,0.4461,21.1283,65.9279,391.3784,243.5065,49.3598
2026-02-21 01:00:00,17.3492,16.2131,48.2227,31.0465,9.9553,8.3328,5.9193,12.2086,104.25,14.6295,217.2758,126.6281,6.0412,293.0,148.0,70.0,4815.0,98.3696,28444.383,27137.7497,3.8803,0.4286,21.2821,65.9275,391.7358,242.9846,49.294
2026-02-21 02:00:00,16.3304,15.8071,47.673,32.9856,9.9316,8.2844,6.1828,12.693,105.2273,13.4202,219.943,124.9195,6.0,291.247,150.9781,70.2287,4815.0,98.3696,28502.5641,27231.4547,3.8765,0.4328,21.3259,65.9269,392.0735,242.6164,49.2282
2026-02-21 03:00:00,16.5727,16.0498,48.2955,33.7208,9.8347,8.3813,6.0071,12.257,103.744,12.3847,219.7153,123.1723,6.9513,292.0,150.0,70.7728,4815.0,98.3696,28653.8054,27386.608,3.8701,0.4436,21.3924,65.9263,391.5725,243.3447,49.1623
2026-02-21 04:00:00,16.6791,15.6642,49.2527,32.511,9.8124,8.2569,6.1225,12.1601,104.2612,13.0,218.045,126.0763,7.0596,292.7574,149.0219,69.2236,4815.0,98.3696,28667.5335,27325.2386,3.8718,0.445,21.3316,65.9311,391.3991,243.2612,49.0965
2026-02-21 05:00:00,16.9101,16.1359,46.0973,32.2611,9.7876,8.2359,5.872,12.1264,104.4824,13.2114,217.0249,127.2465,7.935,293.0,147.9645,70.7891,4815.0,98.3696,28718.3861,27429.0936,3.8754,0.4526,21.2581,65.9462,391.3577,243.7615,49.1072
2026-02-21 06:00:00,16.8391,15.7936,45.0985,31.9482,9.7339,8.3813,5.8813,12.2541,106.4621,14.7934,218.3796,127.9293,7.0,292.0,148.0623,70.215,4815.0,98.3696,28618.8757,27303.0922,3.8751,0.4388,21.2548,65.9613,391.3668,243.1721,49.157
2026-02-21 07:00:00,17.1002,15.9593,47.6441,33.2804,9.7685,8.2844,5.9004,12.3535,105.2758,12.7882,217.9979,126.0654,7.0,292.2298,150.9234,71.2101,4815.0,98.3696,28450.0135,27174.6134,3.8789,0.4303,21.3628,65.9764,391.7429,242.7052,49.2068
2026-02-21 08:00:00,16.6981,15.4816,50.0331,31.1922,9.7882,8.3328,6.0947,12.3379,105.8963,13.3379,214.9886,126.0,7.9342,292.779,147.0956,69.2097,4815.0,98.3696,28687.4901,27360.9824,3.8722,0.4439,21.3068,65.9915,391.7671,242.694,49.2565
2026-02-21 09:00:00,17.0896,16.3126,49.602,31.9327,9.5928,8.3716,5.8826,12.2908,103.0,13.8146,219.4696,125.1802,7.0459,293.0,146.0,69.7655,4815.0,98.3696,28919.8466,27483.8652,3.8677,0.4638,21.0543,66.0066,391.2226,244.0585,49.3387
2026-02-21 10:00:00,17.0151,16.1258,51.281,32.0899,9.6891,8.411,6.2771,12.708,103.5213,12.357,218.3508,126.2345,6.0516,292.7509,149.9797,69.4743,4815.0,98.3696,28900.2519,27485.16,3.8739,0.4635,20.7975,66.0217,390.9477,244.2131,49.6095
2026-02-21 11:00:00,17.301,16.0581,48.6276,33.3786,9.6896,8.3813,6.1742,12.5626,104.7591,13.187,217.6433,127.8302,6.0485,292.0,148.0,70.2339,4815.0,98.3696,28860.6817,27490.0893,3.8631,0.4641,20.5855,66.0368,392.0208,245.0611,49.8803
2026-02-21 12:00:00,17.2814,16.209,52.0835,32.3535,9.4696,8.3328,5.9867,12.4154,106.0,15.2052,220.048,131.6122,6.9417,293.0,146.0233,71.0,4815.0,98.3696,28850.6316,27516.8582,3.8711,0.4647,20.4389,66.0369,393.1066,245.9303,50.1511
2026-02-21 13:00:00,17.3071,16.6619,49.7289,30.6742,9.7127,8.3913,6.1738,12.9051,101.2611,13.5927,219.9256,128.1407,5.9352,292.0,150.0,73.2144,4815.0,98.3696,28850.1544,27451.2965,3.8702,0.4649,20.2428,66.0206,393.2314,246.1997,50.4219
2026-02-21 14:00:00,16.4763,16.2222,51.5417,34.6252,9.4942,8.3117,6.0161,11.9663,106.0,11.4062,220.346,128.7054,6.0608,293.0,146.9737,73.0,4815.0,98.3696,28848.5689,27442.1204,3.8796,0.461,20.2878,66.0042,393.2177,246.0308,50.5064
2026-02-21 15:00:00,16.9541,16.5365,48.6018,32.0663,9.7413,8.3813,6.3161,12.7572,104.0,14.3519,218.3327,126.1896,6.9293,292.0,147.1917,72.0,4815.0,98.3696,28798.0284,27401.2133,3.8685,0.4605,20.3579,65.9879,393.7025,246.2683,50.4922
2026-02-21 16:00:00,16.8641,15.5267,47.5545,31.8056,10.2707,9.1564,5.9783,13.7287,105.0,13.7909,223.0,126.7338,2.0672,290.2361,153.0,67.2154,4815.0,98.3696,28897.3748,27187.9092,3.871,0.4518,20.3334,65.9715,393.9237,245.4865,50.4701
2026-02-21 17:00:00,17.2327,16.5403,46.8067,31.1657,9.9285,8.672,6.658,14.3241,104.5621,12.2188,218.3403,129.0,2.0,287.0,157.0407,75.0,4815.0,98.3696,28611.7015,27244.7047,3.8626,0.4419,20.5548,65.9552,394.1449,244.931,50.2442
2026-02-21 18:00:00,17.04,16.1104,47.3631,31.3244,9.5951,8.2359,6.5887,12.8065,105.447,12.0,218.3452,126.8113,7.0712,293.0,156.8561,74.2253,4815.0,98.3696,28518.4369,27168.1077,3.8728,0.4316,20.892,65.9388,394.3307,244.8789,49.9704
2026-02-21 19:00:00,16.5203,15.8905,48.939,31.6339,9.6894,8.313,6.5313,12.5665,103.5038,13.1887,217.7192,119.3435,8.0,293.0,151.0106,74.0,4815.0,98.3696,29009.029,27288.9923,3.8725,0.4536,21.0707,65.9225,394.4208,245.7865,49.6966
2026-02-21 20:00:00,17.7413,16.3375,46.7808,29.2658,9.8836,8.2359,6.5011,12.4992,103.7471,14.3989,221.2539,125.7723,9.0542,293.0,152.9774,74.7746,4815.0,98.3696,28707.0773,27234.716,3.8743,0.4578,21.1177,65.9141,394.0684,245.5304,49.4591
2026-02-21 21:00:00,17.3636,16.0167,49.0547,32.4225,9.7372,8.1976,6.4956,12.7264,103.7436,12.574,217.2907,124.7532,6.9492,292.7469,154.0,75.0,4815.0,98.3696,28577.1509,27259.9092,3.8787,0.4434,21.0985,65.9127,393.4072,244.5529,49.5701
2026-02-21 22:00:00,16.7277,15.939,48.0807,31.2326,10.1268,8.731,6.9959,12.8245,104.7352,11.0095,218.3452,127.0756,4.0603,291.0,149.9708,70.7828,4815.0,98.3696,28474.8228,27147.3986,3.8714,0.4347,20.9458,65.9114,393.2685,244.4252,49.7036
2026-02-21 23:00:00,17.7238,16.3859,46.6663,32.8151,9.8822,8.3226,6.9033,12.6628,104.2569,11.0,216.3522,126.0,7.0,292.0,157.0225,76.0,4815.0,98.3696,28560.8897,27221.8467,3.8792,0.441,20.9967,65.9101,393.3754,244.6819,49.6366
2026-02-22 00:00:00,17.4801,16.6887,45.8682,32.04,10.1738,8.5536,6.7824,14.2918,103.8082,13.0,220.6591,129.1362,1.0643,286.0,157.0283,76.2164,4815.0,98.3696,28312.3158,27079.7506,3.8758,0.4235,21.0876,65.9087,393.3823,243.838,49.465
2026-02-22 01:00:00,16.7518,15.656,49.286,31.073,9.6665,8.1612,6.7927,12.9353,104.0,10.5985,221.9975,124.2248,8.0749,293.0,156.0767,75.0,4815.0,98.3696,28572.8139,27193.4539,3.8682,0.4451,21.1585,65.9074,394.0134,245.2419,49.2935
2026-02-22 02:00:00,17.1877,16.0269,47.396,29.8717,9.5902,8.2199,6.4053,12.7089,105.0,14.0,215.6478,127.1334,7.0685,293.2343,154.7941,73.0,4815.0,98.3696,28561.9659,27227.7088,3.8756,0.44,21.4342,65.9061,393.5712,245.1406,49.122
2026-02-22 03:00:00,16.8289,16.1934,47.2764,31.4194,9.738,8.2458,6.6808,12.6118,106.4314,13.805,219.64,126.2616,7.0471,293.0,154.0,72.7657,4815.0,98.3696,28738.253,27299.8125,3.8738,0.4547,21.5536,65.905,393.0406,245.4567,48.9504
2026-02-22 04:00:00,17.3961,16.2724,50.0332,31.3447,9.6171,8.2359,6.3268,12.4508,106.7572,14.8077,218.3582,126.243,7.9422,292.2466,150.0717,71.7766,4815.0,98.3696,28705.3885,27352.3193,3.871,0.4477,21.582,65.9136,392.7457,244.9634,48.8361
2026-02-22 05:00:00,16.8364,16.1216,46.9799,33.1653,9.5446,8.139,6.7104,12.2051,105.2408,13.1904,219.0741,129.0,8.0515,293.0,152.986,72.7685,4815.0,98.3696,28514.9557,27234.1223,3.8822,0.435,21.3641,65.9281,393.0016,244.2819,49.0069
2026-02-22 06:00:00,16.0946,15.7173,51.1046,32.8032,9.5674,8.2359,6.5111,12.4508,105.2641,13.1994,217.0562,132.308,9.8796,293.2422,151.0237,73.0,4815.0,98.3696,28534.2662,27210.01,3.87,0.4313,21.2857,65.9427,393.2552,244.0367,49.2133
2026-02-22 07:00:00,16.3366,15.7828,50.173,30.1221,9.6426,8.2258,6.4043,12.4298,106.0,12.5867,218.7004,129.8387,8.0,293.0,153.9189,74.0,4815.0,98.3696,28623.0517,27404.9324,3.8748,0.4438,21.2522,65.9573,393.5027,245.0779,49.4197
2026-02-22 08:00:00,16.5627,15.7586,47.2473,33.5289,9.5265,8.3328,6.3563,12.4522,106.2701,14.4142,220.2838,125.0,6.1275,293.2389,152.0,73.0,4815.0,98.3696,28860.5693,27401.8849,3.8713,0.4581,21.1215,65.9718,393.6566,245.8246,49.6261
2026-02-22 09:00:00,17.5393,15.4116,49.6328,31.8028,9.544,8.2359,6.259,12.2258,105.2627,12.7967,222.3033,124.4732,7.0755,293.0,150.0387,73.0,4815.0,98.3696,28755.2005,27338.2783,3.8709,0.4596,20.8224,65.9864,394.2119,246.5878,49.8325
2026-02-22 10:00:00,16.9744,16.1382,47.9842,31.684,9.5031,8.2626,5.9974,12.257,105.7284,11.5784,220.683,126.3422,7.0,293.0,149.9632,74.0,4815.0,98.3696,28806.2187,27438.0928,3.8675,0.4622,20.6264,66.0009,393.9249,246.3265,50.0871
2026-02-22 11:00:00,17.3037,17.0006,50.288,29.1891,9.5471,8.2359,5.9619,12.0305,103.1494,10.0,216.3417,123.2327,8.0,293.0,147.9564,71.2013,4815.0,98.3696,28508.7325,27137.4944,3.8648,0.4407,20.3115,66.0024,392.9439,244.6088,50.3481
2026-02-22 12:00:00,17.0374,16.2612,49.6494,30.9038,9.374,8.139,6.1384,11.55,100.7361,10.3616,219.0,126.4459,7.0571,293.2617,141.1158,71.7633,4815.0,98.3696,28492.7147,27141.3902,3.8804,0.4358,20.2453,65.9979,392.908,244.6281,50.609
2026-02-22 13:00:00,17.7315,16.7332,45.4362,28.3664,9.4234,8.139,6.2892,11.9029,102.7414,11.8095,218.0,122.4292,7.0,293.7462,143.9854,72.0,4815.0,98.3696,28526.2159,27179.6909,3.8712,0.4369,20.2437,65.9933,393.1017,244.5679,50.6201
2026-02-22 14:00:00,17.4218,16.8386,48.0132,30.4487,9.4956,8.2255,6.2879,11.5639,101.0,12.1827,216.7104,127.7048,8.0,294.0,147.0,74.7671,4815.0,98.3696,28575.6302,27183.8614,3.865,0.443,20.3344,65.9888,393.7527,244.8325,50.5273
2026-02-22 15:00:00,17.8284,16.3623,47.8261,29.3399,9.3979,8.2359,6.1619,11.7725,103.0,11.0,217.6458,125.8348,7.897,293.0,145.981,73.2263,4815.0,98.3696,28725.8169,27339.0925,3.8666,0.4528,20.3217,65.9843,393.8959,245.4221,50.4346
2026-02-22 16:00:00,16.8179,16.6811,45.7523,29.6306,9.3233,8.139,6.4531,12.2555,105.4643,12.4128,214.3629,124.4146,7.0654,293.2387,150.9678,77.0,4815.0,98.3696,28516.1858,27222.7962,3.8702,0.4362,20.3737,65.9798,393.3311,244.8559,50.3418
2026-02-22 17:00:00,16.935,16.6381,46.2444,31.5913,9.6172,8.215,6.8794,12.099,104.2636,11.1951,217.3481,124.3134,8.0,294.0,156.0,78.0,4815.0,98.3696,28434.219,27100.8743,3.8687,0.4317,20.6708,65.9752,393.1157,244.994,50.1712
2026-02-22 18:00:00,17.4807,16.6683,45.9411,30.3055,9.5426,8.1875,7.3739,12.5318,102.5433,12.4206,215.0125,124.9321,9.0676,294.0,161.0,78.0,4815.0,98.3696,28315.848,27035.8608,3.8781,0.4219,21.1178,65.9707,393.5542,244.1161,49.7242
2026-02-22 19:00:00,18.0158,16.2172,47.8526,30.0157,9.595,8.3221,6.9665,12.3862,104.199,12.4139,215.9881,125.0,8.8025,293.0,154.0954,77.0,4815.0,98.3696,28645.978,27270.9911,3.8741,0.451,21.2405,65.9603,393.5278,246.0584,49.4445
2026-02-22 20:00:00,16.7929,15.8705,47.4011,33.177,9.7149,8.2137,6.7442,12.3216,109.0,14.4325,218.0075,129.8176,9.0,293.0,151.9585,74.0,4815.0,98.3696,28601.7552,27205.862,3.8796,0.442,21.3128,65.9485,393.5539,245.0507,49.4151
2026-02-22 21:00:00,17.2184,16.1369,47.2626,32.9866,9.8347,8.2359,6.547,12.4807,105.7462,14.8097,214.0659,125.2966,8.0,293.0,153.9834,72.0,4815.0,98.3696,28533.2392,27310.7095,3.8769,0.4423,21.2681,65.9366,393.5866,245.0462,49.3954
2026-02-22 22:00:00,17.4196,15.4789,51.1373,34.3941,9.6406,8.323,6.6278,12.5869,107.0,13.1849,217.0,127.0,8.0438,293.743,153.0587,74.0,4815.0,98.3696,28478.3202,27161.6777,3.8752,0.4345,21.0786,65.9248,393.6201,245.0476,49.5359
2026-02-22 23:00:00,16.8055,16.2493,46.4767,32.3825,9.5431,8.1008,6.6856,12.2875,104.7519,12.5957,220.0555,125.4893,9.0532,294.0,153.0229,74.0,4815.0,98.3696,28462.7284,27099.8514,3.8648,0.4329,20.8761,65.9129,393.7549,244.5062,49.7079
2026-02-23 00:00:00,17.857,16.882,48.3629,30.8548,9.6872,8.139,6.6946,12.4992,105.2583,12.0,219.0708,125.3484,9.0,294.0,153.9709,75.0,4815.0,98.3696,28450.9624,27087.8326,3.8726,0.434,20.8388,65.9011,394.2969,244.7613,49.8761
2026-02-23 01:00:00,18.0495,16.493,47.4022,33.1925,9.6906,8.2359,6.5403,12.4992,105.2054,13.0,217.3496,125.848,8.9412,294.0,153.9738,74.2211,4815.0,98.3696,28488.9248,27218.982,3.8706,0.4351,20.8533,65.8892,394.2512,244.696,49.8609
2026-02-23 02:00:00,17.5785,16.9429,46.4098,31.6253,9.5902,8.1875,6.2308,12.3214,103.727,11.4171,218.3295,122.2656,8.0711,294.0,152.0,73.7878,4815.0,98.3696,28815.61,27161.1738,3.8717,0.4428,20.9503,65.8774,393.5058,245.226,49.8169
2026-02-23 03:00:00,17.6709,16.2675,49.4446,31.6019,9.6176,8.2146,6.4924,12.5322,106.0,13.797,217.3443,126.8542,9.0,293.0,151.0578,73.2131,4815.0,98.3696,28853.6127,27295.0153,3.8639,0.4485,21.0031,65.877,393.7478,245.4958,49.7729
2026-02-23 04:00:00,17.287,15.9677,48.5655,31.1852,9.646,8.139,6.5123,12.3539,103.5565,13.2159,219.3323,130.81,8.8563,294.0,154.0,74.7938,4815.0,98.3696,28377.467,27061.0144,3.8753,0.4272,21.0887,65.8793,394.0013,244.3021,49.729
2026-02-23 05:00:00,17.3088,16.5197,49.0179,31.9545,9.543,8.1492,6.5133,12.2285,104.5397,14.162,218.3271,125.9358,9.0,294.0,151.9614,73.0,4815.0,98.3696,28509.2429,27197.961,3.8785,0.4373,20.9832,65.8816,393.8782,245.0804,49.6942
2026-02-23 06:00:00,16.7094,16.4748,49.1015,31.7974,9.6406,8.139,7.2273,12.6357,106.7505,12.1876,217.3631,124.9075,8.9562,293.7433,162.9768,77.766,4815.0,98.3696,28493.2965,27244.8912,3.8769,0.4372,20.8519,65.8839,393.4801,244.775,49.775
2026-02-23 07:00:00,17.1883,16.4651,48.2152,31.5451,9.8347,8.2565,6.5497,12.2086,104.7423,12.1952,220.7173,123.3892,9.0,294.0,163.9787,77.0,4815.0,98.3696,28583.3589,27164.4846,3.8674,0.4426,21.0434,65.8862,393.5374,244.9209,49.8564
2026-02-23 08:00:00,16.8345,16.3076,46.8107,32.7489,9.5437,8.1974,6.5492,12.8868,105.7488,13.1905,218.4649,128.0873,9.0,294.0,164.0156,80.0,4815.0,98.3696,28603.6948,27248.1015,3.8729,0.4447,20.8443,65.8885,393.7387,244.8234,49.9345
2026-02-23 09:00:00,16.9193,15.5293,48.6796,31.8799,9.4749,8.2949,6.2496,12.4215,104.5206,12.4009,217.3462,125.1448,9.9401,294.7592,164.0,80.0,4815.0,98.3696,28691.753,27255.5107,3.8804,0.4528,20.7356,65.8908,394.4791,246.5675,50.0148
2026-02-23 10:00:00,16.7221,15.8732,51.3492,30.8567,9.8097,8.2359,6.1923,12.6446,106.4504,15.1996,220.5815,129.0,8.0,294.0,165.0,79.21,4815.0,98.3696,28683.7995,27315.3148,3.8785,0.4528,20.5043,65.8932,394.3505,246.3628,50.1367
2026-02-23 11:00:00,17.0605,16.5688,51.6213,29.6561,9.693,8.2844,6.3463,12.4837,106.5342,12.6131,217.3779,127.0732,8.8724,294.0,163.9386,81.0,4815.0,98.3696,28834.8899,27363.8491,3.8726,0.4606,20.444,65.9769,393.9531,246.7598,50.2602
2026-02-23 12:00:00,16.9065,16.1112,49.471,29.9129,9.5712,8.2732,6.2496,12.5802,104.0,13.0,217.9984,128.8762,9.0,294.0,163.0406,81.0,4815.0,98.3696,29011.2323,27388.3964,3.8806,0.4544,20.5868,65.9698,393.8341,245.7135,50.3012
2026-02-23 13:00:00,17.151,16.3853,49.3683,32.1317,9.523,8.1986,6.3465,12.6277,105.7157,13.7876,218.6654,131.7035,8.9303,294.0,163.9308,80.1948,4815.0,98.3696,28582.9863,27241.0331,3.8723,0.4454,20.5588,65.9576,393.7174,245.3659,50.2651
2026-02-23 14:00:00,17.2367,16.1585,50.0362,33.6604,9.6409,8.3328,6.272,12.5625,102.7515,13.8122,215.7222,128.1745,7.0,293.0,164.0,79.0,4815.0,98.3696,28625.5877,27237.5882,3.8651,0.447,20.4633,65.9454,393.6339,245.8628,50.2291
2026-02-23 15:00:00,17.5249,15.8333,45.385,32.1195,9.52,8.1971,6.4264,12.2596,102.7271,14.6066,218.5551,123.2372,8.038,294.0,164.0229,78.0,4815.0,98.3696,28578.8889,27283.4827,3.8767,0.4443,20.4583,65.9333,393.5436,245.2811,50.193
2026-02-23 16:00:00,17.5807,16.4265,51.5869,31.8084,9.5675,8.2844,6.4252,12.2869,105.2451,15.0347,221.2888,131.7455,8.9532,294.0,162.9662,79.7703,4815.0,98.3696,29059.0313,27372.6604,3.8654,0.4602,20.5685,65.9211,393.4247,245.8605,50.157
2026-02-23 17:00:00,17.2642,15.9848,49.3592,33.694,9.6804,8.3813,6.2878,12.8546,103.7494,12.6298,219.6363,129.4476,7.044,294.0,161.9609,80.0,4815.0,98.3696,28628.9889,27256.8375,3.8782,0.4481,20.7221,65.9089,393.3058,245.1935,50.0571
2026-02-23 18:00:00,17.3924,16.6345,45.9842,30.6468,9.7387,8.2359,6.2981,12.0455,103.0,12.3942,217.6858,129.5977,9.0,294.7519,164.9332,79.0,4815.0,98.3696,28609.8236,27077.6111,3.8704,0.4247,20.9576,65.8967,393.1996,244.1244,49.8313
2026-02-23 19:00:00,17.6481,16.3189,46.9462,31.281,9.8327,8.306,6.3277,11.9167,106.0,13.4129,218.9577,126.9322,9.9326,294.2387,162.9709,79.0,4815.0,98.3696,28668.7651,27100.4514,3.8777,0.4243,21.1455,65.8878,393.5335,243.4899,49.6055
2026-02-23 20:00:00,17.8461,16.1544,48.2777,31.1858,9.836,8.2844,6.2303,12.2725,105.0,13.0,219.0,130.5148,8.0742,294.0,163.0397,80.0,4815.0,98.3696,28610.9664,27132.9406,3.8801,0.4321,21.1992,65.8925,393.0242,244.0047,49.4052
2026-02-23 21:00:00,17.1565,16.1921,44.8985,31.8519,9.98,8.4782,6.5018,12.5636,105.0949,15.3698,217.0105,123.0636,8.0,294.0,166.9628,78.0,4815.0,98.3696,28698.8406,27292.3605,3.8678,0.45,20.9975,65.8985,392.6757,245.1995,49.5868
2026-02-23 22:00:00,17.2464,16.219,49.5674,35.5094,9.4956,8.2359,6.5266,12.257,107.8565,14.0,218.3421,125.0,9.9197,295.0,165.0466,80.0,4815.0,98.3696,28503.7507,27162.3059,3.8775,0.4337,21.121,65.9044,392.9332,244.1088,49.6061
2026-02-23 23:00:00,17.3101,15.6699,47.4335,30.4983,9.7857,8.3424,6.4527,12.6831,103.7354,12.3585,218.4646,127.1911,9.8945,294.0,165.0,80.0,4815.0,98.3696,28481.374,27137.2519,3.8693,0.4367,21.1221,65.9104,393.2046,244.5363,49.541
2026-02-24 00:00:00,17.0505,16.3974,46.7584,32.2073,9.6893,8.1875,6.4919,11.9961,104.7686,15.0,219.3558,127.0842,9.9043,294.0,163.014,80.0,4815.0,98.3696,28471.4562,27180.035,3.8729,0.4322,21.1069,65.9163,393.11,243.915,49.476
2026-02-24 01:00:00,16.975,16.6085,48.9868,30.7849,9.6167,8.2746,6.5621,12.2875,105.1998,13.5903,219.9589,128.7871,8.1168,294.0,165.029,80.2186,4815.0,98.3696,28404.6556,27155.1115,3.8841,0.4252,21.1976,65.9223,392.704,242.6138,49.4109
2026-02-24 02:00:00,17.0058,16.4018,48.4785,28.8962,9.9284,8.2844,6.6598,12.2927,103.5176,13.8009,218.6478,124.077,9.0534,294.2494,163.9593,80.0,4815.0,98.3696,28337.526,27085.8439,3.8845,0.4209,21.3858,65.9282,393.0339,242.5915,49.3459
2026-02-24 03:00:00,17.6753,16.1052,47.7882,32.5363,9.8515,8.2946,6.7822,12.0001,106.4576,14.7962,218.6611,121.4105,9.9315,294.2356,163.9649,80.0,4815.0,98.3696,28428.4334,27155.0115,3.8743,0.4258,21.3875,65.9317,392.0209,242.5741,49.2809
2026-02-24 04:00:00,17.1786,16.6509,49.4729,31.6699,9.7127,8.2359,6.4339,12.3405,104.5302,12.2017,215.6776,128.3965,9.0,294.0,163.0264,80.0,4815.0,98.3696,28528.0059,27218.8222,3.8735,0.4326,21.3822,65.9234,392.5266,243.1942,49.2212
2026-02-24 05:00:00,17.5717,15.6917,48.1301,32.1994,9.8551,8.2359,6.415,12.4508,107.1771,13.0,218.6696,125.8728,9.0722,294.2304,163.0,80.2088,4815.0,98.3696,28415.2669,27109.0629,3.8675,0.4305,21.2585,65.9144,392.535,243.4205,49.2982
2026-02-24 06:00:00,16.3632,15.9425,49.24,31.1101,9.8287,8.2359,6.5791,12.2244,105.2873,13.0302,218.0,125.9333,9.0,294.0,161.9511,80.0,4815.0,98.3696,28272.6951,27053.2131,3.8655,0.4147,21.2566,65.9054,392.2487,242.4967,49.4303
2026-02-24 07:00:00,17.4286,15.9512,49.0277,32.6778,9.5352,8.1875,6.5301,12.1276,107.28,13.7818,216.6803,125.0583,10.0,295.0,162.9565,80.0,4815.0,98.3696,28527.3039,27207.3838,3.8802,0.4362,21.1074,65.8979,393.2209,243.8317,49.5624
2026-02-24 08:00:00,17.1737,15.853,43.5421,31.7211,9.5447,8.2639,6.5572,12.1299,107.5137,13.0,218.9419,124.3314,9.0533,295.0,162.9594,80.0,4815.0,98.3696,28405.1065,27147.2675,3.8731,0.4289,20.9963,65.8976,393.3604,243.8874,49.6945
2026-02-24 09:00:00,17.3384,15.8386,48.4978,31.8508,9.5931,8.2259,6.7072,12.2386,104.2547,13.3833,221.9309,127.314,9.0,294.7474,163.0,81.0,4815.0,98.3696,28406.6932,27099.3908,3.8723,0.4346,20.7785,65.8972,394.0526,245.159,49.8817
2026-02-24 10:00:00,16.3885,15.5997,51.5898,30.8573,9.5684,8.3328,6.2875,12.3539,105.5279,13.1988,221.3474,130.7652,7.0,294.0,164.0,80.0,4815.0,98.3696,28720.1357,27336.2717,3.8717,0.4508,20.5376,65.8969,393.8105,245.8271,50.1046
2026-02-24 11:00:00,17.1378,15.9193,48.7966,34.2443,9.5454,8.2564,6.6189,12.6628,105.0,12.6095,219.0,125.4952,7.0,293.0,164.9635,81.0,4815.0,98.3696,28711.4977,27388.5331,3.8733,0.4506,20.4028,65.8965,393.6086,245.9065,50.3275
2026-02-24 12:00:00,17.288,16.4114,51.1017,30.3609,9.5225,8.2359,6.7049,12.4837,103.731,13.3799,219.3143,125.9298,8.8708,294.0,166.8713,80.218,4815.0,98.3696,28814.936,27371.0374,3.8674,0.4595,20.2488,65.8962,393.2568,245.8594,50.5503
2026-02-24 13:00:00,16.5001,16.2399,50.5626,31.6781,9.4442,8.2844,6.2778,12.3711,105.4407,13.2038,221.0002,133.7072,9.0,294.757,163.0,81.0,4815.0,98.3696,28779.9151,27295.7529,3.8665,0.4584,20.159,65.8958,393.0714,246.2513,50.746
2026-02-24 14:00:00,17.1875,16.6033,49.7026,30.6414,9.7378,8.3328,6.2985,12.4024,105.0,11.7901,219.3232,129.6541,8.0,294.0,162.9302,79.7886,4815.0,98.3696,28732.7641,27277.924,3.8713,0.4523,20.1054,65.8955,393.3997,245.9086,50.6721
2026-02-24 15:00:00,17.0958,16.2577,46.8648,30.7948,9.5949,8.2585,6.5645,12.1926,104.8482,13.6654,217.0,127.8827,8.0765,293.2243,162.9068,80.0,4815.0,98.3696,28665.4373,27317.4893,3.8759,0.4437,20.1948,65.8944,393.6893,245.2718,50.5602
2026-02-24 16:00:00,17.5525,16.3688,52.8879,31.8705,9.5929,8.3138,6.6834,12.6734,106.2688,15.0,218.895,128.9015,6.0,292.7349,164.0,81.0,4815.0,98.3696,28651.0657,27297.3476,3.8756,0.4461,20.3634,65.8907,393.6752,245.0625,50.4453
2026-02-24 17:00:00,17.2625,16.4944,48.2142,31.5452,9.7618,8.4297,6.5314,12.8474,105.7454,12.0,222.2872,129.8262,6.0469,293.0,163.9857,80.0,4815.0,98.3696,28398.2367,27136.8156,3.8791,0.4263,20.5651,65.887,393.5253,243.6942,50.3089
2026-02-24 18:00:00,16.8325,16.1619,50.7506,32.9615,9.6186,8.2359,6.4213,12.257,106.4973,13.0,223.2396,127.0763,6.0,291.0,163.0,79.7796,4815.0,98.3696,28717.9356,27217.0402,3.8661,0.4276,20.6527,65.8833,393.6005,243.6254,50.1726
2026-02-24 19:00:00,17.563,16.1953,47.8796,32.323,9.7159,8.2359,6.9811,12.3539,107.0,14.0,220.2275,127.3192,9.0,294.0,165.0,80.7724,4815.0,98.3696,28663.8177,27025.36,3.8764,0.4219,20.9075,65.8795,393.3958,243.6478,50.0362
2026-02-24 20:00:00,16.6381,16.476,47.5205,30.9672,9.7688,8.1981,6.5694,12.0632,108.2662,16.3868,221.0,127.8599,9.0,294.2393,163.0138,80.2151,4815.0,98.3696,28690.0972,27214.7337,3.8675,0.4384,20.9682,65.8752,393.2018,244.6678,49.8998
2026-02-24 21:00:00,16.562,15.9012,49.2123,34.1412,9.498,8.1875,6.6372,12.1958,106.2096,13.3963,216.3504,128.6058,8.9416,294.0,164.0416,79.209,4815.0,98.3696,28512.664,27168.8694,3.8831,0.4359,21.0075,65.869,393.0078,244.8512,49.7761
2026-02-24 22:00:00,16.9594,16.2429,45.6319,30.0044,9.74,8.311,6.405,12.0952,106.0,15.6027,219.6625,126.203,8.9305,294.0,163.075,80.0,4815.0,98.3696,28690.1965,27229.6997,3.8762,0.4365,21.0046,65.8627,392.9691,244.5594,49.7571
2026-02-24 23:00:00,17.0249,15.9179,51.3158,31.2032,9.5695,8.2844,6.4338,12.176,107.4575,14.0,220.0268,126.9451,9.0,294.7787,163.0456,80.2142,4815.0,98.3696,28903.5349,27242.8379,3.8699,0.4428,21.01,65.8564,393.0159,244.9692,49.738
2026-02-25 00:00:00,16.5727,15.713,48.0817,34.3955,9.6893,8.2619,6.4563,12.0795,105.8944,14.2139,217.6661,122.1754,7.0,294.0,163.9613,80.0,4815.0,98.3696,28345.2264,27145.6713,3.8755,0.4295,21.0794,65.8502,393.0628,244.0147,49.719
2026-02-25 01:00:00,18.2133,16.4244,45.7597,31.2525,9.6656,8.1968,6.7991,12.4309,105.0,12.469,217.6462,120.289,8.9492,293.7464,163.0189,82.0,4815.0,98.3696,28353.4555,27052.0618,3.8726,0.4194,20.9263,65.8439,392.9246,243.2017,49.6999
2026-02-25 02:00:00,16.6611,16.1926,47.2315,31.2654,9.641,8.1875,6.7648,12.1412,107.2519,13.3777,222.5491,124.0872,8.9523,294.0,163.0123,81.0,4815.0,98.3696,28358.3048,27094.1317,3.8732,0.4241,20.9564,65.8376,392.7248,243.2933,49.6808
2026-02-25 03:00:00,17.8615,16.2762,48.4341,32.2765,9.9072,8.4297,6.5012,12.7511,106.2619,14.6029,221.2487,125.2326,6.941,292.7531,162.9787,80.0,4815.0,98.3696,28217.8534,27057.0627,3.8714,0.4144,21.0661,65.8314,392.9654,242.7255,49.6618
2026-02-25 04:00:00,17.598,16.4687,51.0199,31.9711,9.3987,8.1875,6.6498,12.2051,105.0,13.1901,218.3548,126.2503,8.1002,294.0,163.9655,79.0,4815.0,98.3696,28599.0585,27291.7529,3.8671,0.4428,21.1114,65.8284,393.1898,244.9425,49.6427
2026-02-25 05:00:00,17.0874,15.703,47.0485,34.0287,9.6893,8.1875,6.6372,12.3539,106.7349,15.0,219.344,126.7153,9.0,294.0,163.0603,80.7838,4815.0,98.3696,28476.7251,27161.2429,3.8625,0.4312,21.0446,65.8356,392.6478,244.3133,49.6481
2026-02-25 06:00:00,16.7953,16.2096,47.1206,32.6025,9.5904,8.1875,6.7135,12.1117,106.2602,15.0,217.9486,129.8463,9.0,294.7718,163.0247,81.0,4815.0,98.3696,28294.3497,27034.5679,3.8647,0.4184,21.0394,65.8428,392.889,243.2864,49.7262
2026-02-25 07:00:00,17.7127,16.2018,47.9775,30.9267,9.4956,8.1875,6.7629,11.8864,105.2719,13.0,222.2987,129.6663,8.1367,295.0,161.0932,79.0,4815.0,98.3696,28637.0855,27237.3225,3.8638,0.4486,20.9927,65.85,393.0551,244.9703,49.8043
2026-02-25 08:00:00,16.9953,16.6443,49.9138,31.4465,9.5705,8.2587,6.7443,12.2086,107.467,12.0,218.3333,130.9274,9.8398,294.0,162.0904,79.2036,4815.0,98.3696,28663.8619,27326.6082,3.8694,0.4455,20.9608,65.8572,392.3958,244.5992,49.8824
2026-02-25 09:00:00,17.4105,16.302,47.2017,31.3442,9.8605,8.3813,6.5615,11.7855,105.8878,13.0,220.3317,126.1404,9.9629,294.0,162.0312,77.0,4815.0,98.3696,28427.6659,27134.3452,3.8695,0.4278,20.7022,65.8645,392.7949,243.5102,50.1089
2026-02-25 10:00:00,17.4648,16.4423,51.7097,33.3758,9.9546,8.3045,6.51,12.0148,103.743,13.8052,220.5385,125.247,9.0,294.0,163.0199,78.0,4815.0,98.3696,28468.1203,27198.7301,3.8694,0.4351,20.3227,65.8747,393.1255,244.3088,50.4459
2026-02-25 11:00:00,17.654,16.6264,47.2355,31.1886,9.544,8.4782,6.5316,13.5943,102.7381,13.8136,217.2868,125.0,5.0,290.0,165.0258,79.7775,4815.0,98.3696,28836.7547,27367.1167,3.8784,0.4631,20.1955,65.8862,393.3329,246.0403,50.7818
2026-02-25 12:00:00,17.4644,16.2691,48.5957,31.4943,9.5201,8.3328,6.5887,12.6072,104.7448,13.8036,219.7028,129.0,7.9473,294.0,164.0,80.0,4815.0,98.3696,28809.8601,27366.4697,3.8782,0.4586,20.1459,65.8978,393.2749,245.8345,50.8864
2026-02-25 13:00:00,17.6688,16.6657,49.9235,31.3531,9.5181,8.2644,6.5929,12.5477,103.2567,11.1921,218.3123,129.0,7.0965,294.0,165.0,81.0,4815.0,98.3696,28790.7856,27418.8352,3.8807,0.4629,20.0491,65.9093,393.3095,245.9401,50.9711
2026-02-25 14:00:00,17.6606,16.3535,46.4385,31.0786,9.5203,8.3605,6.4446,12.3846,101.7847,10.4043,217.0,123.5334,8.9396,294.0,165.0,81.0,4815.0,98.3696,28793.8385,27440.4347,3.8771,0.4575,19.9046,65.9209,393.3476,246.0562,51.0559
2026-02-25 15:00:00,17.1897,16.1534,50.0056,31.8814,9.3987,8.2624,6.3465,12.5159,104.5409,13.7877,222.9639,130.8645,8.0,294.2321,164.0,81.79,4815.0,98.3696,28682.3178,27284.1403,3.8735,0.4519,19.8823,65.9325,393.1577,245.6736,51.1314
2026-02-25 16:00:00,17.5661,16.3806,49.8571,31.2567,9.5475,8.3115,6.2496,12.5303,105.2016,11.0,220.6558,131.0,7.0,292.0,165.9384,81.0,4815.0,98.3696,28700.9071,27237.1283,3.872,0.4546,20.0449,65.9397,392.5346,244.9459,51.0119
2026-02-25 17:00:00,17.1958,16.0202,50.4309,31.8901,9.621,8.2621,6.5868,12.4831,106.0,13.2149,219.3318,127.879,9.0,294.0,164.0,81.0,4815.0,98.3696,28761.8231,27421.0273,3.8661,0.4592,20.1635,65.9325,392.3731,244.8176,50.8106
2026-02-25 18:00:00,17.4573,16.7936,47.2866,31.5365,9.6197,8.2359,6.3167,12.5151,105.0,14.2109,222.326,125.1015,7.0,292.0,164.0519,80.0,4815.0,98.3696,28584.4314,27261.9824,3.8817,0.445,20.3894,65.924,392.2923,243.7406,50.6094
2026-02-25 19:00:00,17.068,16.6776,47.6061,30.5561,9.762,8.3328,6.3157,12.2865,104.762,14.1886,217.3636,124.2749,9.0463,294.0,161.0129,80.7675,4815.0,98.3696,28423.1172,27108.4877,3.8726,0.4322,20.5504,65.9156,392.6952,243.8134,50.4081
2026-02-25 20:00:00,17.5861,16.7818,48.4926,30.6874,9.9123,8.4203,6.2669,11.8498,104.49,11.7809,218.0,126.7177,7.0,293.0,160.0439,79.0,4815.0,98.3696,28309.5477,27043.0184,3.8814,0.4274,20.7396,65.9071,392.4885,243.2241,50.2069
2026-02-25 21:00:00,17.9793,16.8967,46.0196,31.0543,9.8336,8.3128,6.6068,11.5938,105.0,14.4271,217.0,123.8313,7.0501,294.0,159.0169,73.0,4815.0,98.3696,28334.0625,27060.0078,3.8736,0.4259,20.7585,65.8986,392.336,242.8305,50.1766
2026-02-25 22:00:00,17.8371,16.4341,46.657,32.6186,9.7393,8.3039,6.2277,12.0632,104.7448,12.7962,217.3103,124.0,9.0,294.0,164.9229,77.0,4815.0,98.3696,28441.1663,27181.5264,3.8808,0.4304,20.8102,65.8902,392.2323,243.1928,50.2093
2026-02-26 00:00:00,18.1317,16.9971,48.5359,31.9839,9.7114,8.2253,6.7246,12.2595,106.5456,16.5865,218.0,124.0,9.0688,294.0,167.0,81.0,4800.0,96.7391,28082.9778,26850.7578,3.8729,0.4177,20.8747,65.8764,392.0173,242.7441,50.1489
2026-02-26 01:00:00,17.3855,16.0294,47.2201,30.5163,9.7378,8.2569,6.3957,12.2086,106.7341,16.3901,217.927,126.1443,9.0,294.0,166.0,78.7821,4800.0,96.7391,28437.0757,27129.863,3.8675,0.4443,20.964,65.8805,391.8674,244.1351,49.967
2026-02-26 02:00:00,17.6136,16.3953,47.4919,31.5638,9.6813,8.2733,6.6856,12.4348,105.8872,14.5705,219.0035,124.2407,7.0,294.0,166.0,79.0,4800.0,96.7391,28213.8464,26951.7022,3.8766,0.4328,21.0141,65.8855,391.7147,243.3723,49.785
2026-02-26 03:00:00,16.9969,16.6005,46.6625,31.5572,9.7586,8.2844,6.395,12.0632,108.1815,13.4447,217.3219,124.0642,9.0,294.0,165.0,80.0,4800.0,96.7391,28206.7928,26936.3538,3.8801,0.4254,20.9147,65.8904,391.6128,243.0378,49.7774
2026-02-26 04:00:00,17.4755,16.2741,48.3719,31.3846,9.7926,8.2699,6.7532,12.2086,106.2843,13.7772,218.0112,124.8857,8.0464,294.0,165.0136,81.2347,4820.0,98.913,28388.1002,27086.8225,3.8882,0.4281,20.9178,65.8953,392.1105,242.9508,49.8288
2026-02-26 05:00:00,17.2631,16.1883,48.0923,32.6277,9.6176,8.2844,6.4747,12.3248,106.2482,14.182,215.438,123.1876,9.0,294.0,165.9573,80.0,4810.0,97.8261,28364.5209,27031.5279,3.8812,0.4325,20.9749,65.9003,391.7,242.6336,49.8801
2026-02-26 06:00:00,17.509,16.2515,45.3457,32.5109,9.7373,8.2359,6.4407,12.1717,108.0,14.3851,215.7092,129.0,8.0542,293.25,165.0,80.0,4810.0,97.8261,28275.8392,26962.9693,3.8741,0.4215,20.9578,65.9052,391.8851,242.2489,49.9315
2026-02-26 07:00:00,17.8863,16.0795,44.9145,31.0924,9.6891,8.2359,6.5368,12.1958,104.0,14.0,216.6536,125.8502,9.0,294.0,165.0,81.0,4815.0,98.3696,28327.2652,27136.3384,3.8743,0.4271,20.8428,65.9101,391.338,241.5776,49.9829
2026-02-26 08:00:00,17.9819,16.6006,49.6009,29.9323,9.6905,8.3328,6.5887,12.127,106.7369,14.8007,218.6507,126.6976,9.0557,294.0,164.0253,80.7797,4815.0,98.3696,28319.9061,27061.3768,3.8678,0.4193,20.7649,65.913,391.1179,240.9533,50.0342
2026-02-26 09:00:00,17.4893,16.1255,47.1638,30.9325,9.5417,8.2258,6.6759,12.0959,107.0,14.0,218.3213,127.2632,10.0,295.0,163.9277,79.7838,4815.0,98.3696,28681.4231,27386.1345,3.8737,0.4531,20.6408,65.9109,392.1801,244.3301,50.1501
2026-02-26 10:00:00,18.1183,16.2036,46.6807,30.054,9.6141,8.2194,6.636,11.7553,104.0,14.2038,219.313,125.0,10.0,295.2437,160.0259,79.2183,4815.0,98.3696,28525.0084,27209.7972,3.8827,0.439,20.438,65.9086,392.2799,243.4184,50.3661
2026-02-26 11:00:00,17.5015,16.3132,50.7894,32.5021,9.521,8.2095,6.5887,12.1923,108.4482,13.7894,220.3253,126.1324,9.0,294.2293,164.0,80.0,4815.0,98.3696,28576.7104,27300.1341,3.8781,0.4414,20.4315,65.9063,391.9194,243.3287,50.5804
2026-02-26 12:00:00,17.5013,17.5202,44.7375,31.1191,9.5672,8.2476,6.6758,12.257,104.9182,12.589,219.6258,127.9443,8.0,294.0,163.0463,80.0,4815.0,98.3696,28772.2154,27366.4942,3.8747,0.4568,20.2828,65.904,391.7307,243.7558,50.7782
2026-02-26 13:00:00,17.5567,16.32,48.3785,32.8567,9.5669,8.1875,6.5713,12.0301,103.5567,13.2154,219.3308,126.8161,9.0,295.0,162.9937,80.0,4815.0,98.3696,28865.5463,27425.3191,3.8693,0.4618,20.1018,65.9017,390.534,243.2034,50.9761
2026-02-26 14:00:00,17.4832,16.379,48.0698,31.5187,10.076,8.5751,6.7551,12.0893,102.5144,14.0,218.0565,124.1689,6.1032,294.0,163.0,71.76,4815.0,98.3696,28746.0867,27338.3765,3.8723,0.4533,20.0062,65.8994,391.1077,243.8204,51.1409
2026-02-26 15:00:00,17.7019,16.2804,44.3165,31.0651,9.7377,8.3044,6.6335,12.4699,104.7574,12.5648,218.4494,127.0865,6.0445,292.0,163.0,80.7665,4815.0,98.3696,28602.9359,27243.4397,3.877,0.4375,20.2653,65.8971,390.8813,241.9821,50.9121
2026-02-26 16:00:00,17.4936,16.6369,50.6,31.5745,9.7591,8.2844,6.6856,11.4995,102.7385,16.6005,220.3508,128.6974,9.0,295.0,160.979,78.2248,4815.0,98.3696,28318.7711,27075.9717,3.8765,0.4213,20.5305,65.8947,390.6007,240.7572,50.5819
2026-02-26 17:00:00,17.1017,16.2779,46.2526,32.1635,9.6907,8.2645,6.6097,12.0115,105.2566,13.1904,220.0,124.2033,9.068,294.0,164.9257,80.0,4815.0,98.3696,28645.3956,27304.8975,3.8801,0.4467,20.7117,65.892,390.902,243.2857,50.3799
2026-02-26 18:00:00,17.691,15.9531,49.149,31.1127,9.7628,8.2572,6.5792,12.4684,105.0601,15.0,215.347,125.0,7.1249,294.0,163.0494,80.0,4815.0,98.3696,28706.6904,27282.7381,3.8712,0.4514,20.641,65.8893,391.4147,242.9907,50.3487
2026-02-26 19:00:00,17.3911,16.2346,48.0186,31.8946,9.6685,8.3328,6.3449,12.3055,107.0,13.6372,218.3437,127.0631,7.0557,292.0,162.8844,79.0,4815.0,98.3696,28410.7372,27100.2795,3.8769,0.4306,20.7275,65.8865,391.5841,242.7037,50.3174
2026-02-26 20:00:00,18.0358,16.6374,46.8149,30.5034,9.763,8.3598,6.6183,11.6412,106.0,14.5882,217.0274,124.0695,9.8675,295.0,162.0,77.7857,4815.0,98.3696,28727.0287,27322.4173,3.8647,0.4512,20.6898,65.8838,391.2738,243.5143,50.2862
2026-02-26 21:00:00,17.448,16.5539,47.1524,30.9114,9.7831,8.4297,6.791,11.9179,105.7217,12.4336,217.0,123.0729,7.0,293.773,160.0414,76.795,4815.0,98.3696,28650.4112,27277.3335,3.8761,0.4466,20.6863,65.8811,391.7834,244.2944,50.2549
2026-02-26 22:00:00,17.2597,16.347,46.7147,31.2918,9.881,8.4033,6.2597,11.9179,105.4544,14.0,216.9852,125.8748,7.1453,294.0,161.0379,77.0,4815.0,98.3696,28735.0042,27347.0273,3.8792,0.4562,20.6508,65.8784,391.0502,243.9495,50.2236
2026-02-26 23:00:00,17.5258,16.7456,47.9238,31.7627,9.8058,8.4152,6.5093,11.9502,106.0,13.0,211.6609,125.8176,7.1532,294.0,163.0401,79.0,4815.0,98.3696,28535.3661,27249.2257,3.8739,0.4397,20.6558,65.876,391.4068,243.5359,50.167
2026-02-27 00:00:00,17.3542,17.0048,46.944,33.1379,9.8103,8.3813,6.5628,12.1747,105.5137,12.6367,215.0,121.1907,8.0556,294.0,163.9566,78.0,4815.0,98.3696,28530.3941,27210.1837,3.8619,0.4363,20.7735,65.8759,391.4179,242.6702,50.0916
2026-02-27 01:00:00,17.9144,16.4719,43.8045,31.7,9.7875,8.3046,6.5586,11.806,104.2544,12.3826,213.949,125.7435,8.9506,294.0,163.9837,79.2296,4815.0,98.3696,28379.9865,27122.6051,3.8677,0.4277,20.8692,65.8759,391.7994,242.3769,50.0162
2026-02-27 02:00:00,18.1239,17.263,47.1349,32.6391,9.8831,8.3707,6.5504,11.9508,105.0,13.0,213.657,120.369,9.0,294.0,165.9202,79.0,4815.0,98.3696,28564.062,27278.0048,3.8767,0.4449,20.8891,65.8758,391.3534,243.2359,49.9407
2026-02-27 03:00:00,17.5324,16.7709,42.8147,30.6467,9.7119,8.2844,6.4826,11.8975,104.2632,14.6082,215.6497,121.3204,8.0536,294.0,163.9233,78.222,4815.0,98.3696,28508.1507,27196.405,3.8748,0.4358,20.9311,65.8757,391.7098,242.9228,49.8653
2026-02-27 04:00:00,17.8714,16.3022,45.7586,32.6442,9.8579,8.3169,6.5689,11.9834,105.1914,12.7915,214.9801,127.5871,7.2039,294.0,162.1019,78.7865,4815.0,98.3696,28534.7233,27206.2805,3.862,0.4402,20.9188,65.8756,391.4607,242.4248,49.7899
2026-02-27 05:00:00,17.8006,17.0103,46.7766,30.5366,9.833,8.2844,6.6664,11.821,105.271,14.7998,212.3326,120.0,9.0,295.0,163.8762,78.0,4815.0,98.3696,28500.5639,27241.2969,3.869,0.4298,21.0317,65.8756,391.3749,242.1113,49.7145
2026-02-27 06:00:00,17.9096,17.434,46.2184,32.5009,9.8831,8.2844,6.6068,11.514,106.1696,13.7854,213.6701,121.0615,9.9295,295.0,160.1488,78.7903,4815.0,98.3696,28374.6052,27078.3768,3.8754,0.4251,21.1606,65.8755,391.1713,242.0574,49.6391
2026-02-27 07:00:00,17.944,16.4996,48.0376,32.629,9.98,8.3813,6.4449,11.7081,108.5645,13.2254,212.9761,120.929,9.9165,294.0,163.9702,78.0,4815.0,98.3696,28333.1118,27084.6882,3.868,0.4219,21.2625,65.8761,391.2013,241.5985,49.3514
2026-02-27 08:00:00,17.9353,16.0401,48.1979,33.464,9.9316,8.3616,6.4919,11.7144,107.0,14.6283,214.4502,120.0903,10.0,294.7421,162.9894,78.0,4815.0,98.3696,28410.6054,27147.9542,3.8675,0.4297,21.6003,65.8775,391.7905,242.9197,48.9795
2026-02-27 09:00:00,17.8982,16.3245,45.3767,34.7605,9.7383,8.1875,6.7573,12.2475,108.259,15.8042,216.0655,125.9198,8.0548,294.0,164.0,81.0,4815.0,98.3696,28408.005,27209.7964,3.8832,0.4312,21.8091,65.8788,392.3798,243.6671,48.7931
2026-02-27 10:00:00,17.0193,15.7936,48.4167,34.5836,9.7618,8.2359,6.5976,12.0148,106.4986,14.0,217.3479,121.8291,8.0457,294.0,164.9787,79.2185,4815.0,98.3696,28557.5212,27262.2838,3.8783,0.4385,21.4599,65.8801,391.8423,242.9483,49.01
2026-02-27 11:00:00,17.4212,16.5886,46.9206,32.4933,9.6866,8.1875,6.473,12.002,104.0,15.3993,216.3046,119.1584,9.0,294.0,163.0256,80.7795,4815.0,98.3696,28429.3966,27106.6965,3.8759,0.4324,21.3687,65.8814,392.076,242.9379,49.2748
2026-02-27 12:00:00,17.8108,17.2245,44.859,31.3882,9.7821,8.1875,6.6569,11.7241,105.258,12.1958,216.2643,121.4028,10.0,295.0,163.0,82.0,4815.0,98.3696,28157.2082,26942.9548,3.8789,0.412,21.3136,65.8827,392.1745,241.5262,49.4255
2026-02-27 13:00:00,17.4129,16.466,46.6626,30.3392,9.813,8.2632,6.2593,11.7397,104.4642,14.0,214.9384,121.9257,9.0,294.0,161.9072,80.5696,4815.0,98.3696,28167.4543,26888.5288,3.8709,0.412,21.1473,65.884,392.1957,241.5155,49.5286
2026-02-27 14:00:00,17.5053,16.6915,47.3595,32.1118,9.736,8.1984,6.5318,11.5466,105.4419,12.2133,213.6536,116.3593,9.0,295.0,162.0816,79.4162,4815.0,98.3696,28157.9157,26907.9851,3.866,0.4125,20.9988,65.8854,392.0466,241.8209,49.6317
2026-02-27 15:00:00,17.6586,16.7075,45.0303,31.547,9.9108,8.2359,6.4146,11.7567,104.0,12.2091,217.3392,124.7337,7.0,293.0,159.0,78.0,4815.0,98.3696,28207.0155,26977.8119,3.871,0.4139,20.9406,65.8865,391.7113,242.0737,49.7273
2026-02-27 16:00:00,17.7727,16.556,47.2296,32.254,9.8662,8.3071,6.6226,11.6435,104.2815,14.5616,212.3424,118.1716,8.0738,294.0,161.8762,74.0,4815.0,98.3696,28319.7225,27122.1376,3.8697,0.4235,21.2092,65.8873,391.8035,242.1123,49.5921
2026-02-27 17:00:00,17.8724,16.3211,46.6612,32.1119,9.9815,8.2359,6.5804,12.0093,104.4798,13.8207,215.3702,118.7853,9.0533,294.0,162.0216,79.0,4815.0,98.3696,28164.4695,26946.3711,3.8759,0.411,21.1858,65.8882,391.8272,241.5634,49.4789
2026-02-27 18:00:00,17.1363,16.0923,47.6862,32.617,9.7382,8.226,6.6243,11.9328,105.0,14.6165,213.4274,121.3391,10.0,294.747,163.9767,79.0,4815.0,98.3696,28159.7396,26930.1614,3.873,0.4116,21.0673,65.8891,391.8011,241.7098,49.6176
2026-02-27 19:00:00,17.6855,16.3783,44.7545,32.3161,9.7384,8.139,6.7479,11.7871,105.2058,13.5616,214.0402,127.6154,10.0592,295.0,160.9476,77.2215,4815.0,98.3696,28137.1552,26911.5997,3.8844,0.4097,21.1466,65.89,391.7832,241.4564,49.7562
2026-02-27 20:00:00,17.4719,16.2185,45.966,32.4413,10.0531,8.361,6.8678,12.13,104.5133,12.5851,216.7115,124.7562,9.0,294.0,159.0319,72.7711,4815.0,98.3696,28124.625,26918.3209,3.885,0.4073,20.8969,65.8909,391.8241,241.0951,49.8358
2026-02-27 21:00:00,17.7724,16.6928,45.7322,31.2564,9.8076,8.2359,7.0538,11.9194,103.531,13.5902,215.3144,121.0,8.0645,293.2417,160.0,75.7843,4815.0,98.3696,28187.7242,26937.4875,3.8805,0.4128,21.0243,65.8918,391.9207,241.4299,49.8162
2026-02-27 22:00:00,18.0345,16.7555,46.4548,30.1111,9.7637,8.1984,6.7725,12.0656,103.8369,16.3999,213.3376,117.0,8.0736,293.0,159.0819,75.0,4815.0,98.3696,28191.7037,26950.2428,3.8828,0.4122,21.0243,65.8926,391.9507,241.2456,49.7964
2026-02-27 23:00:00,17.8659,16.2139,44.9398,33.0766,9.8831,8.2252,6.8211,11.7883,104.0,14.0,214.6594,119.0668,9.0,294.0,159.0339,74.0,4815.0,98.3696,28193.7541,27010.5086,3.8648,0.4115,21.0746,65.889,391.8478,241.0168,49.7765
2026-02-28 00:00:00,17.0213,16.7141,47.3787,33.7153,9.6393,8.2359,6.8212,11.8852,105.2711,13.5919,214.6657,123.0556,8.9242,294.0,159.9578,75.2044,4815.0,98.3696,28213.1662,26938.2354,3.8612,0.411,20.9494,65.8813,391.3713,241.3311,49.7332
2026-02-28 01:00:00,17.3876,16.3926,45.6536,30.8044,9.9291,8.1985,6.6556,11.7885,105.1732,13.2136,211.6487,122.8103,9.0,294.0,158.9474,75.0,4815.0,98.3696,28124.191,26874.921,3.8675,0.409,21.0688,65.8736,391.2507,241.0973,49.6716
2026-02-28 02:00:00,17.6342,16.8446,45.1323,32.2245,9.7874,8.1975,6.673,11.821,106.2384,13.1883,217.5619,122.0886,8.0,294.0,160.9837,75.7698,4815.0,98.3696,28176.4829,27006.3385,3.8782,0.4121,20.8022,65.8659,392.0613,241.5148,49.8425
2026-02-28 03:00:00,17.6924,16.6579,47.2859,30.2023,9.8831,8.2263,6.6681,11.6857,104.2365,13.621,214.642,120.2188,9.0448,294.0,158.0,74.778,4815.0,98.3696,28191.4155,26975.4914,3.8636,0.4126,20.9358,65.8582,392.2816,241.6252,49.8432
2026-02-28 04:00:00,18.1734,16.8559,46.2689,32.2233,9.7132,8.246,6.6071,11.821,105.7407,14.4119,213.9445,120.0804,9.0,294.0,159.0,74.2255,4815.0,98.3696,28204.8452,27038.4499,3.8707,0.4104,21.1559,65.8505,391.8156,241.6113,49.4197
2026-02-28 05:00:00,17.997,17.0342,50.7787,29.5292,9.8345,8.2359,6.8806,11.7241,101.734,14.19,210.9413,116.349,8.9339,294.0,158.0,74.0,4815.0,98.3696,28186.8875,26971.1096,3.8829,0.4103,21.1045,65.8428,391.8326,241.0356,49.4202
2026-02-28 06:00:00,18.3053,17.0356,46.9343,31.7666,10.344,8.4782,7.0137,12.1728,105.2112,13.5978,214.9556,118.9241,9.0547,294.0,157.0232,71.0,4815.0,98.3696,28158.5052,26964.382,3.875,0.4092,21.1483,65.8351,391.1761,240.6345,49.4209
2026-02-28 07:00:00,17.8403,16.7346,45.0508,29.4999,10.0249,8.4297,6.6176,12.2242,104.4575,11.7954,211.3562,120.8706,7.9346,293.0,156.0353,72.2113,4815.0,98.3696,28228.2047,26993.2012,3.8781,0.4134,21.1284,65.8412,392.0265,241.1254,49.554
2026-02-28 08:00:00,17.918,16.7496,48.1405,30.5234,10.0719,8.3436,6.5117,12.0962,103.8025,13.2168,216.7329,123.0543,8.0,293.7629,154.9061,70.0,4815.0,98.3696,28154.2413,26959.8299,3.881,0.4078,20.9958,65.8546,391.9681,241.245,49.8262
2026-02-28 09:00:00,17.5377,17.3822,45.6416,31.0347,9.9345,8.2733,6.5301,11.6272,105.4435,13.5656,213.0041,125.0,9.9249,293.7725,155.9586,74.0,4815.0,98.3696,28130.8778,26922.9574,3.8768,0.4083,20.6738,65.868,392.6568,241.9938,50.0983
2026-02-28 10:00:00,18.0619,16.6353,45.9414,32.3977,9.8367,8.3597,6.3675,11.8851,104.1711,13.0,215.3218,124.5394,8.0524,294.0,154.9834,72.0,4815.0,98.3696,28172.2772,26994.9785,3.8823,0.4118,20.4083,65.8814,392.8899,242.2498,50.3704
2026-02-28 11:00:00,18.1675,17.3354,45.9603,29.6842,9.6886,8.2359,6.5767,11.821,103.2485,13.0,217.9163,123.0918,8.0922,294.0,152.045,72.0,4815.0,98.3696,28150.4116,26993.3403,3.8711,0.4075,20.295,65.8947,392.9224,242.0479,50.6425
2026-02-28 12:00:00,17.1669,16.1137,50.6476,30.0435,9.4956,8.1494,6.3934,11.903,104.4943,14.6129,219.9441,126.8393,9.8909,294.0,158.9771,73.7772,4815.0,98.3696,28651.9212,27195.5373,3.8825,0.4466,20.3567,65.9081,392.3738,244.1885,50.738
2026-02-28 13:00:00,17.5948,16.3965,48.6737,30.1426,9.5194,8.2359,6.2862,12.0667,103.4919,13.0,215.6438,121.4264,8.0,294.0,155.0176,73.0,4815.0,98.3696,28631.5846,27283.761,3.8701,0.4476,20.1192,65.9054,393.1446,244.7606,50.7958
2026-02-28 14:00:00,17.33,16.1975,44.5803,31.7137,9.5657,8.2254,6.5306,11.8883,104.5302,12.0,217.3448,122.3639,8.0627,293.7571,154.0512,74.0,4815.0,98.3696,28796.1471,27514.8964,3.8685,0.464,20.123,65.8966,393.3214,245.1693,50.8536
2026-02-28 15:00:00,17.5377,17.0789,45.6165,31.002,9.6409,8.2359,6.2702,12.1934,104.0,14.197,219.6547,128.0,8.9452,294.0,156.0,72.0,4815.0,98.3696,28826.8162,27451.1069,3.8657,0.463,20.0948,65.8878,393.4233,245.4368,50.9114
2026-02-28 16:00:00,17.6255,16.818,44.2864,30.7802,9.7862,8.2359,6.3367,12.2401,104.2683,14.382,217.0,126.0,8.9362,293.2383,157.0599,73.0,4815.0,98.3696,28851.5696,27390.6562,3.8667,0.4627,20.0927,65.8791,392.1776,245.2454,50.9692
2026-02-28 17:00:00,17.6206,16.4505,47.5342,30.2134,9.6364,8.3328,6.2594,12.5154,103.0779,14.3933,215.6572,126.5766,8.0,293.0,157.959,73.0,4815.0,98.3696,28848.7759,27428.1219,3.8749,0.4637,20.3436,65.8703,392.5533,245.7317,50.8073
2026-02-28 18:00:00,17.4654,16.5909,46.985,31.2845,9.6869,8.3219,6.2695,12.1117,106.8946,12.0,217.2993,122.1286,7.9301,294.0,157.9255,71.2097,4815.0,98.3696,28943.2459,27548.194,3.8665,0.4639,20.8339,65.8615,390.5411,244.0262,50.1499
2026-02-28 19:00:00,17.5438,16.0148,46.8428,31.0817,9.6409,8.3328,6.3731,12.3055,105.4911,12.192,217.2877,120.8255,7.0,294.0,158.9851,73.2314,4815.0,98.3696,28939.1773,27544.6562,3.8652,0.464,21.187,65.8528,389.6244,243.1438,49.7177
2026-02-28 20:00:00,17.7192,16.6559,43.991,32.0887,9.9069,8.3813,6.2532,12.0826,103.9885,15.8172,219.8186,119.3782,8.0,294.0,157.0267,73.0,4815.0,98.3696,28919.9065,27533.1334,3.8671,0.4644,21.2846,65.8441,390.3105,243.4514,49.56
2026-02-28 21:00:00,17.783,16.3296,44.6129,32.0293,9.9324,8.3531,6.2588,12.2419,106.4844,14.6067,214.9415,124.0,8.0544,294.0,156.0,71.229,4815.0,98.3696,29226.9281,27542.805,3.8732,0.4635,21.4085,65.847,389.9262,242.7418,49.4024
2026-02-28 22:00:00,18.2499,17.0162,48.5094,31.1807,9.8344,8.3328,6.1089,12.1297,105.7432,15.4289,217.6468,122.8527,8.0622,293.7634,155.0322,70.0,4815.0,98.3696,28842.4875,27442.941,3.8725,0.4556,21.3286,65.8531,389.8448,242.5474,49.421
2026-02-28 23:00:00,17.2605,16.5312,49.8499,31.2437,9.7639,8.2359,6.1717,12.0122,104.2091,14.2006,216.2479,124.0,8.0551,294.0,156.0253,71.0,4815.0,98.3696,28834.5506,27414.9909,3.872,0.4545,21.0863,65.8591,389.2516,242.0323,49.6503
2026-03-01 00:00:00,17.5168,16.8774,45.4297,30.8602,9.8582,8.2359,6.2012,12.094,103.2618,13.2096,220.6536,124.4871,9.0,294.0,153.0746,71.0,4815.0,98.3696,28788.048,27452.8737,3.8717,0.4523,20.8675,65.8651,389.7207,241.8609,49.8796
2026-03-01 01:00:00,18.14,16.8533,45.1074,31.8078,9.661,8.2359,6.3172,12.0148,104.0,12.2053,218.3137,120.138,8.0617,294.0,154.9077,71.2143,4815.0,98.3696,28861.1832,27476.8158,3.8809,0.4564,20.6122,65.8711,389.5448,242.1932,50.1089
2026-03-01 02:00:00,16.71,15.94,49.4767,32.2032,9.906,8.3813,6.2317,12.0792,105.0,15.3473,221.3377,125.1177,8.9248,294.0,154.1259,70.0,4815.0,98.3696,28979.9419,27578.8332,3.8678,0.4638,20.8245,65.8772,389.4639,242.506,50.2196
2026-03-01 03:00:00,17.7221,16.3857,48.2162,29.8687,9.763,8.4297,6.2496,12.3371,103.2776,11.0462,211.332,124.1487,8.0849,294.0,154.9487,72.0,4815.0,98.3696,28981.2826,27544.1135,3.8664,0.464,20.8472,65.8832,389.3157,242.5157,50.2109
2026-03-01 04:00:00,17.4064,16.4637,46.5324,31.2169,9.6409,8.2359,6.5799,12.1409,105.7493,13.0,216.9162,126.0,8.9535,294.0,155.0213,73.0,4815.0,98.3696,28696.6253,27319.5624,3.8718,0.4383,20.6726,65.8892,388.8458,240.6792,50.1636
2026-03-01 05:00:00,17.7313,17.2443,44.0462,31.8418,9.738,8.1875,6.2496,11.6577,105.4781,12.8038,215.0937,123.9078,9.0,294.0,152.0236,72.0,4815.0,98.3696,28518.7307,27297.778,3.8811,0.4309,20.6967,65.8909,389.5342,240.1018,50.0849
2026-03-01 06:00:00,17.3924,16.0655,45.842,33.5237,9.6889,8.2359,6.456,11.7874,108.2368,14.8086,217.0658,122.9171,9.0,294.0,152.9844,72.0,4815.0,98.3696,28661.2916,27376.6626,3.8745,0.4417,20.8876,65.8917,389.8824,240.8523,50.1176
2026-03-01 07:00:00,17.4958,16.7407,49.6183,33.9837,9.5941,8.2359,6.395,11.9684,105.2635,13.7996,217.5902,119.923,9.0,294.0,153.0283,72.0,4815.0,98.3696,28737.9247,27334.8556,3.8743,0.4511,20.7386,65.8925,390.9356,243.0452,50.2729
2026-03-01 08:00:00,17.305,16.285,45.5113,33.1659,9.884,8.4782,6.2405,12.1601,106.0,14.8047,221.2331,126.0,7.9454,293.0,150.0,68.0,4815.0,98.3696,28749.4593,27357.7846,3.8729,0.4504,20.4551,65.8933,390.6812,242.7225,50.7803
2026-03-01 09:00:00,18.0203,16.7485,47.532,32.5935,9.9334,8.5966,6.143,13.6777,102.3385,13.2064,219.3426,123.3527,5.0,291.0,151.938,69.0,4808.0,97.6087,28685.7015,27264.3989,3.8675,0.4639,20.2607,65.8941,393.1764,246.82,50.7966
2026-03-01 10:00:00,18.199,16.3403,50.1628,32.6404,9.784,8.3813,6.2981,12.5807,105.7331,15.2167,215.3184,122.123,6.0612,292.2267,147.0419,68.0,4800.0,96.7391,28555.3874,27140.5045,3.8721,0.4642,20.4997,65.8949,391.8832,245.9661,50.5624
2026-03-01 11:00:00,18.5283,17.0533,48.712,33.3971,9.8369,8.2359,6.3472,12.1928,102.2762,12.7895,214.323,119.195,10.0,293.0,150.0,68.7907,4800.0,96.7391,28389.4885,27020.9907,3.8719,0.4357,20.3794,65.8957,387.4212,239.4075,50.573
2026-03-01 12:00:00,18.3267,17.121,48.8749,31.6703,9.8347,8.4297,5.8831,12.5648,104.2717,14.0,211.6581,121.8888,8.0,294.0,151.0,67.8002,4800.0,96.7391,28544.5145,27229.0589,3.8618,0.4544,20.4818,65.8963,387.9698,241.2562,50.5952
2026-03-01 13:00:00,18.6668,17.0475,47.8384,32.3036,9.8103,8.3425,6.1925,12.3776,103.4888,13.8176,214.1649,115.557,8.0,294.0,150.0088,68.2401,4800.0,96.7391,28467.0543,27135.4921,3.8689,0.4441,20.5963,65.8469,387.7895,240.1726,50.4552
2026-03-01 14:00:00,18.0663,16.9365,46.8362,32.0209,9.8354,8.5266,6.1527,12.9502,104.0,13.0,215.2215,117.2505,4.0,290.7495,150.0,69.0,4800.0,96.7391,28592.6035,27214.382,3.8765,0.4527,20.4401,65.7874,389.0629,242.185,50.4685
2026-03-01 15:00:00,18.4002,17.4249,48.9281,32.435,9.7865,8.4398,5.9492,12.4664,106.5379,13.7973,211.8056,120.7729,7.0,292.252,149.973,68.0,4800.0,96.7391,28691.402,27146.6518,3.8702,0.451,20.9791,65.7278,389.0996,241.6111,49.9273
2026-03-01 16:00:00,18.1105,16.4717,46.1909,32.5256,9.9316,8.3328,6.2511,12.3234,107.2589,14.0,213.0,119.9201,7.944,293.0,150.9781,68.0,4800.0,96.7391,28587.7848,27058.3768,3.87,0.4411,21.6092,65.721,388.9185,241.0302,48.8496
2026-03-01 17:00:00,18.2604,16.4568,46.3504,32.2555,9.908,8.3919,6.3553,12.1928,107.0,15.2076,212.0164,117.8677,7.9326,293.0,150.0711,68.215,4800.0,96.7391,28827.8542,27350.7751,3.8728,0.4537,21.5064,65.7463,387.3672,240.1116,48.8482
2026-03-01 18:00:00,17.7662,16.199,47.0495,32.3951,9.832,8.1875,6.1427,11.6117,107.9408,15.4102,215.9978,121.8497,9.9376,295.0,149.0,68.7844,4800.0,96.7391,28489.1991,27101.8147,3.8696,0.4381,21.2151,65.7933,388.1622,239.7909,49.2116
2026-03-01 19:00:00,17.3765,16.3369,47.7912,32.1095,9.6893,8.3328,6.1505,11.9987,109.7218,15.2138,213.6653,120.121,8.0731,294.0,149.9204,69.0,4800.0,96.7391,28682.9282,27010.7568,3.8692,0.4386,21.3868,65.8008,390.254,241.8283,49.1902
2026-03-01 20:00:00,17.3547,16.4858,47.2178,33.0277,9.6684,8.2733,6.0953,11.8694,108.0,17.0,214.6864,122.1303,9.0,294.0,146.139,69.0,4800.0,96.7391,28607.4577,27201.0782,3.8728,0.4485,21.2938,65.7948,389.7671,241.8644,49.2252
2026-03-01 21:00:00,17.2703,16.3381,47.3786,33.2532,9.6409,8.3328,6.0763,11.9663,106.5876,15.0,215.357,121.0606,7.0,293.0,149.9927,70.0,4800.0,96.7391,28571.9496,27197.3298,3.8671,0.4563,20.9979,65.7889,390.9265,243.3529,49.5777
2026-03-01 22:00:00,17.7421,16.4707,47.7291,31.7967,9.6648,8.2259,6.0833,11.9179,105.5091,15.1943,213.7804,121.8412,8.9436,294.0,149.9791,71.0,4800.0,96.7391,28312.4223,26969.7022,3.8696,0.4396,20.8462,65.783,391.8067,243.6906,49.8907
2026-03-01 23:00:00,17.5995,16.7885,47.5093,33.2718,9.7862,8.1875,6.2012,11.7725,105.7526,12.5735,210.0709,124.0843,8.0,293.2563,147.0165,69.0,4800.0,96.7391,28306.2003,26925.9371,3.88,0.439,20.9897,65.7771,390.995,243.4928,49.7363
2026-03-02 00:00:00,18.3044,16.9218,48.2427,31.1351,9.7142,8.3433,6.1231,12.1447,107.5296,14.5921,214.6515,122.0,8.0605,294.0,151.9758,68.223,4800.0,96.7391,28463.5781,26909.4962,3.8762,0.4394,21.2675,65.7712,392.162,243.9639,49.5048
2026-03-02 01:00:00,17.4067,16.4643,50.0797,32.5057,9.8369,8.2359,6.1436,12.0934,106.7385,16.2108,213.3959,122.2471,9.0,294.0,151.965,68.0,4800.0,96.7391,28366.023,26954.1186,3.8663,0.4357,21.2803,65.7653,391.8926,243.6133,49.3505
2026-03-02 02:00:00,17.1884,16.2532,48.3571,31.7094,9.791,8.3541,6.1139,12.3852,106.4649,16.3857,211.6857,121.9296,5.1286,293.0,150.0578,69.7841,4800.0,96.7391,28508.5752,27167.9992,3.8781,0.4547,20.9104,65.7596,392.2155,244.8429,49.6937
2026-03-02 03:00:00,17.3159,16.439,47.4159,33.3834,9.544,8.2463,6.3762,11.9485,107.0,15.7886,214.6677,122.7503,7.0764,293.0,152.0,70.0,4800.0,96.7391,28355.0695,26980.0793,3.8696,0.4437,20.6845,65.7644,392.0148,243.3656,50.0994
2026-03-02 04:00:00,17.6996,16.7694,45.5202,33.833,10.0053,8.3921,6.6165,12.9359,106.7268,14.0,213.3378,122.8688,7.1297,293.0,150.9686,66.2096,4800.0,96.7391,28431.8054,27070.3718,3.8657,0.4439,20.5856,65.773,390.2225,242.4781,50.3785
2026-03-02 05:00:00,18.0964,16.8884,46.4529,31.8433,9.8285,8.3813,6.3639,12.7899,107.1587,14.2203,211.6923,121.9418,7.0,292.0,150.9102,67.8005,4800.0,96.7391,28362.4677,27002.6187,3.8764,0.4401,20.8935,65.7816,390.3925,242.284,50.1043
2026-03-02 06:00:00,17.9184,16.5688,47.4979,33.8374,9.7607,8.3718,6.1756,12.3683,104.7453,14.8185,213.0504,124.614,9.0,293.0,150.0,68.0,4800.0,96.7391,28462.5092,27118.9716,3.8798,0.4444,20.8673,65.7902,390.04,241.8484,50.1199
2026-03-02 07:00:00,18.0546,16.673,49.6294,30.7235,9.6409,8.3129,6.043,12.0593,106.0,15.0,214.6434,120.0,8.0,293.0,152.0,69.2254,4800.0,96.7391,28575.1481,27221.4011,3.8728,0.4523,20.7365,65.7988,390.0327,242.8329,50.2943
2026-03-02 08:00:00,17.1933,16.3224,46.2771,33.6286,9.7391,8.3813,5.9941,12.2416,104.7522,15.1857,216.6529,117.2902,6.9398,292.0,148.0,68.0,4800.0,96.7391,28522.2315,27167.2667,3.8758,0.4496,20.693,65.8075,390.0776,242.6961,50.4688
2026-03-02 09:00:00,18.4058,16.8997,45.3417,33.2902,9.7879,8.3328,6.0373,12.469,103.7773,12.5869,216.6452,124.0,9.0,293.7505,147.0444,65.2241,4800.0,96.7391,28371.4613,27079.1167,3.8848,0.4392,20.544,65.8161,390.5378,241.8708,50.6432
2026-03-02 10:00:00,17.8979,16.6305,47.7838,34.5272,10.1272,8.7689,6.1334,13.8061,104.0,12.6161,214.6958,125.5807,3.0,289.2398,151.9684,68.2145,4800.0,96.7391,28612.5024,27217.8107,3.8679,0.4583,20.2494,65.8239,390.3359,244.1941,50.8553
2026-03-02 11:00:00,18.0574,17.3059,49.4611,32.2432,9.9839,8.7967,6.1527,14.1471,104.0,13.5997,215.3486,123.1537,21.751,286.0,152.0386,72.0,4800.0,96.7391,28647.0572,27196.2332,3.8724,0.463,20.0447,65.8177,390.7138,244.5839,51.1156
2026-03-02 12:00:00,18.2859,16.5407,48.8441,31.6341,9.6159,8.3113,6.2412,11.9325,105.7273,13.0,215.6736,122.0666,9.0,293.7668,150.9624,70.211,4800.0,96.7391,28640.8068,27140.1422,3.867,0.4604,20.1151,65.8073,391.695,244.3791,51.1784
2026-03-02 13:00:00,18.0021,16.7978,48.0563,34.7736,9.6393,8.384,5.9029,12.3865,106.2739,15.4427,219.6684,126.8577,7.0,292.0,152.0,70.0,4800.0,96.7391,28411.202,27022.7019,3.8737,0.4451,20.1065,65.797,390.392,242.6724,51.1362
2026-03-02 14:00:00,17.4458,16.6055,47.9052,32.1648,9.8574,8.3328,6.0151,12.257,103.7206,15.0,217.6639,123.0,7.0738,294.0,145.0807,65.797,4800.0,96.7391,28363.7835,27059.5454,3.8685,0.4401,20.0503,65.7867,389.9373,242.6157,51.094
2026-03-02 15:00:00,18.1297,17.3477,47.3654,33.1555,9.8825,8.4195,6.0013,12.3055,106.9693,15.4099,216.0,121.0,5.0504,292.0,145.0066,66.4794,4800.0,96.7391,28673.5557,26988.0255,3.865,0.4399,20.6084,65.7763,391.4461,243.0301,50.5054
2026-03-02 16:00:00,17.9592,16.7707,47.4722,32.6888,9.5927,8.3328,6.187,12.2234,106.4956,15.8128,211.7981,119.2649,7.0448,293.0,147.0119,70.0,4800.0,96.7391,28487.7048,26916.3651,3.8756,0.4309,20.93,65.766,391.5247,243.2078,49.7482
2026-03-02 17:00:00,17.8145,16.5168,44.8455,31.5882,9.954,8.3224,6.2106,12.7569,107.0,15.6107,213.6514,122.0,6.0,291.0,151.9783,69.0,4800.0,96.7391,28222.3366,26945.6253,3.8738,0.4281,21.3772,65.7556,390.9825,241.7388,49.437
2026-03-02 18:00:00,17.5326,16.6938,47.2614,31.7191,9.8108,8.2359,5.7743,12.045,108.4862,15.583,215.0504,122.8688,8.9472,293.2321,152.0359,69.0,4800.0,96.7391,28662.6942,27106.2684,3.8691,0.4436,21.3744,65.7458,390.8208,242.4208,49.3346
2026-03-02 19:00:00,17.6777,16.2739,44.5262,33.0858,9.8095,8.2359,6.1139,12.3555,106.5351,16.3795,212.6587,114.2821,9.0,293.2372,156.9052,69.7816,4800.0,96.7391,28366.5433,26799.8541,3.8745,0.4171,21.5322,65.746,391.809,242.408,49.2903
2026-03-02 20:00:00,17.3298,16.536,47.8677,32.7272,9.688,8.295,6.0448,12.374,106.7364,15.7986,213.3314,123.847,9.0,293.0,152.0,67.7922,4800.0,96.7391,28414.3571,26843.3154,3.871,0.4218,21.5342,65.747,391.6747,241.6289,49.2459
2026-03-02 21:00:00,17.4806,16.4492,48.2687,33.6218,9.5647,8.2359,6.2761,12.5148,106.4513,15.0,209.6852,120.9343,8.0698,293.0,154.0732,70.0,4800.0,96.7391,28845.6715,27138.1333,3.873,0.4527,21.5505,65.748,391.0773,243.3788,49.2098
2026-03-02 22:00:00,18.493,17.174,47.0119,31.4496,9.9544,8.4782,6.4053,13.2778,105.8459,14.0,215.98,120.9308,7.9198,292.0,149.0956,66.0,4800.0,96.7391,28448.896,27057.3405,3.871,0.4396,21.1015,65.749,389.8483,241.8645,49.554
2026-03-02 23:00:00,18.1018,16.5388,48.4169,32.2884,9.8409,8.3442,6.2778,12.4829,105.7213,13.6452,214.668,122.0612,7.0,292.0,153.0,69.0,4800.0,96.7391,28359.4646,27010.3927,3.8757,0.4382,20.9278,65.75,391.4225,243.2617,49.8625
2026-03-03 00:00:00,17.9253,17.0197,46.6575,31.347,9.8116,8.3328,6.1797,12.3826,106.5118,15.8042,215.1129,120.1605,7.0,292.2629,151.9824,67.772,4800.0,96.7391,28309.5114,26878.2427,3.8831,0.4241,21.3651,65.751,390.6601,241.2898,49.2698
2026-03-03 01:00:00,17.3952,16.469,48.5182,31.5746,10.1256,8.498,6.1043,13.5353,106.0,12.5703,214.9252,122.8263,3.0,288.7433,151.9754,69.767,4800.0,96.7391,28558.5274,27131.4728,3.877,0.46,20.9808,65.7517,391.9171,245.1685,49.6127
2026-03-03 02:00:00,17.3515,16.1153,46.9443,32.3664,9.6409,8.3328,6.1826,12.3693,108.7008,13.3933,215.5996,120.2266,8.0,294.0,149.0,67.0,4800.0,96.7391,28464.4813,27109.7305,3.8644,0.4483,21.001,65.7502,390.8373,243.5379,49.8487
2026-03-03 03:00:00,17.1103,16.1804,49.6017,32.0597,10.0785,8.3711,6.0442,12.4357,106.2869,14.8087,218.3547,118.1648,9.0,294.0,151.9603,67.7707,4800.0,96.7391,28558.6513,27195.9208,3.8684,0.4523,21.0418,65.7482,390.589,242.9879,49.765
2026-03-03 04:00:00,17.8448,15.8748,44.8124,32.6713,9.8822,8.2359,6.4045,12.2415,106.2665,15.4125,213.3699,124.9295,8.0,293.0,154.973,71.4356,4800.0,96.7391,28615.3371,27167.7513,3.8697,0.4613,20.9213,65.7461,391.1846,244.5797,49.8059
2026-03-03 05:00:00,17.5008,16.3966,51.4723,33.0343,9.8371,8.3813,6.2012,12.4046,106.0,14.2007,216.6865,118.3036,6.0754,292.2397,153.9751,70.0,4800.0,96.7391,28515.3708,27081.3707,3.8683,0.4499,20.8229,65.7441,391.0503,243.964,49.877
2026-03-03 06:00:00,17.7914,16.8451,45.8021,32.0717,9.7631,8.2359,6.3563,11.8536,105.273,17.0,217.6801,120.1329,7.861,294.0,152.0361,70.2104,4800.0,96.7391,28165.5218,26877.0979,3.8689,0.4252,20.8353,65.742,391.3704,242.7057,49.9481
2026-03-03 07:00:00,17.7193,16.6634,43.6269,33.7002,9.7396,8.176,5.9694,11.7082,105.2844,14.0,215.0,120.0551,8.0,293.2223,150.084,69.7962,4800.0,96.7391,28314.4483,26994.5433,3.8666,0.4316,20.8676,65.74,391.1881,242.6785,50.0193
2026-03-03 08:00:00,17.4389,16.5051,51.0131,30.6851,9.7435,8.3104,6.1501,12.144,102.946,14.7839,213.9984,118.298,7.0,293.0,148.0819,67.2049,4800.0,96.7391,28598.9642,27060.8932,3.8774,0.4432,20.8474,65.7379,390.9721,243.0888,50.0904
2026-03-03 09:00:00,17.1519,15.8047,50.3572,34.3081,9.544,8.3328,5.9545,12.3055,105.4872,14.1801,215.0,123.9174,7.9482,293.0,149.9733,68.0,4800.0,96.7391,28482.3671,27147.3778,3.8701,0.4482,20.5604,65.7366,391.9876,244.1184,50.2772
2026-03-03 10:00:00,17.537,16.5207,49.2581,34.3675,9.5925,8.3813,5.937,12.4992,105.0,14.8123,218.0818,124.0,8.0,293.2444,146.055,68.0,4800.0,96.7391,28547.7976,27244.6837,3.873,0.4547,20.2442,65.7626,390.5378,243.6705,50.6647
2026-03-03 11:00:00,17.5095,16.6107,48.8845,32.5356,9.7862,8.6033,5.9197,13.0139,107.7119,14.3909,219.295,126.9195,3.0,289.0,149.0203,69.7745,4800.0,96.7391,28675.1797,27221.8398,3.8687,0.4586,20.3891,65.792,390.2313,243.249,50.7323
2026-03-03 12:00:00,17.7118,16.2569,49.2335,31.5705,9.786,8.3056,6.1346,12.2117,104.7364,14.406,219.0,124.2199,7.0,292.0,148.0,70.0,4800.0,96.7391,28201.3069,26913.8861,3.8862,0.4225,20.4507,65.8213,391.5113,242.0717,50.5457
2026-03-03 13:00:00,17.3788,16.8272,47.2034,30.2956,9.5191,8.1875,6.1231,11.9663,104.2626,13.7996,219.0,123.0759,9.0,294.0,151.9751,70.2212,4800.0,96.7391,28435.8622,27102.2366,3.8796,0.4421,20.4421,65.8368,390.4717,242.9332,50.7028
2026-03-03 14:00:00,17.2909,16.3718,50.8079,32.2525,9.6886,8.3328,6.1514,12.2726,106.2176,13.0,215.0118,124.9348,7.0,293.2331,150.9644,70.0,4800.0,96.7391,28452.2645,27159.9841,3.866,0.4502,20.6304,65.8327,391.9922,244.5001,50.5266
2026-03-03 15:00:00,18.0196,16.9037,48.5106,31.5613,9.788,8.3919,6.0849,12.5617,103.0,12.6159,214.0311,126.3587,7.0,292.7606,148.0298,69.2073,4800.0,96.7391,28661.2504,27105.689,3.8653,0.4557,20.4035,65.8285,392.9255,245.4627,50.5641
2026-03-03 16:00:00,17.5871,16.303,47.5633,31.2995,9.6209,8.2359,5.9028,12.1278,105.1651,13.4321,215.335,120.1807,7.0742,293.2284,151.9194,68.0,4800.0,96.7391,28269.7039,26906.9698,3.8691,0.437,20.4604,65.8244,393.4156,245.135,50.6082
2026-03-03 17:00:00,17.7315,17.0399,45.0197,31.6602,9.62,8.139,6.1148,11.9989,105.8534,12.0,216.6727,125.8459,8.8317,294.0,154.9494,72.8048,4800.0,96.7391,28335.7978,26864.5555,3.8832,0.4189,20.8765,65.8203,392.2672,243.2878,49.9691
2026-03-03 18:00:00,17.7072,16.6313,44.7299,29.7658,9.5198,8.323,6.2408,12.969,104.75,14.0,218.2777,119.6444,6.0,292.7432,153.0119,72.234,4800.0,96.7391,28568.196,26932.6151,3.8611,0.4313,21.5655,65.8161,391.8516,242.6418,49.3367
2026-03-03 19:00:00,17.3607,16.2898,47.5404,31.7531,10.1243,8.4297,6.2998,13.5166,107.2607,15.0,216.8991,117.3962,2.0,288.0,156.9082,72.0,4800.0,96.7391,28399.2133,26965.3032,3.87,0.4273,21.5197,65.812,391.4319,242.6389,49.2705
2026-03-03 20:00:00,17.7171,16.6665,45.7585,33.6155,9.6164,8.2259,6.1254,12.2754,106.4889,16.807,217.8691,125.5005,8.0,292.2511,153.9824,71.2285,4800.0,96.7391,28830.2294,27424.8832,3.8677,0.4623,21.2689,65.8078,390.0207,243.1854,49.5533
2026-03-03 21:00:00,17.8378,15.8632,47.0741,31.9103,10.0293,8.7098,6.2788,14.226,104.733,14.6139,215.0321,124.5033,336.6286,284.2397,156.9711,75.0,4815.0,98.3696,28675.3167,27187.7787,3.8681,0.4419,21.191,65.8022,390.6299,242.1934,49.6256
2026-03-03 22:00:00,17.385,16.3374,48.4158,33.2015,9.6917,8.3328,6.4513,12.9046,106.2615,14.4027,217.3015,121.0772,7.0,292.2454,153.0708,75.7907,4815.0,98.3696,28511.8371,27245.9226,3.878,0.4369,21.0152,65.7949,391.3778,242.8401,49.8282
2026-03-03 23:00:00,17.244,16.0726,47.7153,33.8032,9.6381,8.139,6.1238,11.8875,106.1821,16.0,218.3535,125.0662,7.0685,294.0,151.0692,73.0,4815.0,98.3696,28515.4925,27238.9651,3.8657,0.4364,20.9716,65.7876,391.193,242.2184,49.9798
2026-03-04 00:00:00,17.9377,16.6003,48.1394,31.9091,9.5708,8.2359,6.0072,11.7709,106.0,13.8201,218.3436,127.6437,9.0,293.2391,152.0,70.0,4815.0,98.3696,28559.659,27202.1984,3.8647,0.4349,21.1113,65.7804,390.6495,241.9065,49.7781
2026-03-04 01:00:00,17.7588,15.9005,50.5012,33.331,9.6922,8.2359,6.171,11.8533,106.5577,14.7836,219.6643,124.8203,7.149,293.2281,149.9594,70.0,4815.0,98.3696,28655.141,27321.7659,3.8689,0.4401,21.1129,65.7731,389.541,241.2897,49.5098
2026-03-04 02:00:00,17.7582,16.1002,50.0573,32.7556,9.4997,8.2359,6.2329,11.9663,107.0,14.2103,215.0038,124.129,9.0703,294.0,149.0511,70.8059,4815.0,98.3696,28825.1095,27374.5071,3.8698,0.4556,21.4851,65.7658,390.4634,242.7865,49.3815
2026-03-04 03:00:00,17.1654,16.073,48.6858,31.4736,9.6895,8.2942,6.0954,12.2382,107.0,16.0,216.2806,123.8242,7.0468,293.0,152.0266,71.0,4815.0,98.3696,28920.0521,27440.9881,3.8721,0.4638,21.2677,65.7586,390.5906,242.8626,49.5348
2026-03-04 04:00:00,17.2998,15.8886,47.1306,33.6155,10.1977,8.5751,6.633,12.9015,107.4833,14.8132,216.6391,126.6296,7.0,293.2483,148.0499,68.0,4815.0,98.3696,28669.8374,27273.3655,3.8741,0.4437,21.1054,65.7513,391.887,243.0546,49.751
2026-03-04 05:00:00,17.7858,16.1578,48.6196,33.3522,10.0053,8.3531,6.501,12.7382,107.4867,16.0,215.0,126.0,6.9482,291.2503,155.944,72.0,4815.0,98.3696,28440.2494,27193.9417,3.8788,0.4294,21.2003,65.7577,391.6968,241.9965,49.4656
2026-03-04 06:00:00,17.0963,15.7504,47.3877,33.5163,9.9297,8.2262,6.3949,12.1773,108.4639,16.0,220.9488,122.0709,7.0,292.2385,150.0,70.7841,4815.0,98.3696,28408.0796,27168.2395,3.8766,0.4281,20.9458,65.7744,391.5547,242.2929,49.7389
2026-03-04 07:00:00,17.5575,15.7299,47.9661,32.9819,9.5937,8.2359,5.8885,12.0632,105.7764,15.0,216.298,130.6065,7.057,293.0,151.0406,71.0,4815.0,98.3696,28441.4796,27100.0526,3.8726,0.4292,20.8931,65.7912,392.3665,243.1059,50.0122
2026-03-04 08:00:00,16.943,15.9966,46.2642,33.0253,9.7839,8.2559,6.1216,11.9663,105.8199,14.211,218.0,124.7377,8.0,293.0,147.0706,66.0,4815.0,98.3696,28642.4716,27229.0586,3.8736,0.441,20.7427,65.808,390.5577,242.0455,50.1482
2026-03-04 09:00:00,17.1797,15.6105,48.4126,33.1684,9.6337,8.2359,6.1336,12.0617,105.2649,15.5907,216.3099,122.37,7.1226,293.0,149.0,69.0,4815.0,98.3696,28686.3411,27297.7042,3.8635,0.4436,20.7512,65.8248,390.4837,242.2397,50.214
2026-03-04 10:00:00,17.3661,16.3901,47.2973,32.2655,9.5189,8.3328,6.0458,12.386,104.2784,14.2124,215.6705,127.0606,8.8523,293.0,148.0,68.7939,4815.0,98.3696,28775.5702,27340.9674,3.8744,0.4616,20.299,65.8416,391.7185,244.6873,50.587
2026-03-04 11:00:00,17.3868,16.0283,46.8429,30.4156,9.5943,8.3328,6.1692,12.257,105.0,15.2085,219.6146,126.0,8.9165,294.0,148.0,69.7867,4815.0,98.3696,28818.1339,27406.3008,3.8702,0.4602,20.0742,65.8584,391.7831,244.6204,51.1463
2026-03-04 12:00:00,17.1371,16.4321,46.0852,32.6788,9.5211,8.2359,5.7753,11.9503,104.4462,12.7849,223.0,127.0602,8.0754,293.774,147.9142,69.0,4815.0,98.3696,28857.6417,27427.4233,3.8646,0.4628,19.9488,65.8752,391.7923,244.7579,51.2442
2026-03-04 13:00:00,18.1734,16.789,51.9945,31.6428,9.4479,8.2359,5.8504,11.8392,103.4847,13.6232,217.2858,124.9191,8.9643,294.0,146.0167,68.2265,4815.0,98.3696,28676.5544,27331.4116,3.8677,0.4477,19.9152,65.8698,391.8086,243.4963,51.3421
2026-03-04 14:00:00,16.8753,16.1957,48.9533,34.6537,9.6168,8.4297,5.6461,13.0174,105.7427,12.7492,220.9256,128.2594,6.9368,292.0,144.0,66.0,4815.0,98.3696,28713.1596,27396.8723,3.876,0.4524,19.8521,65.8516,392.0915,244.235,51.44
2026-03-04 15:00:00,17.3578,16.4828,48.3887,29.7171,9.7378,8.4782,6.0653,12.7746,104.8936,14.8022,216.3475,123.8457,5.0,292.0,146.9534,68.2244,4815.0,98.3696,28717.3768,27392.0661,3.8706,0.4534,19.8466,65.8335,392.0327,244.6296,51.4132
2026-03-04 16:00:00,17.8776,16.4564,49.5395,31.4682,9.5193,8.2359,6.1346,12.0521,105.2545,15.6146,219.0464,123.335,8.0,293.0,145.9821,69.2131,4815.0,98.3696,28676.2808,27266.4287,3.8734,0.4519,20.5585,65.8153,391.0867,243.6272,50.7224
2026-03-04 17:00:00,17.3562,16.2562,49.0476,32.602,9.5161,8.2359,6.1915,11.9335,106.2665,15.6135,218.3436,120.0,7.0,293.0,149.9481,71.0,4815.0,98.3696,28709.6136,27289.0561,3.87,0.4389,21.2403,65.7972,390.8919,241.3094,49.4772
2026-03-04 18:00:00,17.0492,15.6262,48.4218,31.7844,9.7378,8.2844,6.1229,11.9011,107.7877,15.8047,218.3371,123.9348,6.9471,293.0,149.0,71.0,4815.0,98.3696,28757.2774,27293.4887,3.8713,0.4455,21.6967,65.779,390.6265,242.9207,48.7994
2026-03-04 19:00:00,17.2003,15.7833,45.7335,30.3268,9.544,8.2359,6.2595,11.981,105.0825,16.7916,217.0,125.8637,7.9319,293.0,148.0634,72.0,4815.0,98.3696,28535.4068,27235.83,3.8739,0.445,21.54,65.7608,393.2177,244.9468,49.155
2026-03-04 20:00:00,17.4764,16.326,47.1893,33.4457,9.2987,8.0422,6.2321,11.9503,105.2807,15.5675,216.6684,123.058,6.0,294.0,150.0,74.0,4815.0,98.3696,28474.5162,27135.4413,3.8708,0.4459,21.0792,65.7427,394.9177,247.0166,49.512
2026-03-04 21:00:00,17.2786,16.2635,46.4505,31.9894,9.3962,8.0422,6.2578,11.4492,104.7247,14.0,212.7059,119.2541,7.0879,294.0,146.0219,72.0,4815.0,98.3696,28433.3846,27133.9755,3.8671,0.438,21.2245,65.7419,393.8882,246.1608,49.6482
2026-03-04 22:00:00,17.4606,15.9805,44.493,29.9434,9.5918,8.1974,6.0648,11.9327,107.0,13.188,216.2808,124.9151,6.0474,292.0,146.9727,72.0,4815.0,98.3696,28347.7765,27062.2892,3.8799,0.4279,21.0806,65.7476,393.6233,244.5853,49.6704
2026-03-04 23:00:00,17.9713,16.0495,49.6627,31.8985,9.544,8.1779,6.1527,11.4972,105.2599,14.187,217.9421,123.6374,8.0431,294.0,146.0,72.0,4815.0,98.3696,28524.1451,27091.8466,3.8699,0.4322,20.8582,65.7533,392.5719,243.6331,49.9015
2026-03-05 00:00:00,17.4341,16.5184,46.8035,31.6045,9.7371,8.3711,6.0881,12.3055,109.0,14.607,219.3539,124.0,4.0528,291.0,147.9811,72.0,4815.0,98.3696,28575.7293,27001.8843,3.8774,0.4247,20.9545,65.759,392.1242,242.3231,49.9702
2026-03-05 01:00:00,17.1502,16.0917,46.2065,34.5656,9.374,8.139,5.9006,11.4806,109.4622,15.0,218.6567,123.9312,8.0,293.2371,148.9402,73.0,4815.0,98.3696,28606.5218,27143.7903,3.8735,0.4448,21.0298,65.7647,392.5121,244.2077,49.9528
2026-03-05 02:00:00,17.0456,16.026,47.6018,33.6316,9.4002,8.2254,5.8042,11.7065,106.2096,13.4041,219.3055,124.1527,6.0598,293.7566,145.9448,72.0,4815.0,98.3696,28570.2304,27207.5435,3.8733,0.445,20.8777,65.7705,392.0761,244.0394,49.9353
2026-03-05 03:00:00,17.1286,16.0622,51.5808,33.039,9.4397,8.1009,6.2012,11.5309,106.5462,15.0,215.9935,125.6785,8.0,294.0,148.0392,73.0,4815.0,98.3696,28613.5353,27305.3127,3.8707,0.4468,20.9509,65.7762,392.7894,244.9218,49.9179
2026-03-05 04:00:00,17.6228,16.2643,47.7144,32.6053,9.4471,8.1176,6.2882,11.254,104.7305,16.0,216.0,120.2889,8.0,294.0,147.0644,73.2107,4815.0,98.3696,28554.4016,27215.107,3.8775,0.4412,20.9477,65.7819,392.4732,244.0952,49.9004
2026-03-05 05:00:00,17.2736,15.7461,49.6281,34.6249,9.2792,8.0906,6.0455,11.3689,107.2818,14.0,217.9878,125.9391,8.0,294.0,147.0399,73.7972,4815.0,98.3696,28621.5763,27272.5841,3.8706,0.4481,20.87,65.7871,391.5775,243.9811,49.883
2026-03-05 06:00:00,17.4902,16.4769,46.3313,34.0843,9.4515,8.1875,5.9503,11.2077,108.1605,15.214,218.3375,120.2511,8.0,294.0,146.0,72.7947,4815.0,98.3696,28666.9177,27292.0636,3.8644,0.446,20.996,65.7921,391.6943,243.1943,49.8655
2026-03-05 07:00:00,17.4354,16.1131,49.8958,32.0594,9.3987,8.0518,6.3071,11.2026,105.7501,13.0,217.3578,122.7389,8.0,294.0,147.9735,73.0,4815.0,98.3696,28556.9772,27295.6093,3.869,0.4412,20.9723,65.7971,392.4918,244.1568,49.8534
2026-03-05 08:00:00,17.3711,15.8144,50.9582,31.3913,9.6169,8.1292,6.1837,11.2064,109.4794,15.3745,216.7144,125.0,8.9437,294.0,144.0785,74.0,4815.0,98.3696,28528.829,27170.9052,3.8778,0.4375,20.954,65.8021,391.645,242.9959,49.9796
2026-03-05 09:00:00,17.1144,16.5797,48.0538,32.2434,9.6901,8.4095,6.2224,11.803,106.0,14.6066,214.9482,123.0798,7.0,294.0,144.04,69.0,4815.0,98.3696,28526.1149,27187.529,3.8656,0.4359,20.6487,65.8071,391.7036,243.1251,50.1837
2026-03-05 10:00:00,18.0226,16.6898,49.2774,32.5432,9.6409,8.4195,6.5009,12.4177,106.4964,14.8103,217.243,126.7457,6.9356,294.0,148.9042,69.0,4815.0,98.3696,28554.4375,27224.8114,3.8605,0.4405,20.4746,65.8121,391.6198,243.2256,50.4734
2026-03-05 11:00:00,17.386,16.3886,50.523,31.9891,9.4,8.2568,6.435,11.7241,105.2665,13.204,218.0325,125.3628,7.9389,293.0,145.9721,71.7795,4815.0,98.3696,28562.8981,27207.382,3.881,0.4406,20.328,65.8171,391.7777,242.97,50.763
2026-03-05 12:00:00,17.6103,16.3438,52.7605,34.205,9.7113,8.5157,6.9361,12.0462,106.0,14.0,213.6701,126.6686,7.0,293.2466,150.0,70.0,4815.0,98.3696,28592.3484,27279.9122,3.8734,0.4434,20.2962,65.8214,391.2828,243.4988,50.7928
2026-03-05 13:00:00,17.8771,16.2497,53.4364,33.7373,9.7842,8.5266,6.5887,12.1117,106.2718,13.0,218.7085,125.2831,7.0,293.0,149.9032,70.0,4815.0,98.3696,28594.7756,27179.845,3.8744,0.4405,20.2963,65.8173,391.9247,243.5486,50.7823
2026-03-05 14:00:00,17.5711,16.3702,48.2976,30.9753,9.8317,8.489,6.4932,12.1271,104.0,12.2096,217.6039,124.9371,7.0,292.0,143.1518,69.0,4815.0,98.3696,28554.0676,27202.4543,3.8613,0.4393,20.3114,65.8106,391.8781,243.2966,50.7717
2026-03-05 15:00:00,17.1361,15.764,49.4292,33.9611,9.8347,8.5266,6.2185,12.3055,106.7399,13.5993,219.953,125.2313,5.0743,292.0,147.0,66.2111,4815.0,98.3696,28573.2782,27193.0051,3.8771,0.4431,20.3569,65.8039,391.4476,242.5361,50.7612
2026-03-05 16:00:00,17.7063,15.8134,51.2503,33.8788,9.8108,8.4583,6.4703,11.8027,106.4889,12.8057,218.4299,125.7486,7.0476,294.0,144.0,68.2316,4815.0,98.3696,28742.9189,27251.0589,3.8659,0.4392,20.4268,65.7972,390.4708,241.8169,50.7139
2026-03-05 17:00:00,17.339,16.1609,48.369,32.7357,9.8347,8.3328,6.5403,11.6125,104.7477,15.0,215.3623,123.9081,6.0459,293.7405,144.0269,70.5582,4815.0,98.3696,28856.7195,27236.8226,3.8731,0.4393,20.6222,65.7905,391.3896,242.64,50.5984
2026-03-05 18:00:00,17.2409,16.1408,52.086,32.8475,9.7619,8.3536,6.3185,11.5939,101.7421,13.6045,217.0494,121.3193,7.9473,293.7506,144.9614,67.446,4815.0,98.3696,28527.448,27236.7729,3.8659,0.436,20.8085,65.7838,390.9081,242.2137,50.4829
2026-03-05 19:00:00,17.1447,16.2006,50.5597,33.611,9.7353,8.3328,6.2496,11.6123,104.7459,15.1914,219.2851,123.0826,7.9354,294.0,142.969,68.0,4815.0,98.3696,28443.2295,27114.3451,3.8737,0.4271,20.8862,65.7772,390.487,241.6866,50.3674
2026-03-05 20:00:00,17.4964,15.9767,52.6037,32.6462,10.2007,8.6341,6.5111,12.4043,105.5267,14.7958,216.0397,118.5871,7.9389,294.0,146.9711,67.7832,4815.0,98.3696,28237.7515,26988.808,3.8768,0.4159,20.782,65.7705,391.3559,241.6181,50.2719
2026-03-05 21:00:00,16.9733,16.413,48.6174,33.7856,10.0324,8.5862,6.7712,12.4992,106.4447,14.7875,218.6381,122.9399,8.0,294.0,145.1178,68.7799,4815.0,98.3696,28250.1157,27003.4584,3.8787,0.4156,20.7925,65.7645,391.0495,241.6309,50.3103
2026-03-05 22:00:00,17.4274,16.2758,46.8115,33.0241,9.9124,8.5482,6.8694,12.176,107.4564,15.0,215.0,125.8681,8.9343,295.0,146.0671,69.0,4815.0,98.3696,28246.4461,27008.8619,3.8733,0.4169,20.6969,65.7585,391.8389,241.3308,50.3679
2026-03-05 23:00:00,17.3637,16.7607,46.9872,30.7462,10.6997,9.3987,5.8414,13.5973,106.1537,15.0,216.6585,124.1459,356.9214,284.0,155.8587,70.0,4815.0,98.3696,28226.71,26956.0254,3.8729,0.4158,20.6847,65.7525,391.9983,241.2577,50.4255
2026-03-06 00:00:00,17.0796,15.949,47.9655,32.2197,10.0176,8.5861,7.1882,12.6767,105.2764,13.5713,217.0005,126.9355,8.0,294.0,148.9848,67.4829,4815.0,98.3696,28262.054,26974.8655,3.8834,0.4188,20.8079,65.7465,391.4084,241.0566,50.4213
2026-03-06 01:00:00,17.79,16.1246,45.4222,31.1641,10.0047,8.6235,6.9318,12.6296,104.0275,13.6405,218.6458,123.1642,8.0,293.2502,147.0,69.0,4815.0,98.3696,28301.1889,27056.7386,3.8736,0.42,20.8171,65.7405,391.1836,241.266,50.3916
2026-03-06 02:00:00,17.5224,15.5617,45.0328,33.4512,10.2222,8.5947,6.6106,12.6719,106.0,13.3777,216.6373,126.6414,6.0916,294.0,146.9734,66.0,4815.0,98.3696,28323.6234,27042.8474,3.8693,0.4205,20.7551,65.7345,391.482,241.4947,50.3618
2026-03-06 03:00:00,17.3579,16.6705,52.8308,33.2063,10.0781,8.672,6.5717,12.4868,105.7381,15.6034,217.2526,120.8461,7.0583,293.2452,146.9391,67.2231,4815.0,98.3696,28284.9527,27053.5526,3.8695,0.4208,20.7938,65.7285,391.2946,241.238,50.3321
2026-03-06 04:00:00,16.7981,16.9303,47.1414,32.6885,10.0285,8.6235,6.8328,12.1601,107.0,15.4269,214.35,122.8668,7.0653,294.0,146.0,68.7811,4815.0,98.3696,28258.8563,27009.0874,3.8678,0.4166,20.8839,65.724,391.1793,240.9605,50.3023
2026-03-06 05:00:00,17.3439,16.0889,50.2731,33.912,9.8811,8.5479,6.6087,12.0805,105.0,15.796,214.3457,120.1444,8.0,295.0,143.974,67.2177,4815.0,98.3696,28313.897,27060.1477,3.8718,0.4177,20.903,65.7287,390.9111,240.8352,50.2775
2026-03-06 06:00:00,17.214,16.5232,48.8436,31.982,9.9126,8.5751,6.4936,12.6241,107.4692,15.7824,217.3419,122.1503,5.9276,290.0,147.0765,67.2074,4805.0,97.2826,28128.1027,26903.8282,3.8818,0.4158,20.9026,65.7349,390.5579,240.402,50.2693
2026-03-06 07:00:00,17.9052,17.2441,43.0929,30.0369,9.6201,8.2953,6.7825,11.8526,101.8197,13.7906,218.3049,118.7943,9.0,294.2357,143.0,66.6345,4815.0,98.3696,28339.4521,27095.4322,3.8813,0.4189,21.1489,65.7411,389.7568,240.152,49.9309
2026-03-06 08:00:00,17.2517,15.6906,45.2046,32.8048,9.9125,8.3813,6.5231,12.0477,105.4333,15.0,222.3422,127.7752,8.0,294.0,141.1862,67.1979,4815.0,98.3696,28324.2386,27068.0354,3.8736,0.4193,21.1287,65.7473,390.9061,240.7891,49.9519
2026-03-06 09:00:00,16.8858,16.3219,45.8006,32.9945,10.7065,9.0692,6.5939,14.2433,108.0172,14.0,214.3749,126.7215,5.0,292.0,149.0,68.24,4815.0,98.3696,28294.8425,27031.5251,3.8717,0.4182,20.8005,65.7441,391.4745,241.5742,50.1902
2026-03-06 10:00:00,17.3516,16.1491,47.2086,33.7061,9.6654,8.3813,6.6644,11.8727,105.5088,13.1929,215.0,125.0818,9.0,293.7468,144.0,67.0,4815.0,98.3696,28359.7385,27093.2263,3.8681,0.4238,20.6197,65.7312,390.618,241.2643,50.4285
2026-03-06 11:00:00,17.3924,16.5718,47.5486,32.0402,9.8104,8.4879,6.4875,12.0251,102.4984,12.8135,216.0,123.0894,8.0,293.7466,144.9412,67.771,4815.0,98.3696,28438.9295,27155.0074,3.8755,0.4268,20.5508,65.7182,389.9359,240.9282,50.611
2026-03-06 12:00:00,17.9502,16.7517,46.1085,31.3335,9.7378,8.4577,6.7074,12.127,102.0,12.4002,215.0462,125.9214,6.0,292.0,140.9797,68.7776,4815.0,98.3696,28504.1815,27264.8467,3.8729,0.4284,20.5718,65.7053,389.7078,240.4511,50.5806
2026-03-06 13:00:00,17.6994,15.6706,48.6062,30.4664,9.7374,8.4782,6.5014,11.7545,105.7417,14.0,218.9786,126.1635,7.0647,293.7631,139.0323,67.7872,4815.0,98.3696,28427.1103,27086.8071,3.8692,0.4252,20.4978,65.6924,390.0129,241.0551,50.5349
2026-03-06 14:00:00,17.8779,16.1255,46.9079,33.3619,9.7393,8.4297,6.1433,11.6797,106.2654,15.5929,216.6069,118.3632,9.0,294.7582,137.0514,64.0,4815.0,98.3696,28488.8845,27171.4729,3.8706,0.4255,21.0474,65.6795,388.1275,239.1527,49.9909
2026-03-06 15:00:00,16.8462,16.226,50.0372,33.0036,9.9269,8.3328,6.2881,11.385,107.0,15.0,213.3367,126.0647,8.0,294.0,138.1504,66.5849,4815.0,98.3696,28423.8982,27156.0961,3.8758,0.4232,21.2781,65.6665,391.1482,241.6624,49.5654
2026-03-06 16:00:00,17.6333,16.5857,48.3569,32.9178,9.6409,8.4084,6.4044,11.7241,106.196,15.0,217.0,119.3685,8.9371,293.2245,138.969,67.0,4815.0,98.3696,28517.0785,27193.3648,3.8736,0.4295,21.331,65.6536,391.2352,242.1963,49.4246
2026-03-06 17:00:00,17.7945,16.4567,43.4451,33.2604,9.7545,8.4668,6.5124,11.6594,107.2781,15.7832,215.0106,116.2919,7.9246,294.0,142.0866,69.0,4815.0,98.3696,28415.0533,27136.8661,3.8646,0.4279,21.1805,65.6556,391.1909,242.2163,49.5748
2026-03-06 18:00:00,17.5717,16.6626,47.5985,33.1462,9.6884,8.3328,6.5704,11.5303,106.0,13.0,216.7207,123.2928,7.9465,294.0,144.0,69.0,4815.0,98.3696,28455.7597,27105.1761,3.8698,0.4293,21.0458,65.6659,391.1875,242.3132,49.9344
2026-03-06 19:00:00,16.7584,16.1897,46.1881,32.4647,9.5682,8.2746,6.5669,11.1912,107.0,13.3785,218.2819,128.6537,9.8564,294.0,142.0192,69.7717,4815.0,98.3696,28405.862,27090.8535,3.8687,0.4266,21.004,65.6761,391.3058,242.1979,49.9643
2026-03-06 20:00:00,17.1632,15.729,46.4534,31.7084,9.6151,8.2947,6.4323,11.194,105.0,12.8004,218.95,121.8394,7.0,294.0,144.0203,70.7776,4815.0,98.3696,28342.9378,27106.5581,3.8721,0.423,20.8849,65.6863,391.5293,242.2477,49.9712
2026-03-06 21:00:00,17.3337,15.8052,50.6545,32.0198,9.6664,8.2844,6.3075,11.0411,105.201,15.0,218.0,124.2157,7.9382,294.0,142.0285,69.0,4815.0,98.3696,28304.8875,27033.3467,3.8694,0.418,20.9095,65.6965,391.4347,241.5409,49.9781
2026-03-06 22:00:00,17.1103,16.4234,49.9369,30.9512,9.6408,8.2359,6.2972,11.3516,105.2661,12.3758,213.9742,124.629,7.087,294.0,142.9877,70.0,4815.0,98.3696,28304.0437,26986.8358,3.8766,0.4174,20.9717,65.7068,391.3972,241.1723,49.985
2026-03-06 23:00:00,17.2195,16.0904,45.8044,31.9887,9.9549,8.4513,6.5279,11.3388,106.9148,15.0,216.0602,126.9317,8.0,295.0,144.0,69.7832,4815.0,98.3696,28244.223,26983.0247,3.8693,0.4161,20.9453,65.717,391.4824,241.8328,49.9834
2026-03-07 00:00:00,17.4985,16.2605,46.681,34.0788,10.1496,8.5939,6.4484,12.1117,104.7502,14.0,216.0811,123.6432,7.8863,294.8128,143.3212,66.3355,4815.0,98.3696,28361.0587,27055.8173,3.8741,0.4201,20.992,65.7272,389.859,240.7097,49.9593
2026-03-07 01:00:00,17.5462,16.2243,49.3616,31.6766,10.0285,8.5379,6.5682,12.0957,105.1625,13.7814,215.9914,124.6964,7.0,293.0,144.9603,66.0,4815.0,98.3696,28444.2159,27155.1675,3.87,0.426,21.0369,65.7257,389.591,240.474,49.9352
2026-03-07 02:00:00,17.253,15.4776,43.9775,30.9247,10.084,8.5003,6.3081,11.9504,104.7257,14.0,213.3246,120.1322,8.0842,295.0,142.0746,67.1951,4815.0,98.3696,28337.9331,27129.2614,3.8688,0.4186,20.9952,65.7199,389.506,240.088,49.9111
2026-03-07 03:00:00,17.1487,16.4774,43.3139,31.4062,9.9319,8.6235,6.3109,12.2907,105.7513,14.0,214.7197,125.5609,7.0,293.0,143.0407,66.0,4815.0,98.3696,28459.6751,27193.9506,3.8668,0.4263,21.1123,65.7142,389.2908,239.2923,49.887
2026-03-07 04:00:00,17.1794,15.8458,47.006,31.8901,10.1254,8.6623,6.2586,12.5369,105.0,14.1984,216.7058,120.0781,7.1184,294.0,142.0256,66.0,4815.0,98.3696,28423.6272,27173.2006,3.8679,0.4201,21.0508,65.7085,388.5162,239.2605,49.8629
2026-03-07 05:00:00,17.5554,15.9785,47.5309,33.3189,10.0544,8.5471,6.4735,12.4024,105.7449,14.807,217.6472,124.4058,6.0,293.0,142.9609,66.7751,4815.0,98.3696,28433.4004,27174.9129,3.8651,0.4215,21.1149,65.7027,388.4638,238.7847,49.8388
2026-03-07 06:00:00,16.887,16.4813,48.2496,31.1997,9.982,8.5539,6.2884,11.9663,102.5125,13.0,215.3561,122.1432,7.0,293.7594,140.0,65.0,4815.0,98.3696,28496.4331,27262.9398,3.871,0.423,21.0991,65.697,387.3092,237.9363,49.8148
2026-03-07 07:00:00,16.741,15.1542,49.229,34.2386,9.9584,8.305,6.4231,11.737,106.4767,14.4017,217.6492,122.2352,8.0752,294.0,146.0,68.0,4815.0,98.3696,28331.8218,27106.4826,3.873,0.4171,21.1105,65.6913,389.3836,239.2861,49.8605
2026-03-07 08:00:00,17.4811,16.7327,45.5963,32.258,9.7882,8.4405,6.2987,11.9336,105.9121,14.2088,218.6487,126.7334,9.9349,294.0,141.0317,66.2124,4815.0,98.3696,28371.6566,27168.9391,3.8685,0.4191,21.1207,65.6865,389.3572,239.8523,50.0033
2026-03-07 09:00:00,17.7739,16.5465,46.2771,31.0724,9.8117,8.3925,6.4235,11.5786,103.2654,12.4402,217.3267,122.0735,8.0,294.224,143.0424,68.2043,4815.0,98.3696,28262.2434,27041.2855,3.8729,0.4152,20.9073,65.7035,391.3739,241.1759,50.146
2026-03-07 10:00:00,17.758,16.4538,49.4689,33.5828,9.6893,8.3813,6.2981,11.7075,104.4492,14.3655,216.0,120.2519,8.0,294.2313,140.0,67.0,4815.0,98.3696,28397.8625,27058.6783,3.873,0.4217,20.7229,65.7289,391.7016,242.324,50.33
2026-03-07 11:00:00,16.8224,16.1287,49.3311,31.9191,9.7865,8.448,6.1755,11.8357,105.7507,16.4237,214.4277,124.0873,8.0489,294.7482,138.0,66.0,4815.0,98.3696,28396.1826,27127.9307,3.8644,0.4254,20.4676,65.7543,391.6474,242.323,50.5443
2026-03-07 12:00:00,16.8125,15.8608,46.7509,32.1222,9.5924,8.4782,6.0636,11.8796,105.7439,12.6276,217.1774,124.8182,7.081,294.0,139.9731,68.0,4815.0,98.3696,28349.5938,27064.017,3.8838,0.4232,20.4035,65.7798,392.0486,242.1293,50.7586
2026-03-07 13:00:00,16.811,16.4982,48.5116,33.9959,9.5669,8.3813,6.3465,11.7758,105.4862,12.805,215.7077,124.5158,8.9476,294.0,138.0618,66.7761,4815.0,98.3696,28388.9101,27095.169,3.8775,0.4236,20.3137,65.8052,392.4299,242.4088,50.9684
2026-03-07 14:00:00,17.0784,16.0569,47.5833,33.2016,10.0037,8.7008,6.4039,11.7128,106.7477,11.6248,219.5633,125.6557,7.0,293.0,144.0,69.5388,4815.0,98.3696,28347.7624,27108.5194,3.8766,0.4248,20.1005,65.7847,392.7492,243.0257,51.1144
2026-03-07 15:00:00,17.3853,16.3462,49.0589,31.5568,9.5677,8.3051,6.1714,11.8363,104.0552,13.8002,216.6513,122.3907,7.0,294.0,142.9274,67.778,4815.0,98.3696,28382.2072,27062.6832,3.8742,0.4234,20.4036,65.7367,392.308,243.0455,50.9435
2026-03-07 16:00:00,17.9111,16.3544,49.8984,32.2563,9.934,8.4017,6.6372,12.7069,105.0,14.5756,217.6612,123.1325,3.9473,289.0,151.981,72.2099,4815.0,98.3696,28342.1481,27069.5775,3.8745,0.4223,20.5723,65.6887,391.6433,242.018,50.6413
2026-03-07 17:00:00,17.0114,16.5699,45.1842,32.9296,9.5954,8.1875,6.5403,11.1582,106.7346,15.0,217.6883,124.2234,8.0631,294.0,147.046,72.7829,4815.0,98.3696,28442.3012,27147.2158,3.8769,0.4265,20.8175,65.6631,390.5504,242.0307,50.3392
2026-03-07 18:00:00,17.5606,16.2536,48.3385,31.8681,9.4039,8.1666,6.4434,11.0946,104.2771,14.0,217.3204,122.7554,8.0711,294.0,147.9201,72.2075,4815.0,98.3696,28276.6338,27038.554,3.8734,0.4177,21.0631,65.6624,391.9824,241.9001,50.0371
2026-03-07 19:00:00,17.2819,16.0041,45.2367,30.8504,9.3232,8.0799,6.6056,11.4007,106.0,14.0,213.6436,122.8418,8.0,294.0,150.8032,75.0,4815.0,98.3696,28286.9793,27002.0726,3.8691,0.421,21.1749,65.6617,393.0809,243.2744,49.8271
2026-03-07 20:00:00,17.9399,16.1138,49.0268,31.7247,9.3746,8.1097,6.3156,11.3365,104.4954,15.0,215.6343,121.9074,8.0406,294.0,150.9742,74.2361,4815.0,98.3696,28308.2409,27043.8677,3.8751,0.4202,21.1834,65.6611,391.8893,242.535,49.7575
2026-03-07 21:00:00,17.6816,15.9903,46.1803,32.2794,9.4714,8.0906,6.4341,10.9186,107.0,14.6349,213.7028,124.8375,8.053,294.0,147.9785,73.2246,4815.0,98.3696,28299.3149,27066.5237,3.8698,0.4195,21.3129,65.6604,391.9884,242.5007,49.6878
2026-03-07 22:00:00,16.9007,16.5688,47.0251,30.7796,9.5924,8.1875,6.2454,11.4373,105.5023,15.4309,215.9265,119.4271,7.0638,293.255,149.0,74.0,4815.0,98.3696,28244.5293,27030.1781,3.8735,0.4174,21.3449,65.6597,391.8168,242.2119,49.6182
2026-03-07 23:00:00,18.0773,16.5687,45.1219,30.9767,9.4255,8.0802,6.2776,11.1946,105.0524,15.0,214.048,121.7743,8.0,294.2449,145.065,72.7803,4815.0,98.3696,28279.1856,27044.5679,3.8662,0.4181,21.4199,65.6591,391.9182,242.4714,49.5486
2026-03-08 00:00:00,17.6101,16.5018,48.3823,31.7238,9.6156,8.1875,6.2889,10.956,106.0,14.0,218.3105,116.4059,9.0,294.0,145.0356,74.7732,4815.0,98.3696,28330.0482,27095.3258,3.8742,0.4193,21.4724,65.6584,391.6458,241.6864,49.4789
2026-03-08 01:00:00,17.7347,15.8371,48.0809,33.3855,9.4879,8.0799,6.4434,11.193,106.2691,12.4101,215.6563,122.8592,7.9345,294.0,145.0315,73.7836,4815.0,98.3696,28307.2432,27074.8513,3.8741,0.4202,21.4189,65.6598,392.2834,242.7177,49.4093
2026-03-08 02:00:00,17.7302,16.4882,45.4481,31.7021,9.5459,8.0906,6.5043,11.2396,104.2769,14.7835,213.0011,120.0,8.0724,294.0,148.9168,75.0,4815.0,98.3696,28292.1759,27019.1026,3.8679,0.4202,21.4211,65.6631,392.2757,243.0744,49.3605
2026-03-08 03:00:00,17.4115,16.5584,46.7674,31.194,9.5693,8.0743,6.22,11.0291,103.726,13.0,211.3394,123.8023,7.9333,294.0,146.0,72.7861,4815.0,98.3696,28323.7426,27070.6215,3.8804,0.4199,21.4574,65.6663,391.9892,241.81,49.3752
2026-03-08 04:00:00,17.0532,15.7464,43.4204,30.8357,9.5408,8.1875,6.1837,10.8205,106.0,12.5622,218.0,124.0,8.0,294.0,145.0449,73.0,4815.0,98.3696,28380.5112,27131.3852,3.8864,0.4224,21.392,65.6696,391.1544,241.2831,49.3928
2026-03-08 05:00:00,16.8096,15.8405,46.2732,31.4583,9.5919,8.2359,6.1782,10.983,105.4853,14.6413,215.7209,124.8052,8.0,294.0,145.0,73.0,4815.0,98.3696,28388.8936,27143.8834,3.8696,0.4227,21.4327,65.6729,391.1752,241.3772,49.4104
2026-03-08 06:00:00,17.247,16.4234,45.9927,30.1338,9.4476,8.1875,6.4373,11.0458,105.0,11.5799,215.7117,125.1703,8.9489,294.0,146.9688,72.7701,4815.0,98.3696,28318.6013,27068.1478,3.8729,0.4205,21.4946,65.6762,391.919,241.9214,49.428
2026-03-08 07:00:00,18.2609,16.8045,46.4407,33.3954,9.6665,8.2164,6.2185,11.176,105.2506,13.1852,215.6951,124.5586,7.0,294.0,147.0488,73.0,4815.0,98.3696,28228.7604,26973.4145,3.8733,0.416,21.4443,65.6794,392.6996,242.7985,49.4456
2026-03-08 08:00:00,16.6691,16.0688,49.2334,32.5236,9.9305,8.305,6.5907,11.2972,106.4791,13.0,215.0638,122.402,9.0,294.7518,141.019,67.2234,4815.0,98.3696,28278.5813,27108.6126,3.8808,0.4186,21.3326,65.6827,391.3749,241.4927,49.4632
2026-03-08 09:00:00,17.5909,16.0856,47.111,32.245,9.7371,8.3166,6.6177,11.3992,105.0,12.5805,215.3425,119.0689,9.0,294.7509,142.9662,67.7849,4815.0,98.3696,28303.5378,27080.249,3.8677,0.4194,21.1672,65.684,391.3873,241.9021,49.6593
2026-03-08 10:00:00,17.2599,15.7376,46.9246,31.7195,9.6394,8.312,7.0732,11.7397,103.2654,13.2001,215.0,122.6926,7.0,293.0,149.1011,72.0,4815.0,98.3696,28362.1981,27085.4254,3.8767,0.4231,20.9715,65.6839,390.7312,241.4777,49.937
2026-03-08 11:00:00,18.0833,16.2138,46.912,31.6272,9.4471,8.2954,6.7341,11.4973,104.5518,14.7888,216.0069,125.0669,7.0,294.0,147.0,73.2207,4815.0,98.3696,28409.5885,27103.4199,3.8708,0.4232,20.9607,65.6837,391.2074,242.0899,50.1104
2026-03-08 12:00:00,17.4313,16.2576,47.3802,31.6568,9.5478,8.2144,6.492,11.5961,105.0,13.2049,218.0,121.3516,7.0,293.2334,147.1263,75.0,4815.0,98.3696,28424.2262,27144.4384,3.8696,0.428,20.738,65.6835,391.8996,242.6575,50.2195
2026-03-08 13:00:00,17.8021,16.8289,47.7164,34.0525,9.4985,8.3104,6.2114,11.3041,104.1622,13.4314,218.6731,121.1214,7.8505,294.0,143.0845,69.7969,4815.0,98.3696,28438.5941,27158.372,3.8704,0.4296,20.5868,65.6834,391.179,242.2491,50.3286
2026-03-08 14:00:00,17.4341,16.0445,47.5645,30.9546,9.5925,8.3719,6.7976,11.8583,103.7727,12.8038,217.5811,129.4212,6.9482,293.7515,147.0548,71.0,4815.0,98.3696,28748.863,27334.8119,3.8677,0.4549,20.6293,65.6832,391.5411,243.5774,50.3519
2026-03-08 15:00:00,17.0243,16.435,49.7997,31.2413,9.7867,8.4297,6.5403,12.0337,103.5056,13.8086,214.715,119.5129,6.9512,294.0,147.0331,69.2337,4815.0,98.3696,28674.2202,27338.9499,3.8698,0.4473,20.7879,65.6831,391.0838,242.8934,50.2667
2026-03-08 16:00:00,17.498,16.3241,48.1074,31.6696,9.5926,8.3328,6.5226,11.4183,104.7454,13.0,215.3606,123.0772,7.9431,294.0,146.0274,69.2245,4815.0,98.3696,28480.9138,27178.2234,3.8777,0.4338,20.7747,65.6829,391.7344,242.6135,50.1814
2026-03-08 17:00:00,17.766,16.0574,47.9589,31.4599,9.9068,8.5546,6.7226,12.1629,106.0,12.8004,213.9512,127.3555,7.0548,294.7539,145.0,66.2253,4815.0,98.3696,28323.6609,27080.8941,3.8773,0.4234,20.7092,65.6849,391.2632,241.581,50.0961
2026-03-08 18:00:00,17.7804,16.5111,46.1776,33.0798,9.9311,8.672,6.6983,12.9025,102.7303,13.4112,215.3858,122.0688,4.0644,291.0,147.9697,68.5723,4815.0,98.3696,28376.9463,27105.8794,3.8763,0.4224,20.9132,65.688,391.8405,242.017,50.0106
2026-03-08 19:00:00,17.8093,15.5725,50.3851,31.9061,9.8844,8.5266,6.4254,12.2368,103.5873,13.0,213.3454,120.9271,4.0609,291.2428,147.0,66.2184,4815.0,98.3696,28369.7649,27089.9197,3.8723,0.4228,21.1994,65.6912,390.9617,241.9101,49.8747
2026-03-08 20:00:00,17.5293,15.9519,47.6687,31.3818,9.8452,8.4892,6.7526,11.5462,106.6293,12.2126,216.651,118.2591,8.0721,295.0,143.1117,67.0,4815.0,98.3696,28430.5399,27190.7811,3.872,0.4238,21.3529,65.6943,390.4406,240.6779,49.7345
2026-03-08 21:00:00,17.9051,16.0577,49.541,31.7573,9.7842,8.5643,6.5111,12.1419,107.6304,12.8242,213.3484,119.2812,7.0,293.0,143.9,66.2096,4815.0,98.3696,28403.5591,27024.1179,3.8699,0.4255,21.3266,65.6975,391.3611,242.474,49.5943
2026-03-08 22:00:00,17.4834,16.4804,48.5642,31.5586,9.8802,8.4887,6.4919,11.9018,105.2818,14.7809,214.313,123.6401,8.8511,294.0,142.0408,66.0,4815.0,98.3696,28385.567,27157.0403,3.8765,0.4261,21.3546,65.7006,391.4324,242.2502,49.5159
2026-03-08 23:00:00,17.4521,16.9992,46.99,32.3038,10.3698,8.7889,7.0759,12.3251,104.2481,14.6042,218.0,122.099,8.0385,295.0,149.0458,69.2304,4815.0,98.3696,28359.7785,27085.3357,3.8628,0.4244,21.3567,65.7038,392.6938,243.0718,49.5247
2026-03-09 00:00:00,17.7225,16.7174,47.96,31.5937,9.8835,8.4979,6.567,12.4286,105.7644,14.8114,212.3571,124.0877,7.0,293.2547,145.0339,66.7703,4815.0,98.3696,28348.277,27080.145,3.8825,0.4245,21.312,65.7069,393.1044,243.2289,49.5336
2026-03-09 01:00:00,17.1886,16.1878,49.8331,31.6868,9.735,8.4297,6.581,12.1905,105.2616,13.5559,215.7247,124.6994,6.957,292.7597,143.9146,67.0,4815.0,98.3696,28339.3345,27108.2344,3.8859,0.4222,21.4769,65.7133,392.4618,242.4573,49.5712
2026-03-09 02:00:00,17.8002,16.6203,47.9356,31.272,9.7835,8.4297,6.2889,12.0148,105.7727,14.4113,213.4062,123.0826,6.9456,293.2463,142.9781,67.0,4815.0,98.3696,28306.8446,27036.8952,3.8717,0.4213,21.3655,65.7207,392.6843,243.222,49.6296
2026-03-09 03:00:00,17.2864,16.1964,48.041,32.0496,9.7414,8.4405,6.2796,11.9832,107.2644,12.4106,215.0221,123.0693,7.0673,293.0,141.0,68.0,4815.0,98.3696,28286.9606,27009.9177,3.878,0.4208,21.3248,65.7281,393.0954,243.9369,49.6881
2026-03-09 04:00:00,16.6214,16.1754,51.0312,31.2629,9.8098,8.4782,6.2886,12.1755,106.9425,12.6095,216.3084,121.0745,6.9393,293.0,140.0525,66.0,4815.0,98.3696,28291.0594,27010.7017,3.8625,0.4206,21.2283,65.7355,393.5349,244.0469,49.7465
2026-03-09 05:00:00,17.2585,16.5999,47.3939,33.2407,9.8118,8.3066,6.395,11.7566,107.2748,15.0,215.6618,121.1565,7.0,293.2296,143.848,67.7902,4815.0,98.3696,28271.8249,26958.317,3.8857,0.4207,21.2602,65.7428,393.4815,243.7693,49.805
2026-03-09 06:00:00,17.2389,16.3746,50.9334,32.8691,9.9604,8.3328,6.2287,11.9021,108.0,14.2089,217.3215,121.9288,6.0,293.0,142.0322,68.2092,4815.0,98.3696,28275.6634,27011.9618,3.8818,0.4196,21.2273,65.7502,393.2286,243.78,49.8634
2026-03-09 07:00:00,17.7667,15.9152,46.2738,29.773,9.6862,8.3435,6.26,11.7894,105.5652,14.649,216.6713,124.1783,8.8503,294.0,140.0,65.7991,4815.0,98.3696,28307.1337,27096.3343,3.8785,0.4213,21.1484,65.7576,393.2232,243.4429,49.9219
2026-03-09 08:00:00,17.6534,16.1812,49.1025,32.4775,10.0305,8.7017,6.5718,13.3085,104.7588,15.0,215.2634,125.8092,5.9443,292.0,144.0,66.7729,4815.0,98.3696,28382.0075,27045.059,3.8695,0.4308,21.0291,65.7647,392.6228,243.9258,49.9803
2026-03-09 09:00:00,17.2036,16.3007,45.1958,32.453,9.7857,8.498,6.5066,12.2906,105.7626,14.4241,217.068,123.56,8.0496,294.7467,144.9415,65.4599,4815.0,98.3696,28348.703,27096.317,3.8666,0.4314,20.7704,65.731,394.0241,244.9637,50.2847
2026-03-09 10:00:00,17.5716,16.2641,47.29,31.7543,9.9799,8.701,6.4656,12.9353,103.4966,13.1866,217.4346,123.8519,6.9399,293.0,143.926,66.0,4815.0,98.3696,28538.7571,27155.0251,3.8641,0.4382,20.4183,65.7333,394.1078,245.3633,50.6845
2026-03-09 11:00:00,17.769,16.3099,47.4539,32.7015,9.7854,8.5163,6.7249,12.2086,102.4815,13.0,216.4152,125.689,8.8873,295.0,143.02,67.5539,4815.0,98.3696,28646.5928,27241.8896,3.8775,0.4496,20.2341,65.7367,394.3657,246.2798,51.0837
2026-03-09 12:00:00,17.6247,16.252,46.2365,30.9613,9.7378,8.3919,6.6068,11.7418,104.515,13.8051,216.694,122.9331,9.0,294.0,145.0,69.0,4815.0,98.3696,28601.9149,27206.62,3.8793,0.4473,20.2883,65.7401,393.9367,245.811,51.0579
2026-03-09 13:00:00,17.1886,16.0216,47.1673,30.976,9.6175,8.3813,6.3657,11.7418,103.2654,10.6099,218.3085,127.698,7.0618,293.7594,141.0519,68.0,4815.0,98.3696,28571.3532,27107.4107,3.885,0.4437,20.2749,65.7435,393.493,245.4537,50.9577
2026-03-09 14:00:00,17.3378,16.1975,48.5065,30.4467,9.8118,8.4782,6.403,12.2407,103.5543,12.7858,217.6604,123.1224,6.1382,294.0,140.9301,66.0,4815.0,98.3696,28604.0478,27236.644,3.87,0.4463,20.4641,65.7469,393.9639,245.7964,50.8574
2026-03-09 15:00:00,16.9666,16.2401,46.8458,32.7969,9.8894,8.5751,6.2496,11.9033,105.187,12.0,217.709,123.7845,7.0,294.0,141.9681,67.0,4815.0,98.3696,28685.5933,27221.3355,3.8673,0.4472,20.5434,65.7491,394.1944,245.8776,50.7572
2026-03-09 16:00:00,17.674,16.4122,41.4008,32.5442,9.7378,8.4297,6.1838,11.8859,107.4436,13.6571,217.6673,126.8185,7.0,293.0,142.9191,67.7971,4815.0,98.3696,28851.6542,27168.1281,3.8669,0.4441,20.61,65.6768,394.8454,246.4999,50.6569
2026-03-09 17:00:00,17.9068,16.4836,45.2997,29.3258,10.0769,8.8173,6.3782,13.3598,105.0,14.4535,218.1612,123.0972,6.0524,293.0,144.0,67.0,4815.0,98.3696,28525.5847,27188.0066,3.8679,0.4419,20.7132,65.6713,394.6975,245.9794,50.5567
2026-03-09 18:00:00,17.6219,16.3299,43.8278,31.4441,10.2709,8.7204,6.5479,13.8073,104.5054,15.1904,216.0,120.3407,7.903,293.7436,144.9722,67.0,4815.0,98.3696,28553.7088,27170.6254,3.8717,0.4463,20.7246,65.6657,394.4024,245.6946,50.4708
2026-03-09 19:00:00,17.9606,16.2879,50.3303,31.6724,10.1733,8.5849,6.318,12.3311,105.0,15.0,218.0936,128.3911,8.1195,294.0,142.0,66.2209,4815.0,98.3696,28265.3683,27009.4448,3.8671,0.4252,20.8192,65.6602,395.4964,246.0897,50.3867
2026-03-09 20:00:00,16.8877,15.8091,46.1409,32.6729,9.9331,8.6133,6.2425,12.4992,104.7757,13.0,215.9423,123.0,8.8901,294.0,141.0166,66.0,4815.0,98.3696,28321.1296,27007.3326,3.8709,0.4294,20.8233,65.6546,394.7689,245.4539,50.3027
2026-03-09 21:00:00,17.3784,16.2175,43.4612,30.6879,9.985,8.5542,6.2109,12.1779,103.462,14.5977,214.3708,120.2095,7.0653,294.7594,141.935,66.2138,4815.0,98.3696,28297.2103,26981.3767,3.8722,0.4283,21.0047,65.649,394.96,245.1405,50.2186
2026-03-09 22:00:00,17.9253,16.5675,45.0215,32.0773,9.8818,8.6029,6.2886,12.2394,101.5275,14.0,211.733,121.7754,7.0599,294.0,140.9757,66.0,4815.0,98.3696,28285.0882,26993.5509,3.8745,0.4257,21.0056,65.6435,394.4201,245.3861,50.1346
2026-03-09 23:00:00,17.4976,16.4512,47.2438,30.5822,9.7378,8.6017,6.0659,12.1443,103.5428,14.5802,214.9804,119.0,6.1404,294.7648,138.1491,67.0,4815.0,98.3696,28273.9746,26952.285,3.8811,0.4247,21.0585,65.6379,394.1522,245.5898,50.0505
2026-03-10 00:00:00,16.9626,16.4234,45.4491,32.1678,10.1038,8.6235,6.0171,12.3217,104.2655,14.7958,216.306,124.1412,7.924,294.0,141.0465,65.798,4815.0,98.3696,28328.8377,27077.9966,3.8759,0.4284,21.0734,65.6377,393.7087,244.6324,49.9665
2026-03-10 01:00:00,17.6303,16.0559,46.4054,32.1396,9.8386,8.5156,6.1677,12.3863,104.5518,14.0,216.0,124.6838,8.0734,294.2277,139.1257,65.0,4815.0,98.3696,28319.4744,27028.1841,3.8736,0.4272,21.1409,65.65,394.1895,244.7247,49.8943
2026-03-10 02:00:00,17.2711,16.1663,45.7267,31.0034,9.8821,8.5266,6.1043,12.0775,103.257,10.5865,214.9395,121.0,8.0,294.2496,140.0548,65.2421,4815.0,98.3696,28294.9379,27004.3497,3.8697,0.4256,21.2231,65.6623,394.2156,244.4244,49.9119
2026-03-10 03:00:00,17.7946,17.0105,46.9854,33.9933,9.9321,8.5554,6.5403,12.335,104.0,13.1882,219.6395,123.5492,7.9548,294.0,142.0096,65.7671,4815.0,98.3696,28295.864,26970.2384,3.879,0.4267,21.1981,65.6747,394.3808,244.6499,49.9384
2026-03-10 04:00:00,17.4858,16.2296,49.7158,31.4074,9.882,8.5266,6.2222,12.2264,103.7431,14.6145,214.3509,121.2354,7.0552,294.2526,143.9886,65.7781,4815.0,98.3696,28268.8921,26972.0915,3.8686,0.4261,21.1133,65.687,394.5496,245.3118,49.9648
2026-03-10 05:00:00,17.9665,16.3638,52.2666,32.2005,9.9316,8.5851,6.2103,12.3206,104.2531,13.1918,220.9305,120.342,7.0493,294.0,142.0,65.0,4815.0,98.3696,28319.9122,27049.7655,3.8796,0.4271,21.0316,65.6993,393.6722,244.4484,49.9913
2026-03-10 06:00:00,17.4402,16.3451,48.3772,32.7225,9.9582,8.5467,6.075,11.935,106.2682,12.206,215.7462,121.207,7.0,294.0,143.8879,65.2192,4815.0,98.3696,28271.1342,26987.7513,3.8781,0.4279,21.0073,65.7116,393.8902,244.3352,50.0177
2026-03-10 07:00:00,17.2105,15.7611,48.6463,30.9852,9.9344,8.6028,6.2402,12.5044,105.2633,13.7997,216.0,121.6957,7.0,293.7535,140.0722,66.2197,4815.0,98.3696,28346.3231,27050.9724,3.8677,0.4272,21.1294,65.7239,394.2024,244.684,50.0442
2026-03-10 08:00:00,17.4822,16.7599,46.301,31.4901,9.9983,8.6235,6.2603,12.1928,105.0928,14.7903,213.3517,121.3249,7.0,295.0,140.0368,66.2093,4815.0,98.3696,28268.8691,26965.8915,3.8768,0.4244,21.0823,65.7059,394.9473,245.5307,50.0706
2026-03-10 09:00:00,17.35,16.5913,48.0496,31.818,9.7378,8.2844,6.5791,11.3678,106.7297,13.2046,217.3436,124.6421,9.0,294.2258,141.0589,69.2161,4815.0,98.3696,28325.2091,26958.4611,3.8775,0.4271,20.8882,65.6241,395.2542,246.0661,50.1544
2026-03-10 10:00:00,18.1487,16.1478,43.4369,30.6166,9.7862,8.3441,6.3508,11.5621,104.4463,13.5719,214.0096,120.8802,9.0,294.0,140.0,68.0,4815.0,98.3696,28393.2628,27079.1878,3.8689,0.4326,20.6464,65.6332,393.9569,244.8696,50.5205
2026-03-10 11:00:00,17.6561,16.2921,46.8144,30.7776,9.8854,8.4563,7.1887,12.7425,103.4454,13.0,215.3263,122.2349,6.0,292.0,150.0,68.1962,4815.0,98.3696,28461.7874,27115.173,3.879,0.434,20.5048,65.691,393.3504,244.2395,50.8295
2026-03-10 12:00:00,17.4162,16.3696,49.4685,31.5261,9.6893,8.3524,6.65,12.164,103.0,15.4336,215.719,124.5597,7.0,293.0,145.9553,67.0,4815.0,98.3696,28409.1592,27132.4414,3.8738,0.4331,20.5145,65.688,393.0429,244.3542,50.7881
2026-03-10 13:00:00,17.4178,16.7317,48.0401,32.0099,9.64,8.3521,6.4454,11.8235,105.0,14.8136,218.3064,124.8396,7.9396,294.0,141.9462,66.226,4815.0,98.3696,28411.3521,27094.8309,3.8751,0.4343,20.4444,65.6491,393.4256,244.6861,50.7259
2026-03-10 14:00:00,17.6742,16.0321,45.9449,30.7043,9.7855,8.4782,6.4342,11.7692,104.0,13.8066,218.3562,124.0,8.0,294.0,143.8522,68.0,4815.0,98.3696,28377.7827,27044.4633,3.8674,0.4335,20.4909,65.6412,394.4955,245.034,50.6637
2026-03-10 15:00:00,17.7548,16.463,47.1177,34.0973,9.6446,8.516,6.1139,11.8524,105.7345,12.4065,212.658,119.3475,7.0,293.0,142.9677,67.2149,4815.0,98.3696,28462.803,27186.7326,3.8743,0.436,20.7052,65.6333,392.7123,244.3493,50.5821
2026-03-10 16:00:00,17.4406,16.095,45.2747,32.7921,10.3676,8.9142,6.0761,12.5324,107.2074,13.3957,218.5608,121.3806,21.7292,286.0,149.979,69.0,4815.0,98.3696,28449.0499,27127.0535,3.877,0.4363,20.5353,65.6256,392.7217,244.1413,50.6013
2026-03-10 17:00:00,17.7734,16.6205,49.6172,32.8574,9.7378,8.3328,6.4433,11.933,102.8235,13.212,217.9859,125.8024,7.9311,294.0,142.0998,68.0,4815.0,98.3696,28258.2424,26934.2259,3.8822,0.4294,20.5954,65.6194,394.2062,245.1011,50.732
2026-03-10 18:00:00,17.5918,16.4719,46.7869,33.013,9.6838,8.3328,6.3258,11.5442,104.8543,12.0205,214.6684,125.0691,7.08,294.0,142.0,69.2045,4800.0,96.7391,28155.4533,26814.7187,3.8786,0.4276,20.8685,65.6134,393.3651,244.4033,50.3784
2026-03-10 19:00:00,17.3659,16.1145,48.5446,32.3849,9.8119,8.4297,6.1144,11.66,106.1609,12.7836,215.6689,123.8812,4.0745,291.0,145.0,68.2074,4815.0,98.3696,28331.7816,27039.5513,3.8743,0.43,21.1116,65.6073,393.2094,244.3173,50.0248
2026-03-10 20:00:00,17.8669,16.0426,47.9111,30.9257,9.5945,8.3218,6.2981,11.1593,106.1819,12.7905,217.9725,123.9526,7.9178,294.0,144.0,71.2062,4815.0,98.3696,28309.199,27020.0475,3.8826,0.4258,21.1152,65.6012,394.2225,245.1805,49.9011
2026-03-10 21:00:00,17.7241,16.4639,46.2124,29.9153,9.6409,8.3328,6.3288,11.3365,106.7512,13.1875,216.6372,121.9119,5.0954,293.0,143.0,70.7659,4815.0,98.3696,28343.4212,27035.7335,3.8789,0.4301,21.1712,65.5951,393.3136,244.2504,49.8383
2026-03-10 22:00:00,17.5804,16.5641,47.0321,31.4704,9.7378,8.4006,6.6152,11.9893,105.0,13.3703,214.6339,121.2787,6.9444,293.0,145.0864,70.2242,4815.0,98.3696,28381.1263,26995.0286,3.8754,0.4315,21.2461,65.589,393.7768,244.4804,49.7755
2026-03-10 23:00:00,17.552,16.381,45.624,32.9522,9.7368,8.3328,6.5403,11.4121,105.7657,15.8082,219.2907,123.7502,7.0508,294.0,143.0199,70.0,4815.0,98.3696,28381.1427,27046.5459,3.8678,0.4296,21.2488,65.5829,393.478,244.1957,49.7127
2026-03-11 00:00:00,17.7663,16.6526,45.1885,32.3111,9.6882,8.2359,6.3754,11.1741,103.7989,14.6126,216.6476,120.0,8.8731,294.0,142.0302,70.0,4815.0,98.3696,28366.9458,26999.7064,3.8762,0.4282,21.3116,65.5783,393.3858,244.3632,49.6499
2026-03-11 01:00:00,17.4478,16.5149,44.498,33.7809,9.6359,8.3537,6.4445,11.0613,106.4722,13.1972,215.2487,120.0,7.0,293.7568,144.0217,68.7772,4815.0,98.3696,28349.6312,27026.9067,3.8707,0.4283,21.3364,65.5796,393.7246,243.8973,49.5871
2026-03-11 02:00:00,17.5861,16.4542,46.2904,32.0379,9.4978,8.3328,6.4919,11.4483,106.4556,14.0,216.3226,120.3276,7.0,294.0,143.871,70.0,4815.0,98.3696,28367.2293,27027.86,3.8841,0.4288,21.3635,65.5814,393.2408,243.7549,49.5243
2026-03-11 03:00:00,16.8457,16.1798,46.5976,32.2603,9.7127,8.3328,6.298,11.3386,106.5591,14.4345,215.6902,123.8344,7.0,293.0,141.0,69.203,4815.0,98.3696,28281.9516,26962.9339,3.8755,0.4267,21.4583,65.5832,394.0924,244.4627,49.4692
2026-03-11 04:00:00,17.2868,16.436,49.4315,30.4995,9.5866,8.3328,6.2395,11.2719,105.7206,15.3534,215.3317,120.3055,8.0,294.0,142.9252,69.0,4815.0,98.3696,28310.8413,27011.2188,3.8737,0.4282,21.4668,65.5851,394.1795,244.5499,49.4956
2026-03-11 05:00:00,17.5007,16.4997,46.3523,32.5537,9.5902,8.2359,6.1638,11.1275,106.0,15.5753,216.3226,119.1982,7.0,294.0,141.0742,68.7897,4815.0,98.3696,28305.5951,27039.1896,3.8741,0.4267,21.4314,65.5869,393.8323,244.8259,49.5367
2026-03-11 06:00:00,17.2372,16.9134,49.2526,32.7931,9.7376,8.2359,6.2803,10.9974,105.0,13.1878,214.6398,122.7336,9.0,294.0,142.0358,70.767,4815.0,98.3696,28267.5374,27044.1643,3.8692,0.4258,21.381,65.5887,393.4151,244.0672,49.5778
2026-03-11 07:00:00,17.9152,16.59,47.0789,31.0214,9.6898,8.2257,6.2424,11.0373,104.0,14.8039,217.6505,118.1629,8.0,294.0,139.0432,69.2264,4815.0,98.3696,28324.4172,27016.4948,3.8745,0.4274,21.4072,65.5905,393.6366,243.9386,49.6188
2026-03-11 08:00:00,17.1017,16.606,39.3797,31.5124,9.6409,8.2744,6.4041,11.0641,104.5115,14.0,212.0,124.8375,7.0,294.0,140.0196,68.7727,4815.0,98.3696,28367.3648,27049.7872,3.8797,0.4293,21.32,65.5929,393.7857,244.3554,49.6599
2026-03-11 09:00:00,17.7294,16.2915,44.785,33.0345,9.7864,8.6136,6.6856,11.9663,105.0,13.2029,213.6551,121.0,6.1268,294.0,142.0292,67.0,4815.0,98.3696,28381.4335,26985.286,3.8707,0.431,21.1244,65.5976,393.6702,244.1019,49.7739
2026-03-11 10:00:00,17.4575,16.4329,46.587,30.1994,9.9817,8.6446,6.4136,12.691,106.0,13.7938,216.3566,117.331,6.9295,292.0,145.0772,68.0,4815.0,98.3696,28346.8023,26976.7848,3.8673,0.4283,20.8271,65.6024,393.9125,244.3566,50.1109
2026-03-11 11:00:00,17.526,16.3057,49.3633,33.0689,9.6916,8.4187,7.3541,12.2877,105.0,13.8481,214.3455,124.0639,6.0702,292.0,151.9268,69.0,4815.0,98.3696,28338.4641,27068.9637,3.8728,0.4278,20.6735,65.6072,393.5653,244.4922,50.4478
2026-03-11 12:00:00,17.8695,16.0193,49.4822,33.2911,9.7862,8.5266,6.5015,12.4157,102.5547,12.4104,217.6861,121.3702,3.0608,290.0,145.9212,71.0,4815.0,98.3696,28430.756,27097.8161,3.8705,0.4343,20.6386,65.612,393.6417,244.4933,50.5056
2026-03-11 13:00:00,17.4191,16.8488,49.3182,30.1028,9.5652,8.3109,6.5301,11.433,100.0,13.2124,216.6641,124.6958,8.0,294.0,140.9248,69.0,4815.0,98.3696,28408.27,27052.7217,3.8771,0.4369,20.548,65.6168,393.4694,244.5328,50.5169
2026-03-11 14:00:00,17.0519,16.5306,45.4273,32.4252,9.6232,8.2844,6.3191,11.0133,104.5552,13.2234,215.6785,121.1305,8.9345,294.0,141.0,69.8047,4815.0,98.3696,28406.8975,27136.1838,3.8723,0.4343,20.6403,65.6216,394.0738,244.9078,50.5281
2026-03-11 15:00:00,17.3922,16.6019,46.975,31.5159,9.9075,8.6334,6.6284,12.0443,103.753,13.8114,214.273,120.0894,6.0438,294.0,142.0258,67.0,4815.0,98.3696,28470.2778,26962.1696,3.8682,0.4301,20.5814,65.6264,394.7633,245.2953,50.5394
2026-03-11 16:00:00,17.2129,16.1807,49.1733,35.0249,9.8351,8.5369,6.3524,11.5969,104.7388,12.8032,214.1844,119.2364,9.0,295.0,142.9,67.0,4815.0,98.3696,28393.9164,27125.4225,3.8714,0.4324,20.5107,65.6266,393.2751,244.1472,50.5506
2026-03-11 17:00:00,18.3147,16.2853,45.7332,31.8562,9.9786,8.662,6.2314,12.2102,102.4571,12.808,215.3177,122.0852,6.0,293.0,140.0667,66.0,4815.0,98.3696,28437.1287,27096.6707,3.8763,0.435,20.583,65.6186,393.4567,244.9119,50.56
2026-03-11 18:00:00,17.4103,16.9514,46.8692,31.9151,9.8831,8.4782,6.1624,11.9024,103.0,12.0,215.6891,120.2209,7.9389,294.0,142.0,66.0,4815.0,98.3696,28366.9128,27034.162,3.8797,0.4303,20.9484,65.6106,393.4422,244.5892,50.3436
2026-03-11 19:00:00,17.8205,16.4844,48.1451,32.6723,9.8815,8.5751,6.3278,11.9006,104.5483,14.2127,214.6523,119.3806,8.0541,294.0,139.0378,65.4232,4815.0,98.3696,28401.0964,27052.7791,3.8753,0.4293,21.1964,65.6027,393.6843,244.6482,50.0124
2026-03-11 20:00:00,17.8958,15.7362,48.5644,33.5618,9.7898,8.4674,6.0555,11.385,107.2691,13.7939,217.6591,120.2112,7.0647,294.0,140.0289,66.7854,4815.0,98.3696,28237.5781,26994.8373,3.8768,0.4228,21.1819,65.5947,394.0794,245.2259,49.7939
2026-03-11 21:00:00,17.6652,16.343,49.2321,31.4702,9.8321,8.3813,5.9882,11.4819,105.0,13.6552,216.0,119.9421,7.9369,294.0,139.9094,67.0,4815.0,98.3696,28235.1961,26928.8335,3.8724,0.4192,21.2499,65.5867,394.0951,244.3041,49.7689
2026-03-11 22:00:00,17.1945,16.6524,50.6436,32.2798,9.9316,8.4558,6.0074,11.7725,107.7227,13.7876,217.3277,120.0634,7.0721,294.0,139.9258,65.7948,4815.0,98.3696,28366.042,27074.6714,3.8755,0.4274,21.2179,65.5787,393.5487,244.0438,49.7439
2026-03-11 23:00:00,17.2499,16.2477,49.6819,32.6598,9.714,8.5366,6.0526,11.5358,103.2477,14.0,215.9312,122.3366,8.9496,294.7357,139.9562,66.0,4815.0,98.3696,28419.7573,27067.6403,3.8666,0.4296,21.229,65.5707,392.5943,243.2122,49.7188
2026-03-12 00:00:00,17.6495,16.6005,46.8914,33.5856,9.859,8.4782,5.9987,11.4334,105.0154,14.0,216.4537,120.0923,7.0609,294.7421,140.0575,64.7686,4815.0,98.3696,28429.7996,27155.1483,3.8821,0.431,21.2768,65.569,392.5555,243.4623,49.6938
2026-03-12 01:00:00,17.246,16.2139,50.0785,31.7285,10.0758,8.5751,6.1063,11.8694,105.4813,13.1958,213.6473,121.0,7.0,293.754,139.9791,66.0,4815.0,98.3696,28420.1077,27149.5973,3.8741,0.4306,21.3288,65.5758,392.8259,243.6795,49.6688
2026-03-12 02:00:00,17.5872,16.6874,47.6192,31.8233,9.5933,8.3813,5.8045,11.821,106.4944,15.1942,216.0261,122.7227,7.9363,294.0,141.9707,66.0,4815.0,98.3696,28382.2762,27087.5836,3.8746,0.4301,21.3734,65.5826,392.8298,243.468,49.6437
2026-03-12 03:00:00,17.3096,16.0843,49.1099,30.26,9.8819,8.4782,6.0646,12.0013,106.2661,13.0131,217.0434,122.302,7.0,294.0,139.0,66.0,4815.0,98.3696,28374.8563,27029.6648,3.8724,0.4282,21.3442,65.5894,392.6232,243.8309,49.6187
2026-03-12 04:00:00,16.9176,16.2797,46.2262,32.6026,9.7629,8.3439,5.9589,11.5953,104.0,13.604,216.6554,123.1269,7.9302,294.0,139.0383,65.0,4815.0,98.3696,28384.542,27091.1091,3.8785,0.4261,21.34,65.5962,393.8158,244.0507,49.5777
2026-03-12 05:00:00,17.8229,16.2192,48.9891,32.0438,10.3463,8.7905,6.2501,12.3883,103.3412,13.0,214.3186,121.0,6.0,293.7612,146.1849,70.7896,4815.0,98.3696,28370.2292,27015.8588,3.8717,0.4247,21.3488,65.603,393.8492,244.6093,49.5216
2026-03-12 06:00:00,17.0454,16.318,47.6584,30.4719,9.9377,8.4525,6.561,12.3862,107.2786,15.5663,214.0,123.1124,6.0,293.0,144.0,71.592,4815.0,98.3696,28390.188,27133.3861,3.8717,0.4255,21.5584,65.6098,393.6734,244.0086,49.4485
2026-03-12 07:00:00,17.5114,16.7636,44.5561,32.1194,9.5943,8.2065,6.3604,11.1456,105.2411,14.0,211.4043,124.5952,8.0539,294.247,142.957,70.0,4815.0,98.3696,28346.8671,27085.284,3.883,0.4252,21.5917,65.6166,393.6507,243.9986,49.3422
2026-03-12 08:00:00,17.674,16.1215,47.2355,31.5175,9.6891,8.4297,6.3681,11.739,105.5046,15.2321,215.642,120.6505,7.0,293.0,140.012,68.0,4815.0,98.3696,28382.8667,27104.7645,3.8696,0.4276,21.5306,65.6203,393.6955,244.1491,49.3926
2026-03-12 09:00:00,17.4908,16.389,49.7776,31.7874,10.0283,8.5751,6.518,12.1879,104.0,10.7969,215.3872,125.0,7.0,293.2413,142.0,66.2212,4815.0,98.3696,28408.7612,27084.9712,3.8692,0.4282,21.2642,65.6204,394.0717,244.517,49.6009
2026-03-12 10:00:00,17.6689,16.353,48.5293,30.944,9.5185,8.208,6.4434,11.518,104.0,11.3945,217.105,123.4392,8.0,294.0,141.9781,69.0,4815.0,98.3696,28446.8321,27157.3262,3.8774,0.4293,21.104,65.6205,393.7734,244.3092,49.8092
2026-03-12 11:00:00,17.6156,16.7398,47.7264,31.5385,9.9297,8.9142,6.562,14.9544,103.2714,12.4148,218.638,123.1428,358.0659,284.0,153.9697,74.0,4815.0,98.3696,28435.3595,27150.4758,3.8742,0.4317,20.9897,65.6206,394.4523,245.1308,50.0175
2026-03-12 12:00:00,17.6169,16.5746,50.9294,29.3451,9.7613,8.2359,6.4919,11.775,105.4721,12.1988,219.2542,123.2252,8.0,294.0,146.0,74.0,4815.0,98.3696,28395.1035,27082.9259,3.8659,0.4294,20.7332,65.6207,394.859,245.5508,50.2257
2026-03-12 13:00:00,17.2999,16.1168,49.1592,30.6079,9.4241,8.2093,6.4426,11.3357,102.8975,13.7874,217.3368,123.9334,9.9301,295.0,145.1362,74.0,4815.0,98.3696,28454.5734,27114.1309,3.865,0.4351,20.7872,65.6208,393.9644,244.7994,50.3965
2026-03-12 14:00:00,17.9661,16.3755,50.9639,31.8742,9.373,8.1875,6.4919,11.142,103.7127,13.7904,219.3259,126.2077,8.0,294.778,144.0941,72.8038,4815.0,98.3696,28380.7764,27050.6679,3.8683,0.4289,20.7419,65.6222,394.9412,245.93,50.3323
2026-03-12 15:00:00,17.3769,17.1039,51.0696,31.2417,9.4718,8.1875,6.3465,11.2351,104.0,14.6295,214.5385,122.4601,8.0,295.0,147.0,73.7603,4815.0,98.3696,28465.3503,27078.6186,3.8719,0.4313,20.7127,65.6257,394.3471,245.2842,50.2361
2026-03-12 16:00:00,17.5893,16.4575,49.031,29.9997,9.3038,8.1976,6.4434,11.7196,104.7546,12.1972,213.9433,120.0,7.0522,294.0,149.9556,75.5478,4815.0,98.3696,28426.2216,27136.6488,3.8682,0.433,20.7562,65.6293,395.246,245.4253,50.1399
2026-03-12 17:00:00,17.414,16.2694,49.0226,31.6929,9.7865,8.2645,6.2644,11.8694,106.4959,12.812,216.2818,124.1689,7.0,293.0,148.9688,74.0,4815.0,98.3696,28455.3135,27149.2761,3.8763,0.4288,20.9077,65.6328,392.4955,243.3334,50.0437
2026-03-12 18:00:00,17.0854,16.4347,44.6035,31.8016,10.3163,8.672,6.8499,11.8499,103.5288,12.5979,218.0415,122.9261,7.9425,294.0,153.0,66.0,4815.0,98.3696,28474.3089,27197.143,3.8674,0.4297,21.0255,65.6363,391.9541,242.4192,49.9475
2026-03-12 19:00:00,17.753,16.6192,46.8515,34.0249,9.9326,8.4401,6.8979,11.6939,105.2566,14.581,215.3523,123.8335,7.1047,294.0,144.9794,67.0,4815.0,98.3696,28398.0738,27125.5877,3.8737,0.4236,21.1803,65.6398,392.8628,243.0222,49.8519
2026-03-12 20:00:00,17.771,16.5118,48.1744,31.5308,9.8314,8.3919,6.5791,11.4178,104.2706,13.0,216.9716,121.9302,7.0,294.0,142.9671,67.2158,4815.0,98.3696,28373.3329,27089.2307,3.8747,0.4217,21.273,65.6433,392.9079,243.3802,49.7591
2026-03-12 21:00:00,17.0529,16.3205,51.0042,30.882,9.9543,8.5751,6.6372,11.4334,104.4755,13.0,214.0445,120.2942,8.1512,295.0,147.0879,67.796,4815.0,98.3696,28396.6365,27142.0047,3.8746,0.4213,21.3848,65.6469,391.9556,242.4845,49.6663
2026-03-12 22:00:00,17.52,16.5799,48.5708,32.1245,9.98,8.6018,6.6472,11.7234,104.7274,12.8439,216.9926,121.1313,9.0,295.0,146.0353,68.2117,4815.0,98.3696,28431.7894,27129.9388,3.8721,0.4233,21.4979,65.643,391.3068,242.1965,49.5735
2026-03-12 23:00:00,17.3343,16.332,45.171,32.9715,9.8831,8.5751,6.5022,11.5475,103.5603,11.6671,212.3242,120.0556,8.0795,295.0,146.0479,67.8005,4815.0,98.3696,28550.6854,27238.5966,3.8743,0.4301,21.59,65.6296,390.9715,241.9027,49.4807
2026-03-13 00:00:00,17.7382,16.1993,48.1117,31.2246,9.8827,8.5846,6.4036,11.8405,103.2455,14.4494,215.2902,120.9047,8.9572,295.0,144.9683,67.0,4815.0,98.3696,28461.9672,27214.3034,3.8728,0.4266,21.5382,65.6162,390.854,241.7489,49.3879
2026-03-13 01:00:00,17.7706,16.4983,48.1301,32.5069,9.98,8.5751,6.4735,11.5153,104.7703,13.4135,218.0565,123.2463,10.0,295.0,145.945,67.7714,4815.0,98.3696,28505.0181,27245.4555,3.868,0.4307,21.6585,65.6029,391.2752,241.7962,49.2951
2026-03-13 02:00:00,17.6183,16.128,48.7312,31.235,9.932,8.498,6.4919,11.4186,104.0,15.4311,217.1537,123.7313,9.0458,295.0,140.0313,66.2217,4815.0,98.3696,28481.8812,27194.336,3.8832,0.4263,21.6537,65.5895,390.7652,241.1988,49.2023
2026-03-13 03:00:00,17.3309,16.6226,49.0059,30.8984,10.0033,8.5162,6.2964,11.8437,106.2638,13.0,218.3479,124.6845,9.0587,295.0,140.044,67.2237,4815.0,98.3696,28462.9131,27155.8587,3.8798,0.4251,21.7792,65.5761,390.9397,241.7497,49.1327
2026-03-13 04:00:00,17.0022,16.4896,48.339,30.7853,9.9077,8.4399,6.0623,11.5296,102.2951,13.5821,212.0339,120.2462,10.0,296.0,139.0326,66.4309,4815.0,98.3696,28416.9377,27165.5455,3.8704,0.4231,21.6573,65.5627,390.8915,242.0473,49.1107
2026-03-13 05:00:00,17.7269,16.1434,47.7037,31.6386,9.9819,8.6235,6.7053,11.7241,105.0,14.7936,214.0,124.7908,9.0,295.0,142.0612,67.2166,4815.0,98.3696,28448.5878,27189.3717,3.8663,0.4271,21.6016,65.5493,390.748,241.7847,49.0887
2026-03-13 06:00:00,17.1408,16.0312,45.0228,30.4058,10.0311,8.6123,6.7085,11.4842,107.4401,14.2136,217.3313,123.2414,8.0,295.0,142.0397,66.7945,4815.0,98.3696,28470.1804,27218.2587,3.8731,0.4252,21.7415,65.5498,390.4826,241.0393,49.0667
2026-03-13 07:00:00,17.2147,15.9407,46.6875,31.591,10.1022,8.5157,6.5495,11.7241,105.7106,13.4153,216.0,124.0667,8.0698,294.0,141.8916,68.2117,4815.0,98.3696,28444.9952,27131.5723,3.8705,0.4214,21.7751,65.5639,390.7901,241.076,49.0933
2026-03-13 08:00:00,17.6247,16.5313,46.006,31.5947,9.8605,8.5266,6.4952,11.6435,105.7173,12.0,211.6725,120.0534,10.0,295.0,142.0,66.7976,4815.0,98.3696,28512.7394,27203.4293,3.8645,0.4264,21.6336,65.5779,390.7689,241.3634,49.3175
2026-03-13 09:00:00,17.6494,16.3528,48.8048,31.9091,9.9353,8.5751,6.4407,11.5054,105.4908,13.8167,215.7327,125.8051,10.0,295.7384,141.996,65.7784,4815.0,98.3696,28482.1865,27193.765,3.8768,0.427,21.4232,65.5871,390.2983,241.3276,49.5418
2026-03-13 10:00:00,17.6402,16.4533,47.7863,32.9953,9.8831,8.6235,6.3767,11.7539,103.255,15.3851,217.6423,124.7496,7.0,295.0,139.0344,66.0,4815.0,98.3696,28533.7519,27236.2816,3.8769,0.4267,21.0559,65.5792,390.5271,240.5772,49.7661
2026-03-13 11:00:00,17.6149,16.7624,45.6962,31.0126,9.8831,8.5266,6.144,11.5157,105.7388,12.0,217.6375,125.09,9.0,295.0,139.0273,67.0,4815.0,98.3696,28571.9062,27261.9361,3.8753,0.4326,20.8851,65.5771,388.6661,240.298,49.9904
2026-03-13 12:00:00,18.101,16.3604,51.9728,30.1978,9.737,8.5266,6.1136,11.6757,103.7419,14.0,214.0569,129.61,8.0,295.0,139.0669,66.223,4815.0,98.3696,28610.7851,27292.704,3.8793,0.4299,20.8093,65.6379,388.5974,239.6254,50.2146
2026-03-13 13:00:00,17.5107,16.4719,51.2356,31.7569,9.6885,8.5266,6.1708,11.8082,103.2685,12.0,217.6838,126.0702,8.0,294.0,137.095,66.0,4815.0,98.3696,28933.6506,27338.2946,3.877,0.4309,20.802,65.5582,388.4382,239.8116,50.3678
2026-03-13 14:00:00,16.8935,16.3911,48.9117,32.7058,9.98,8.6235,6.8987,12.321,106.9493,14.0,217.6534,124.853,8.942,294.0,148.0525,66.4378,4810.0,97.8261,28609.5305,27355.3728,3.8652,0.4327,20.794,65.5574,389.6554,240.3821,50.3046
2026-03-13 15:00:00,17.0407,16.1362,44.692,31.8752,9.8879,8.6131,6.1843,12.3864,105.4583,13.0,215.337,118.1887,9.9457,294.0,144.9643,65.2084,4810.0,97.8261,28550.6034,27280.8447,3.8742,0.4318,21.1494,65.528,388.9487,240.0307,50.0979
2026-03-13 16:00:00,17.5303,16.548,47.7908,31.113,9.9336,8.5537,6.1818,11.999,105.5416,13.4166,216.3802,126.664,9.0652,294.0,141.9695,63.2143,4810.0,97.8261,28576.707,27288.519,3.8733,0.4309,21.2834,65.5272,388.6679,239.0778,49.8911
2026-03-13 17:00:00,17.5329,15.6626,45.6765,31.4911,9.9543,8.5155,6.0639,11.5626,105.435,14.0,217.6834,124.0,9.0,294.2272,139.911,64.7959,4810.0,97.8261,28490.4085,27202.5904,3.8731,0.423,21.4008,65.51,388.5582,238.8844,49.6844
2026-03-13 18:00:00,17.4969,16.544,47.7863,30.2939,9.98,8.4594,6.1782,11.7354,105.0,11.1779,215.3598,124.7083,9.0374,294.7495,139.0761,65.0,4810.0,97.8261,28327.336,27077.0712,3.8774,0.4202,21.4804,65.5283,390.3521,240.2323,49.5691
2026-03-13 19:00:00,16.9831,16.2674,48.7648,30.7687,9.9321,8.4396,6.44,11.784,103.2511,14.0,219.6424,123.8296,8.0975,295.0,142.9592,66.0,4815.0,98.3696,28382.8029,27115.2384,3.8687,0.4185,21.5793,65.5466,390.72,240.5901,49.553
2026-03-13 20:00:00,17.5715,16.2527,44.4438,34.7266,10.319,8.7591,7.2464,12.4644,106.4748,16.1988,214.5479,124.7253,9.0,295.0,150.9725,66.7828,4815.0,98.3696,28435.3148,27188.0008,3.8791,0.4213,21.412,65.565,389.5039,239.9197,49.5368
2026-03-13 21:00:00,17.8295,16.3436,45.094,32.8278,10.2231,8.7586,6.4621,12.0718,104.4857,12.1968,217.7007,127.0,9.0,295.0,149.9187,67.0,4815.0,98.3696,28511.3427,27231.6037,3.871,0.4248,21.3851,65.5833,388.0506,239.2235,49.5207
2026-03-13 22:00:00,17.0731,16.6686,45.4166,31.2661,10.2939,8.6452,6.9669,11.8183,102.2563,15.2047,219.286,124.9151,9.0,295.0,148.9346,67.0,4815.0,98.3696,28389.4058,27158.7187,3.8683,0.4176,21.4259,65.6016,390.6404,240.8238,49.5046
2026-03-13 23:00:00,16.9913,16.5038,49.9288,31.3295,10.0769,8.6235,6.773,11.7377,106.0,14.2026,218.0,127.5613,8.0568,295.0,144.0256,66.0,4815.0,98.3696,28427.0946,27152.6054,3.8709,0.4244,21.369,65.62,390.2468,240.6981,49.4884
2026-03-14 00:00:00,17.8938,16.457,44.2301,30.9683,10.0745,8.5968,6.5702,11.4819,106.2721,12.2122,216.3385,124.0,10.0,295.2329,147.0385,66.4239,4815.0,98.3696,28523.6392,27224.9223,3.8739,0.4224,21.3804,65.6383,388.573,239.9237,49.4723
2026-03-14 01:00:00,17.8691,16.3549,45.3435,30.134,10.1254,8.6235,6.5599,11.7414,106.7194,13.2063,217.6569,121.9302,9.0,295.0,144.9394,66.0,4815.0,98.3696,28372.7726,27125.1104,3.8771,0.4205,21.4393,65.6396,390.2257,240.9347,49.4561
2026-03-14 02:00:00,17.4878,16.0186,47.8893,31.5771,10.1966,8.6235,6.2442,11.8371,103.8362,14.2155,213.6745,123.9418,9.9257,295.0,144.9134,66.2037,4815.0,98.3696,28410.523,27183.8153,3.8699,0.4219,21.5168,65.6376,390.4809,240.5189,49.4777
2026-03-14 03:00:00,17.3796,16.2818,50.1187,30.9057,10.2466,8.6515,6.4255,11.7086,106.7301,14.4642,214.6375,119.1935,9.9299,296.0,143.0013,66.2281,4815.0,98.3696,28262.189,27042.337,3.8713,0.4158,21.435,65.6355,391.6,241.8057,49.5225
2026-03-14 04:00:00,17.446,16.0925,45.1249,29.3215,10.0286,8.672,6.2625,12.3286,106.0,12.1904,215.913,112.5192,8.9542,295.0,138.0641,65.7656,4815.0,98.3696,28299.202,27029.396,3.8761,0.4156,21.4826,65.6334,391.352,241.2105,49.5672
2026-03-14 05:00:00,18.0714,17.1678,43.4406,31.2967,10.1744,8.672,6.5371,12.4508,105.0,14.0,216.3062,121.0,9.0601,295.7549,143.0084,66.0,4815.0,98.3696,28391.8182,27151.7175,3.8721,0.4205,21.4492,65.6314,390.3274,240.5169,49.6119
2026-03-14 06:00:00,17.4773,16.699,47.3347,33.2358,10.3421,8.6134,6.289,11.6873,106.0,14.0,215.0,120.676,10.0,295.2505,138.0637,66.0,4815.0,98.3696,28336.7022,27104.7501,3.8731,0.4164,21.3573,65.6293,391.3506,241.3449,49.6567
2026-03-14 07:00:00,16.9545,16.3502,44.3403,30.0799,10.0985,8.672,6.0848,11.9649,104.2551,14.203,211.0269,119.5051,9.0608,295.0,139.0554,65.2176,4815.0,98.3696,28422.452,27129.2292,3.8741,0.4216,21.3775,65.6272,389.6921,239.8119,49.7014
2026-03-14 08:00:00,17.5796,16.4234,48.439,31.2675,10.1738,8.6616,6.22,11.7977,105.0,13.2,217.3885,123.0,9.9415,295.0,140.0,66.7787,4820.0,98.913,28460.5218,27216.9276,3.8725,0.4226,21.3986,65.6255,390.2699,240.7403,49.7461
2026-03-14 09:00:00,17.8,16.4029,50.1823,32.6046,10.1484,8.661,6.8303,11.9828,104.5449,15.5868,215.9926,121.8723,8.0674,295.0,147.8513,67.0,4820.0,98.913,28498.0303,27201.7634,3.8655,0.4233,21.1187,65.628,390.1172,241.0915,49.8805
2026-03-14 10:00:00,17.4408,16.6715,48.8136,34.3266,10.0267,8.6348,6.647,12.2708,103.9262,14.7894,217.6559,123.0541,10.0795,295.0,142.9691,67.2013,4820.0,98.913,28638.8552,27337.8464,3.8695,0.4281,20.8582,65.632,388.7807,239.6314,50.1334
2026-03-14 11:00:00,17.3776,16.6455,44.359,32.0239,10.0769,8.7204,6.5815,12.5155,105.7218,12.2162,219.0039,127.6364,9.0,295.0,142.0844,65.7972,4820.0,98.913,28613.5886,27362.9727,3.8808,0.4281,20.7365,65.637,388.6951,239.5503,50.3864
2026-03-14 12:00:00,18.1062,16.8334,46.0011,32.7062,10.0351,8.6344,6.4926,12.4844,104.7211,12.2228,219.9932,124.0,8.9328,295.0,145.7962,66.7724,4820.0,98.913,28597.1865,27237.0564,3.8663,0.4252,20.4936,65.6411,389.2406,239.7643,50.6393
2026-03-14 13:00:00,16.9971,16.6548,46.1922,32.62,10.1737,8.7689,6.7392,12.8868,103.7479,12.5585,217.7244,121.9137,8.097,295.0,144.0109,68.0,4820.0,98.913,28634.4126,27326.269,3.86,0.4273,20.3736,65.626,389.4798,240.2754,50.875
2026-03-14 14:00:00,17.4115,16.5222,49.6842,30.0959,9.9787,8.6428,6.3465,12.7972,103.0,14.1957,216.3502,127.6069,9.0,295.0,145.9786,67.0,4820.0,98.913,28687.2723,27429.2058,3.8577,0.435,20.4403,65.6052,388.6129,240.0581,50.8189
2026-03-14 15:00:00,17.3807,16.8594,45.241,30.9843,9.9786,8.6235,6.4004,12.1267,103.4919,13.194,218.2303,126.0,8.0674,295.0,143.9392,66.0,4820.0,98.913,28775.8317,27414.3533,3.8694,0.4375,20.5242,65.5918,388.4785,240.1878,50.716
2026-03-14 16:00:00,18.2852,17.0536,46.7542,31.9325,9.9306,8.6235,6.6267,12.5553,103.5342,15.5946,216.31,127.7892,8.1251,295.0,143.9427,66.0,4820.0,98.913,28731.0395,27426.0261,3.8624,0.4384,20.5495,65.5859,388.461,239.8944,50.6131
2026-03-14 17:00:00,17.2609,17.0748,48.4734,31.9006,9.6657,8.4577,6.2947,11.8412,105.0,13.2141,218.9501,122.3927,7.0595,294.0,143.974,65.2199,4820.0,98.913,28724.2287,27350.6751,3.8748,0.4356,20.6858,65.574,388.9021,240.5811,50.5105
2026-03-14 18:00:00,17.2319,16.3861,45.5717,29.4128,9.8115,8.4782,6.1532,11.9506,104.7312,11.4129,217.3409,124.1345,7.0682,293.0,138.1004,66.0,4820.0,98.913,28695.6517,27347.2112,3.8782,0.4339,21.0085,65.5692,389.342,240.2314,50.4191
2026-03-14 19:00:00,17.41,16.2558,47.9668,30.9189,10.1465,8.672,6.3738,12.2053,103.2532,14.2101,217.0683,123.6571,8.9363,295.0,144.0326,64.2186,4820.0,98.913,28610.74,27273.3031,3.8682,0.4306,21.0797,65.5654,389.4457,240.4316,50.3285
2026-03-14 20:00:00,17.4152,16.431,49.177,31.6476,10.0997,8.7576,5.9915,12.4185,103.2772,13.0,214.0052,120.0,9.0,295.0,143.0414,65.7966,4820.0,98.913,28692.7608,27364.1466,3.8645,0.4311,21.0485,65.5617,388.7787,240.0004,50.2379
2026-03-14 21:00:00,17.0936,16.0531,47.0155,31.4948,10.1232,8.697,5.9675,12.3211,104.2786,13.2116,219.6527,123.9343,9.0,295.0,143.9639,65.8024,4820.0,98.913,28650.2854,27390.0591,3.8618,0.4317,21.0573,65.558,388.8049,240.1785,50.1474
2026-03-14 22:00:00,17.4994,16.3978,53.0681,34.3091,10.0769,8.7204,6.0746,12.1938,104.2481,13.0,218.4412,123.3648,8.0465,295.0,141.9801,64.5328,4820.0,98.913,28617.0397,27267.8615,3.8629,0.4305,21.1011,65.5543,389.2948,240.5922,50.0568
2026-03-14 23:00:00,17.4839,16.9755,48.7353,32.9692,10.1502,8.7012,6.4617,12.3605,106.2492,13.1976,214.3975,123.0766,9.0,295.0,141.0084,65.4425,4820.0,98.913,28572.5419,27266.3049,3.8699,0.43,21.103,65.5505,389.8776,241.1243,50.0085
2026-03-15 00:00:00,17.3578,16.2296,45.545,34.1881,10.029,8.7204,5.9736,12.0751,105.5094,11.3801,215.0,123.0828,9.0,295.0,141.0185,63.463,4820.0,98.913,28616.3881,27270.4726,3.8655,0.4321,21.0844,65.5468,389.6608,240.4033,49.973
2026-03-15 01:00:00,17.4836,16.688,45.5476,31.9812,10.1007,8.6433,5.6988,12.0592,103.5282,11.796,217.7498,129.4944,9.0,294.2422,140.9721,65.0,4820.0,98.913,28758.4153,27431.3874,3.8659,0.438,21.255,65.5431,387.6218,238.834,49.9374
2026-03-15 02:00:00,17.4269,16.6004,48.2686,30.9463,10.3667,8.8938,6.5403,11.6699,103.2612,12.8009,215.6992,123.0772,5.8903,292.0,147.9604,67.7774,4820.0,98.913,28661.6701,27365.7252,3.8705,0.4317,21.3164,65.5401,387.9819,239.113,49.8767
2026-03-15 03:00:00,17.4073,16.6124,45.5131,33.3359,10.1274,8.6343,6.5986,12.3688,104.4631,14.3794,216.0501,124.9327,8.0,294.0,144.0686,67.0,4820.0,98.913,28702.3078,27325.7313,3.8827,0.4337,21.5336,65.5371,387.5855,238.7964,49.595
2026-03-15 04:00:00,17.3022,16.0039,46.3402,32.6473,10.0739,8.672,6.2678,12.2689,107.6011,14.5688,215.6672,124.8556,8.0775,294.2272,143.9418,64.2006,4820.0,98.913,28754.4325,27409.9827,3.8751,0.4336,21.6815,65.5341,387.2697,238.6155,49.3227
2026-03-15 05:00:00,17.5872,16.557,50.3922,31.011,10.128,8.6984,6.395,12.2242,105.1155,17.0,217.0052,122.699,9.0737,295.0,142.9624,64.4161,4820.0,98.913,28688.8506,27374.3268,3.8691,0.4325,21.5101,65.5311,387.7409,238.7012,49.3666
2026-03-15 06:00:00,17.3775,16.3224,47.617,33.1788,9.958,8.7304,6.0954,11.9515,105.5146,14.805,217.2933,119.491,9.0,295.0,141.9954,65.0,4820.0,98.913,28677.3987,27416.8609,3.8719,0.4316,21.4588,65.5281,388.2126,238.7551,49.466
2026-03-15 07:00:00,17.9643,16.4405,46.7273,33.0807,10.1253,8.6235,6.1703,11.9959,104.4991,14.1869,217.5478,124.9108,9.0,295.0,141.0103,64.7659,4820.0,98.913,28764.9447,27370.9282,3.8668,0.4333,21.5056,65.5259,387.0967,238.3518,49.5554
2026-03-15 08:00:00,17.3186,16.7666,45.8175,32.0932,10.1738,8.7586,5.8436,12.1905,105.7414,15.0,217.7039,121.286,8.9456,295.0,141.9576,64.2274,4820.0,98.913,28774.1199,27477.5157,3.8739,0.435,21.5178,65.5257,386.3231,237.4672,49.6278
2026-03-15 09:00:00,17.4003,16.4105,48.9344,32.3728,9.8826,8.6433,5.9807,11.9327,105.2517,16.0,218.6411,120.8692,8.0475,295.0,137.0874,64.0,4820.0,98.913,28781.8283,27420.3542,3.8733,0.4329,21.3453,65.5255,387.5817,238.5874,49.7074
2026-03-15 10:00:00,17.5237,15.8875,48.9607,33.8014,10.0024,8.5854,6.5091,11.8257,103.7879,15.0,216.35,124.7658,8.0,294.7561,139.0243,65.0,4820.0,98.913,28784.7043,27501.291,3.879,0.4384,21.0517,65.5253,387.4919,238.4241,49.9062
2026-03-15 11:00:00,17.3788,16.6529,51.0745,31.3559,9.9307,8.6235,6.6164,11.8694,105.4831,15.4117,217.0,125.9198,8.0545,295.0,139.0328,64.2132,4820.0,98.913,28828.5027,27506.6751,3.8665,0.4388,20.9115,65.525,388.0386,239.2331,50.1087
2026-03-15 12:00:00,17.3117,16.7077,47.1186,31.1735,9.9565,8.672,6.5682,11.6904,102.5426,11.2093,218.6606,125.0,8.9332,294.0,143.0,66.0,4820.0,98.913,28764.3401,27412.6314,3.8743,0.4363,20.8312,65.5248,388.1887,239.7962,50.3111
2026-03-15 13:00:00,17.44,16.5097,51.1299,31.9845,9.9299,8.5266,6.4183,11.5477,105.7339,13.5919,218.3303,124.2248,8.0618,295.0,140.0283,64.0,4820.0,98.913,28815.3291,27446.5996,3.8658,0.437,20.9092,65.5246,387.638,238.5004,50.3235
2026-03-15 14:00:00,17.3648,15.8743,48.2416,32.7005,9.9289,8.5266,6.5099,11.4168,104.277,13.7853,218.6683,127.8153,8.9272,295.0,140.0393,64.2071,4820.0,98.913,28871.1508,27495.2569,3.8699,0.4391,20.9642,65.5294,387.5835,239.2239,50.2473
2026-03-15 15:00:00,18.0865,17.0636,42.9599,31.3605,9.8347,8.5495,6.2326,11.6926,103.2856,15.2213,212.2953,121.0,8.0,295.0,138.0,63.3929,4820.0,98.913,28853.9683,27521.7936,3.8821,0.4449,20.9174,65.5388,386.7072,238.6793,50.1711
2026-03-15 16:00:00,17.1741,16.2793,47.321,33.2475,9.8349,8.6332,6.5713,11.6081,105.4966,13.8143,218.4626,120.4546,8.0,294.0,141.9894,65.0,4820.0,98.913,28744.9222,27444.4028,3.8722,0.4365,20.9825,65.5482,388.1215,239.5219,50.0949
2026-03-15 17:00:00,17.683,16.3126,47.1976,30.6253,9.8337,8.5061,6.9671,11.6793,103.259,14.1964,218.2409,124.0,9.0,295.0,148.9581,67.0,4820.0,98.913,28774.554,27393.9612,3.8639,0.4347,21.0646,65.5572,388.4827,239.6352,50.0187
2026-03-15 18:00:00,18.0242,15.8237,43.099,30.8382,9.9316,8.5166,6.9978,11.9663,105.2391,15.6178,214.0,121.2558,7.0,294.0,143.0156,66.0,4820.0,98.913,28627.6912,27355.8156,3.8732,0.4334,21.2952,65.5569,389.9437,241.2792,49.9466
2026-03-15 19:00:00,17.2608,16.2674,49.3714,30.4531,9.8347,8.6235,6.21,11.722,101.5883,14.7976,216.0,125.0742,8.0,294.0,140.0266,66.0,4820.0,98.913,28844.0226,27445.6527,3.8683,0.4496,21.3858,65.5558,390.3126,242.2325,49.8824
2026-03-15 20:00:00,17.0177,16.4481,45.6298,33.2903,9.8831,8.5369,6.3258,11.529,105.7414,13.2,219.6593,124.5592,8.0548,295.0,140.0426,66.0,4820.0,98.913,28849.4626,27448.9078,3.8698,0.4507,21.3242,65.5548,389.4257,241.8704,49.8182
2026-03-15 21:00:00,17.0764,16.4633,46.0888,31.1236,9.757,8.4998,6.2981,11.5448,106.2703,13.4155,219.2976,125.0,8.0,294.2365,138.9674,66.0,4820.0,98.913,28895.6662,27463.5682,3.8811,0.4478,21.384,65.5537,388.8332,240.8693,49.7539
2026-03-15 22:00:00,17.4974,15.9012,46.1498,30.9784,9.7728,8.4782,6.2471,11.6272,107.0,14.8785,218.3424,123.8843,8.0619,294.0,138.0435,65.7978,4820.0,98.913,28834.8344,27449.0035,3.8821,0.4403,21.3677,65.5527,388.5154,240.4675,49.6897
2026-03-15 23:00:00,17.8151,16.4472,49.9472,32.8112,9.7404,8.4782,6.288,11.3201,107.724,13.7866,216.0,121.141,7.9285,295.0,137.9621,65.7922,4820.0,98.913,28580.3677,27306.9468,3.8729,0.4261,21.4611,65.5516,389.4542,239.8671,49.6255
2026-03-16 00:00:00,17.7414,15.8291,46.7582,33.1393,9.8383,8.4512,6.1966,11.0447,105.4261,14.0,217.3515,120.0,9.0,294.7799,139.0,67.6056,4820.0,98.913,28465.1104,27170.8341,3.8686,0.4212,21.455,65.5505,391.5323,241.5219,49.5613
2026-03-16 01:00:00,17.5906,16.0868,46.4064,32.5657,9.7137,8.5073,6.2742,11.4527,106.0,11.3682,217.6358,123.7243,9.0,295.0,136.0,64.7627,4820.0,98.913,28587.4535,27298.5231,3.8692,0.4269,21.4678,65.5494,389.9507,240.7099,49.4971
2026-03-16 02:00:00,16.8358,16.3529,46.3635,31.1411,10.0286,8.5751,6.4644,11.5605,104.2836,13.0,217.2292,120.2466,7.0525,295.0,137.9621,64.0,4820.0,98.913,28572.9698,27230.2964,3.875,0.4287,21.5431,65.5453,390.1696,240.3358,49.4471
2026-03-16 03:00:00,17.6592,16.3636,44.646,34.2896,9.8348,8.6235,6.2399,11.6164,104.5353,13.0,215.0627,123.7862,9.0,294.0,136.0888,64.2163,4820.0,98.913,28629.1233,27361.5982,3.8712,0.4297,21.7186,65.5412,389.6725,239.982,49.4129
2026-03-16 04:00:00,17.7043,16.0687,50.3603,33.3165,9.8843,8.5854,6.3075,11.6603,103.7859,14.8006,215.0464,123.3077,7.0578,294.0,138.9521,64.2222,4820.0,98.913,28638.3676,27335.2241,3.877,0.4304,21.7384,65.537,389.1754,240.1496,49.3787
2026-03-16 05:00:00,17.421,16.0653,47.6565,31.7382,9.8139,8.6128,6.182,11.8227,105.4802,14.2281,219.662,125.2636,8.0,294.0,137.9651,64.0,4820.0,98.913,28647.1794,27337.9759,3.8714,0.4294,21.7009,65.5329,388.8333,239.5588,49.3454
2026-03-16 06:00:00,17.601,16.398,48.9161,31.8431,10.0267,8.6235,6.0462,11.821,106.0,14.0,217.9695,122.9287,8.0,295.0,137.0,63.0,4820.0,98.913,28672.7866,27368.1822,3.8789,0.4325,21.6358,65.5287,388.7919,239.8378,49.3601
2026-03-16 07:00:00,17.3413,15.8702,46.5937,32.818,10.0541,8.6235,6.0176,11.5142,104.7208,17.1319,214.0062,122.0592,9.0,295.0,135.1239,63.4097,4820.0,98.913,28598.0164,27286.0845,3.8665,0.4285,21.6769,65.5246,388.9863,240.1074,49.3887
2026-03-16 08:00:00,17.0736,15.7252,48.7008,31.6665,9.8875,8.6125,5.9317,11.8217,106.7263,14.7886,216.6685,127.8657,9.0,295.0,135.1397,64.0,4820.0,98.913,28666.8502,27322.5374,3.8638,0.4294,21.7499,65.5204,389.4539,239.8438,49.4173
2026-03-16 09:00:00,17.9481,16.8301,44.8743,31.5408,9.7412,8.5636,6.3191,11.4651,103.2846,13.4446,214.0,121.1085,8.2415,295.0,138.0531,64.0,4820.0,98.913,28629.6697,27310.6296,3.873,0.4296,21.5964,65.5208,388.4917,239.5272,49.4459
2026-03-16 10:00:00,17.588,16.6012,43.531,29.163,9.8875,8.5266,6.7143,11.3186,105.0,14.0,214.715,123.0,8.829,294.0,140.0,64.7913,4820.0,98.913,28761.9533,27401.6994,3.8607,0.4332,21.3262,65.5226,387.1901,238.3783,49.5549
2026-03-16 11:00:00,17.113,16.4536,50.1495,32.6738,9.8831,8.4782,6.2375,11.0909,103.5053,13.3862,217.4211,123.8275,8.0511,295.0,140.9824,67.0,4820.0,98.913,28765.5638,27447.8897,3.8577,0.4334,21.1411,65.5243,386.8172,238.1958,49.7644
2026-03-16 12:00:00,17.6564,16.6112,46.7634,30.8865,9.6644,8.3328,6.4716,11.0221,104.2657,13.6002,218.2127,123.2917,9.9388,295.0,140.0,67.0,4820.0,98.913,28814.6805,27487.0628,3.89,0.4342,21.0689,65.526,387.2663,238.4747,49.974
2026-03-16 13:00:00,17.6905,16.047,46.73,32.7817,9.5687,8.3916,6.2793,11.0126,104.2589,11.3933,219.3534,124.8443,9.0545,295.0,138.9758,67.0,4820.0,98.913,28817.7532,27533.2685,3.8719,0.4369,20.9268,65.5278,386.6325,237.8751,50.177
2026-03-16 14:00:00,17.5187,16.1004,45.2352,31.4912,9.6918,8.4782,6.1126,11.1906,103.8259,14.4254,217.3359,118.6114,8.9326,294.0,138.037,67.2109,4820.0,98.913,28680.3579,27407.3668,3.8598,0.4344,21.0329,65.5295,388.0935,239.168,50.2733
2026-03-16 15:00:00,17.9968,16.5582,47.2953,30.98,9.9518,8.7098,6.7061,11.5296,102.5311,14.0,216.3269,123.7812,6.0,293.0,147.974,68.4307,4820.0,98.913,28683.7595,27386.0036,3.8785,0.4347,20.8921,65.5313,389.3042,240.3277,50.3323
2026-03-16 16:00:00,17.5016,16.9363,44.5339,28.0778,9.8564,8.3328,6.5271,11.9013,103.1142,11.6449,215.0071,123.064,8.9299,294.0,141.1098,68.0,4820.0,98.913,28693.0284,27348.1975,3.8661,0.4302,20.9771,65.533,389.7687,240.2586,50.245
2026-03-16 17:00:00,17.3627,16.3736,44.0523,31.4056,9.6947,8.5266,6.2603,11.8537,105.7261,13.4146,216.6595,120.413,6.0661,293.0,142.8625,67.8045,4820.0,98.913,28636.9763,27369.6531,3.8722,0.4321,21.0945,65.537,389.8588,240.8824,50.0996
2026-03-16 18:00:00,17.4075,16.2415,48.2183,31.8077,9.8835,8.5168,6.3069,11.3702,105.5032,12.1865,216.7227,123.0891,7.0936,295.0,140.9871,64.7666,4820.0,98.913,28593.8531,27252.7794,3.8742,0.4313,21.2012,65.5413,389.4264,240.6844,49.9542
2026-03-16 19:00:00,18.0031,16.2296,47.1673,32.0664,9.9076,8.5855,6.5283,11.3105,106.0,14.3999,216.5598,122.1605,7.1088,295.0,139.0,65.2244,4820.0,98.913,28540.0839,27264.4266,3.8731,0.4267,21.4405,65.5456,390.3682,241.5047,49.8088
2026-03-16 20:00:00,17.8655,16.5503,48.8698,31.4908,9.982,8.5266,6.5708,11.3252,106.2521,13.0,217.6442,120.3346,9.0507,295.0,138.0,63.7674,4820.0,98.913,28612.3441,27316.2274,3.8679,0.4301,21.5126,65.5499,389.881,240.4917,49.6634
2026-03-16 21:00:00,17.7809,16.2212,45.3651,32.2193,10.055,8.5644,6.2691,11.2881,104.2545,12.2051,213.6102,119.0711,8.0,295.0,138.9714,65.0,4820.0,98.913,28584.3703,27292.2511,3.8678,0.4284,21.6258,65.5542,389.5561,240.2002,49.518
2026-03-16 22:00:00,17.958,15.8261,46.36,30.7616,10.1006,8.797,6.6763,11.6093,104.544,13.8037,215.0515,124.6065,5.0559,292.0,144.0629,67.7935,4820.0,98.913,28602.5151,27294.5023,3.8739,0.4301,21.4285,65.5585,389.5876,240.2677,49.4576
2026-03-16 23:00:00,17.5227,16.6068,47.6504,31.7663,9.736,8.6235,6.4144,11.7257,105.1812,13.0,213.0,121.205,8.0,294.0,137.0658,65.0,4820.0,98.913,28546.2192,27244.5346,3.8761,0.4273,21.5126,65.5627,389.9477,240.6341,49.4458
2026-03-17 00:00:00,17.2421,16.6172,46.4057,30.6034,10.0576,8.613,6.3075,11.4348,104.2699,14.0,216.3877,126.9413,7.0777,294.7612,138.0,64.2012,4820.0,98.913,28551.7483,27289.4967,3.8764,0.4268,21.5377,65.5659,389.3601,240.0594,49.434
2026-03-17 01:00:00,17.6699,16.4435,45.0924,32.0891,9.9292,8.564,6.2779,11.3528,103.8281,14.2138,217.0,122.0603,7.9277,294.2305,138.9634,65.0,4820.0,98.913,28513.8074,27247.0252,3.8799,0.4264,21.549,65.5606,389.5357,240.0025,49.4223
2026-03-17 02:00:00,17.6125,16.585,46.7299,30.7209,9.8113,8.5266,6.1831,11.2881,105.2416,14.6479,216.0,124.2513,8.0,294.0,135.0166,65.0,4820.0,98.913,28560.222,27272.0712,3.8824,0.4295,21.5652,65.5536,389.5347,240.1102,49.4123
2026-03-17 03:00:00,17.3984,16.7419,45.8407,32.4368,9.9312,8.6235,5.9134,11.1618,105.0,13.0,217.6362,122.0,8.959,294.0,139.0258,65.0,4820.0,98.913,28573.4477,27211.3025,3.8704,0.4284,21.6265,65.5466,389.5688,240.8631,49.4258
2026-03-17 04:00:00,17.488,15.9945,45.5829,31.1079,9.8584,8.6617,6.2196,11.6121,105.0,13.6054,217.9433,124.7643,7.0,293.7487,138.9602,65.0,4820.0,98.913,28548.1008,27286.8975,3.8697,0.4263,21.6004,65.5396,388.8438,240.2979,49.4475
2026-03-17 05:00:00,17.499,16.1871,47.7965,29.1434,10.0526,8.672,5.9547,12.6556,105.2638,13.4134,215.6529,119.2207,8.0,294.0,142.9444,65.0,4820.0,98.913,28517.8153,27266.4682,3.8663,0.4272,21.5427,65.5326,389.181,240.1101,49.4693
2026-03-17 06:00:00,17.2536,16.622,44.7168,31.3833,10.0757,8.651,6.0914,13.2305,103.5279,13.6011,216.9554,119.1547,8.9425,293.0,144.0259,65.0,4820.0,98.913,28534.5515,27234.694,3.8736,0.4281,21.6174,65.5256,389.1423,240.0628,49.491
2026-03-17 07:00:00,18.0778,16.6466,48.8883,33.2521,10.0252,8.672,6.308,13.211,104.7468,13.7929,216.3571,123.0,8.0963,293.2493,142.0608,65.0,4820.0,98.913,28495.0622,27232.9474,3.8771,0.4262,21.6914,65.5186,390.5475,241.0833,49.5127
2026-03-17 08:00:00,17.6409,16.0401,43.8888,32.3776,10.1236,8.672,5.9115,13.0322,105.0704,15.3873,215.0,123.072,8.9371,294.0,141.0643,65.0,4820.0,98.913,28524.8031,27232.7231,3.8845,0.423,21.6302,65.513,389.4735,239.5289,49.5344
2026-03-17 09:00:00,17.5702,15.9406,49.2405,31.7728,10.0922,8.672,6.1907,13.2258,104.0,13.4394,217.6667,123.0,8.0781,293.0,143.9574,67.0,4820.0,98.913,28425.1402,27207.1178,3.8765,0.4201,21.4788,65.5176,390.1607,240.4919,49.6468
2026-03-17 10:00:00,17.2338,16.0822,48.3293,31.5862,10.22,8.7314,6.2117,13.2429,104.45,14.325,215.0,124.1245,8.0709,294.0,144.8923,64.0,4820.0,98.913,28600.5722,27233.6514,3.864,0.425,21.0651,65.5243,389.2259,239.614,49.8567
2026-03-17 11:00:00,17.8584,16.9034,45.9551,31.2809,10.0041,8.662,6.2884,13.2203,104.4949,13.3815,215.555,123.9104,9.0,294.0,142.0143,65.7695,4820.0,98.913,28533.2422,27209.9956,3.8677,0.4235,21.0252,65.5309,390.3425,240.57,50.0665
2026-03-17 12:00:00,17.7583,16.5688,49.5645,31.5552,10.0769,8.672,6.1128,13.3663,104.2476,11.8046,219.8009,122.3698,8.0,294.0,145.9149,65.0,4820.0,98.913,28531.2329,27331.7682,3.8666,0.4243,20.961,65.5376,390.1679,240.0586,50.2606
2026-03-17 13:00:00,18.0059,16.6785,45.891,29.3023,10.1259,8.6336,6.035,13.3562,105.7629,11.8042,219.1142,123.0,8.0,293.0,143.9588,65.0,4820.0,98.913,28501.2585,27218.4133,3.8692,0.4262,20.8312,65.5442,390.4664,241.1029,50.232
2026-03-17 14:00:00,17.0784,16.142,45.7201,31.9163,10.0284,8.6342,6.2593,13.2744,104.2562,12.6139,215.0258,121.2954,9.0,294.0,140.0,64.2152,4820.0,98.913,28480.9785,27223.395,3.8642,0.4247,20.9287,65.5509,390.7482,241.3583,50.1799
2026-03-17 15:00:00,17.6321,15.8464,43.0286,33.325,9.9552,8.6235,6.0259,13.0959,104.521,12.1964,219.6515,123.0624,8.0595,294.0,140.9528,65.0,4820.0,98.913,28857.3082,27228.5731,3.8707,0.4279,20.9772,65.5575,390.3343,241.2646,50.1278
2026-03-17 16:00:00,17.148,15.9498,48.3574,33.373,9.8577,8.672,6.5017,13.4031,106.8184,15.6064,221.0,128.6639,9.93,294.0,142.9341,64.2112,4820.0,98.913,28549.7227,27247.9993,3.8782,0.4264,20.98,65.559,390.3723,240.6425,50.0756
2026-03-17 17:00:00,17.786,16.1643,46.2619,29.3697,10.127,8.6505,6.2294,13.0495,102.5407,14.203,215.619,121.0,9.0,294.0,144.9453,65.7972,4820.0,98.913,28473.4276,27171.8417,3.8808,0.4231,21.0357,65.5584,391.0114,241.3497,50.0235
2026-03-17 18:00:00,17.2209,16.1303,47.6698,32.2383,10.2757,8.672,6.1274,13.3236,104.2669,14.5707,217.6723,123.0,9.9244,294.2285,140.0415,65.0,4820.0,98.913,28452.7667,27141.2533,3.8766,0.4207,21.0373,65.5579,390.337,241.0929,49.9714
2026-03-17 19:00:00,17.4763,16.6948,47.7188,32.0717,10.0511,8.6235,6.2513,13.0162,104.5736,13.2152,218.6563,122.0639,9.0,294.7802,140.0,65.0,4820.0,98.913,28427.3916,27174.8755,3.8689,0.4213,21.2886,65.5573,390.8261,241.0868,49.9193
2026-03-17 20:00:00,17.5135,16.7976,46.8395,31.6895,10.0526,8.6432,6.0339,12.8574,105.4967,14.0,214.3605,124.5608,9.0,295.0,140.0119,65.0,4820.0,98.913,28453.9691,27165.994,3.8626,0.4225,21.2926,65.5567,390.0469,240.7621,49.8647
2026-03-17 21:00:00,17.6644,16.3779,50.6406,31.8196,10.2467,8.6623,5.9105,13.3228,104.0,14.0,216.0,122.16,10.0,294.7554,142.0499,62.7784,4820.0,98.913,28405.2283,27150.6399,3.8713,0.4199,21.453,65.5561,390.6042,241.0193,49.8094
2026-03-17 22:00:00,16.822,16.3254,45.4709,32.154,10.0762,8.672,6.1019,13.0955,105.5235,13.806,215.7103,121.2461,9.0512,293.7507,144.0,65.0,4820.0,98.913,28381.8725,27114.9984,3.8817,0.4186,21.4556,65.5555,391.3252,241.6674,49.754
2026-03-17 23:00:00,17.5861,16.3519,46.4012,30.9849,10.2237,8.6235,6.4149,12.9837,104.0,14.2038,216.0,121.9261,9.881,294.7606,146.9466,66.0,4820.0,98.913,28305.0075,27054.3917,3.8739,0.4149,21.5061,65.5549,391.8272,241.9157,49.6987
2026-03-18 00:00:00,16.8977,15.8747,49.5404,32.7634,10.1015,8.6132,6.2794,13.035,106.26,14.198,218.0,125.0,9.0,295.0,141.0472,64.0,4820.0,98.913,28374.6115,27154.5504,3.8712,0.4169,21.5009,65.5404,391.1282,241.3048,49.6434
2026-03-18 01:00:00,17.4329,16.6751,46.4577,32.6455,10.1671,8.5374,6.1934,12.871,104.6323,11.8378,218.0251,122.0666,10.9338,295.0,145.9683,65.0,4820.0,98.913,28437.1992,27158.893,3.8771,0.4191,21.5048,65.5223,390.1596,240.5796,49.588
2026-03-18 02:00:00,17.1416,15.9962,47.6383,30.2792,10.2676,8.5856,6.1841,12.9353,106.0,15.3801,219.9938,123.8826,9.0,294.0,143.9477,65.0,4820.0,98.913,28445.4426,27177.6933,3.8703,0.4181,21.5135,65.5042,390.5493,240.7295,49.5327
2026-03-18 03:00:00,17.547,16.4158,49.0275,29.9763,10.0999,8.5861,6.0175,13.0644,104.8275,12.788,213.6576,122.1875,10.8531,294.0,142.0,64.0,4820.0,98.913,28409.9546,27207.2857,3.8802,0.4173,21.5602,65.4953,390.2089,240.6954,49.4909
2026-03-18 04:00:00,17.3395,15.7724,48.1299,32.1147,10.034,8.6235,5.9746,13.2422,106.2884,13.2261,216.0,123.0,11.0,294.217,141.9821,65.0,4820.0,98.913,28450.7077,27193.9146,3.8747,0.417,21.5709,65.5023,389.6454,239.9426,49.5661
2026-03-18 05:00:00,17.1256,16.1722,47.543,31.959,10.0771,8.6332,5.8533,13.1673,106.2485,14.0,217.3625,122.1842,9.9577,294.2573,142.0179,63.0,4820.0,98.913,28393.5563,27149.6442,3.8725,0.4196,21.6722,65.5093,390.5658,240.5827,49.6666
2026-03-18 06:00:00,17.3096,15.8163,47.6925,31.6819,10.4893,8.8759,6.5794,14.0163,106.4809,14.8022,217.7652,125.9187,5.1054,290.7527,146.981,66.7754,4820.0,98.913,28340.3486,27098.1159,3.8792,0.4131,21.54,65.5164,391.2637,240.9727,49.6847
2026-03-18 07:00:00,17.156,16.3455,45.5615,32.5945,9.9324,8.6235,6.3011,13.2446,105.2593,13.0,216.0718,120.4182,9.0507,294.7493,143.0358,65.226,4820.0,98.913,28463.3414,27210.0409,3.875,0.4191,21.6092,65.5234,390.4885,239.8776,49.5956
2026-03-18 08:00:00,17.427,16.6291,47.5303,32.5223,10.052,8.5857,6.0848,13.1256,105.2671,14.5899,215.0308,125.6404,10.0,293.2443,142.0577,65.2176,4820.0,98.913,28427.6789,27208.4621,3.8691,0.4147,21.565,65.5304,389.8561,239.452,49.5354
2026-03-18 09:00:00,18.0307,15.8326,48.5131,31.1948,10.0995,8.6339,6.2012,13.3228,106.9125,16.0,216.6939,123.9205,10.0695,294.2319,140.2256,64.0,4820.0,98.913,28399.7,27175.5119,3.8699,0.4151,21.3497,65.5375,389.9811,240.0427,49.6999
2026-03-18 10:00:00,17.2097,16.0424,47.988,31.7812,10.0536,8.6343,6.0657,13.3703,105.4584,12.4118,219.6582,121.5298,8.934,294.0,142.969,64.2129,4820.0,98.913,28531.7391,27215.4465,3.8752,0.4207,21.1116,65.5445,389.4798,239.4464,49.9104
2026-03-18 11:00:00,17.7073,16.7041,48.3031,31.2,10.2206,8.7204,6.3083,13.5475,104.2796,13.0,215.6491,124.8878,8.9382,293.0,141.0832,64.0,4820.0,98.913,28536.7643,27264.4071,3.8705,0.4222,20.9877,65.5414,389.6639,239.7698,50.1209
2026-03-18 12:00:00,17.0767,15.9898,48.2436,31.871,10.1228,8.8173,6.0641,13.807,105.0,12.0,217.0,126.0622,7.0,291.0,143.0351,65.0,4820.0,98.913,28545.0809,27259.1763,3.8649,0.4221,20.8277,65.5353,389.9865,240.1243,50.3315
2026-03-18 13:00:00,17.1017,15.9731,52.7307,30.0464,9.8841,8.672,5.8637,13.3861,103.4916,13.188,216.9206,125.2614,8.0457,293.0,142.9861,65.0,4820.0,98.913,28575.9641,27251.8907,3.8812,0.4264,20.8123,65.5292,389.1509,239.9253,50.4839
2026-03-18 14:00:00,17.6431,16.2223,47.4737,33.622,10.2466,8.7204,6.5629,14.035,103.2449,13.0,213.7192,125.0,8.0593,293.0,145.022,66.0,4820.0,98.913,28571.6705,27306.508,3.8647,0.4248,20.8459,65.523,390.1361,240.845,50.4781
2026-03-18 15:00:00,17.3079,16.3566,47.1753,32.7075,10.0291,8.682,6.08,13.6015,103.5069,13.6085,216.0717,124.9173,8.9462,293.2491,142.0,65.0,4820.0,98.913,28601.5606,27311.532,3.8719,0.4272,20.9305,65.5169,389.6879,240.3844,50.4711
2026-03-18 16:00:00,17.311,16.1888,48.5887,30.5822,10.0306,8.672,6.1434,13.4165,106.1932,14.3815,217.6274,124.1453,8.9359,293.7613,141.9695,63.2167,4820.0,98.913,28552.8447,27235.5221,3.8732,0.4241,20.9833,65.5108,390.4095,240.7505,50.3913
2026-03-18 17:00:00,17.5182,16.3966,42.625,31.2207,10.7081,9.2914,5.6198,15.2151,106.4745,12.8028,218.7479,124.9234,2.9447,287.0,147.0,65.0,4820.0,98.913,28794.9944,27293.256,3.8796,0.4268,21.1206,65.5084,391.126,241.0132,50.2893
2026-03-18 18:00:00,18.1875,16.7934,44.1884,30.104,12.0907,10.5129,5.8634,16.6148,102.5473,13.1958,222.3459,124.1615,350.1324,279.0,153.1077,68.7901,4820.0,98.913,28446.9084,27207.2667,3.8772,0.4206,21.0189,65.5103,391.3087,241.4797,50.3018
2026-03-18 19:00:00,17.2291,16.1222,45.5906,31.4854,10.2707,8.672,6.1712,13.5964,104.0,14.0,216.3095,126.0,9.9357,293.0,143.0,64.1993,4820.0,98.913,28431.4341,27109.6354,3.874,0.4232,21.1505,65.5121,391.745,242.0284,50.2547
2026-03-18 20:00:00,17.3557,16.2881,49.2306,31.0249,10.12,8.6235,5.9609,13.3713,105.8432,14.0,216.3359,123.2351,9.1462,295.0,142.0,64.0,4820.0,98.913,28539.4344,27270.5632,3.8698,0.4262,21.2438,65.514,390.4156,240.9683,50.0423
2026-03-18 21:00:00,17.4084,16.3955,47.3006,31.6039,10.1068,8.6235,6.0852,13.3545,106.4591,13.2087,216.3313,124.8067,9.9312,293.0,143.0351,65.0,4820.0,98.913,28806.291,27225.5819,3.879,0.425,21.4504,65.5134,390.7016,241.5848,49.83
2026-03-18 22:00:00,17.0458,16.442,45.9489,31.8888,10.1481,8.6235,6.1451,13.2249,104.2793,13.785,216.0,121.234,9.0738,294.0,142.0416,63.2047,4820.0,98.913,28753.2687,27178.0437,3.8697,0.4205,21.5716,65.5086,391.1535,241.3447,49.6176
2026-03-18 23:00:00,17.633,16.2781,47.7318,32.3559,10.1251,8.672,6.1864,13.4197,104.7521,14.0,220.636,121.8429,9.0,293.2552,139.0337,64.0,4820.0,98.913,28679.1304,27148.7424,3.8763,0.4201,21.6406,65.5037,391.7793,241.9345,49.4965
2026-03-19 00:00:00,17.0964,15.8974,47.6045,33.6042,10.2216,8.672,5.968,13.3833,105.7448,16.8066,215.0,119.325,8.0486,293.2498,141.0704,63.0,4820.0,98.913,28357.1182,27091.6018,3.8729,0.4166,21.5527,65.4988,391.6799,241.8532,49.4977
2026-03-19 01:00:00,17.7799,16.639,49.0626,30.4884,10.15,8.6512,5.806,13.3688,105.0,14.3915,214.3463,124.0786,9.0,294.0,140.9751,64.0,4820.0,98.913,28380.6584,27118.3049,3.8742,0.4189,21.5384,65.4939,391.5297,242.0048,49.4989
2026-03-19 02:00:00,17.5287,16.5232,45.6719,31.9022,10.2229,8.6235,6.1429,13.3589,106.2273,15.1948,215.0,122.9176,9.052,294.0,141.9489,64.0,4820.0,98.913,28414.5505,27090.4598,3.8685,0.4206,21.5517,65.4891,391.8425,241.9832,49.5001
2026-03-19 03:00:00,17.1784,16.4079,43.0262,32.8325,10.0973,8.6235,5.6396,13.2418,103.0879,14.2129,216.0,123.8119,9.9322,294.0,139.0334,63.0,4820.0,98.913,28519.3621,27224.7602,3.8815,0.4234,21.4915,65.4842,390.8229,241.3939,49.5013
2026-03-19 04:00:00,17.412,16.6178,45.8992,31.1739,10.1738,8.672,5.7059,13.259,104.7361,14.0,217.6665,121.0,9.0599,294.0,142.0,64.0,4820.0,98.913,28449.2455,27136.2843,3.8746,0.4214,21.5154,65.4793,390.4375,240.826,49.5025
2026-03-19 05:00:00,16.7693,15.9269,46.9517,33.3137,10.0715,8.672,5.7853,13.1775,106.0,15.788,216.6745,122.4487,9.929,294.0,141.9204,64.5807,4820.0,98.913,28488.2665,27193.1109,3.8623,0.4211,21.4703,65.4804,390.7125,241.3923,49.5037
2026-03-19 06:00:00,17.6379,16.2535,45.1696,31.3615,10.2437,8.672,5.5914,13.1934,103.5754,15.3647,216.6684,125.725,9.0794,294.0,141.0291,63.0,4820.0,98.913,28497.7656,27274.5607,3.8675,0.4216,21.5886,65.4919,390.5375,240.7157,49.5049
2026-03-19 07:00:00,17.3085,16.4313,46.0183,29.8117,10.1902,8.6979,6.1669,13.1453,106.2794,14.0,212.6674,123.1199,9.0,294.7751,140.0426,65.0,4820.0,98.913,28445.4867,27240.5225,3.8795,0.4206,21.5616,65.5034,390.7605,241.1475,49.5356
2026-03-19 08:00:00,17.3456,15.779,48.7618,32.8473,10.0769,8.7204,5.9225,13.2592,106.0,13.1958,215.0605,125.0,9.0548,294.7525,141.0219,63.2258,4820.0,98.913,28277.9423,27085.84,3.8809,0.4188,21.5755,65.5149,391.4833,241.3758,49.5885
2026-03-19 09:00:00,17.6277,15.9616,44.8321,30.413,10.6579,9.2049,6.307,15.2568,103.7465,15.3813,216.1576,124.0,0.0,286.0,150.0308,69.0,4820.0,98.913,28526.5727,27190.5094,3.8833,0.4328,21.3874,65.5264,392.701,243.6467,49.7082
2026-03-19 10:00:00,17.6635,16.5931,46.126,30.8877,9.98,8.5266,6.2201,13.0147,104.0,14.2029,216.3811,123.3091,9.0,294.7556,141.973,64.781,4820.0,98.913,28656.1734,27247.446,3.8697,0.4364,21.1304,65.5379,391.9212,243.1834,49.9163
2026-03-19 11:00:00,17.4942,16.1611,44.439,30.6038,9.8851,8.5545,6.1015,13.0017,102.0819,13.1952,216.7045,124.1644,8.1049,293.2488,140.0386,66.0,4820.0,98.913,28580.5562,27252.4906,3.8661,0.4318,21.0733,65.5494,391.5509,242.8866,50.1244
2026-03-19 12:00:00,17.3546,16.3087,42.6422,30.2434,9.9329,8.5645,6.1519,12.9333,105.4685,13.7972,218.3051,123.0,8.0588,293.2541,141.0289,65.0,4820.0,98.913,28553.2732,27219.7764,3.8762,0.4312,21.07,65.5457,391.5083,242.7219,50.1114
2026-03-19 13:00:00,17.6855,16.6281,44.9158,32.9527,9.91,8.5581,6.1614,13.0004,106.7228,14.0,216.3403,122.9389,8.9295,294.0,139.038,64.0,4820.0,98.913,28620.9657,27286.2981,3.8625,0.4356,21.1023,65.535,391.5496,242.1549,50.0109
2026-03-19 14:00:00,17.4887,16.3085,46.6378,29.2744,10.0338,8.634,5.9894,13.0322,104.7225,12.7873,214.3335,121.24,8.0,294.0,139.1158,65.5867,4820.0,98.913,28638.0593,27254.2733,3.8657,0.4363,21.1941,65.5243,391.5113,242.3182,50.007
2026-03-19 15:00:00,17.054,16.4495,48.7722,30.0275,9.9787,8.6442,5.8027,13.1423,106.7375,13.7986,219.0,126.0768,8.0,293.0,141.0391,64.0,4820.0,98.913,28707.364,27314.1431,3.8585,0.4399,21.1338,65.5136,390.7975,242.2548,50.0596
2026-03-19 16:00:00,17.6007,16.3865,51.1624,33.4261,9.8588,8.5751,5.9589,12.9984,105.4917,15.0,214.9066,123.4708,9.0,294.0,139.0371,64.7611,4820.0,98.913,28650.0197,27329.9479,3.8767,0.4353,21.1003,65.5029,391.2585,242.6921,50.1122
2026-03-19 17:00:00,17.236,15.7962,43.7833,31.7027,9.7862,8.5536,5.8816,12.8884,104.2826,11.6752,214.6581,125.1558,9.8407,293.2198,140.9513,65.0,4820.0,98.913,28509.0826,27209.7649,3.8746,0.4309,21.2083,65.4922,391.6465,242.163,50.1648
2026-03-19 18:00:00,17.2418,16.7755,49.0794,30.5528,10.1253,8.7204,6.2799,13.6096,104.2481,14.1859,216.279,128.4526,6.9542,291.7445,147.9572,67.0,4820.0,98.913,28463.4724,27155.2141,3.8695,0.4258,21.0556,65.4816,391.1858,241.5373,50.1632
2026-03-19 19:00:00,17.2402,16.2399,48.0397,29.4456,10.0774,8.6235,6.0273,13.3049,106.2561,14.3953,218.3036,126.0,10.9406,294.744,143.9283,63.7776,4820.0,98.913,28764.6598,27184.7808,3.872,0.4217,21.4049,65.4709,392.2559,241.8792,49.9529
2026-03-19 20:00:00,16.4721,16.165,46.1747,30.8433,10.3676,8.7107,5.9897,13.4936,105.7495,15.6235,216.695,123.0724,8.0484,293.0,144.9877,66.0,4820.0,98.913,28410.0435,27116.3691,3.8703,0.4214,21.4302,65.4439,391.5083,241.7243,49.7427
2026-03-19 21:00:00,18.3724,16.1752,45.414,30.7024,10.0791,8.699,6.2771,13.2102,104.0,13.2091,216.3406,119.0682,8.0,292.7653,144.0307,65.7852,4820.0,98.913,28359.6973,27105.646,3.8767,0.4226,21.5426,65.4299,391.7947,242.2888,49.6293
2026-03-19 22:00:00,16.9244,15.7584,48.2585,31.0204,10.1985,8.5541,6.2605,13.0653,104.5278,16.5767,214.0,126.8113,8.0569,294.0,145.0,65.0,4820.0,98.913,28487.3908,27173.6724,3.8666,0.4251,21.4283,65.4388,391.8044,241.8941,49.5785
2026-03-19 23:00:00,17.1561,16.1791,44.7884,31.4056,10.1795,8.672,6.1428,13.3228,104.5402,14.0,216.3152,122.7958,7.0,292.0,146.0332,66.2118,4820.0,98.913,28447.1581,27164.6836,3.8725,0.424,21.555,65.4476,391.2208,241.3929,49.5276
2026-03-20 00:00:00,18.143,16.485,47.7368,31.2604,10.1048,8.5751,6.1148,13.0322,103.6878,14.5585,217.0,120.0,8.0773,294.0,145.0442,65.2034,4820.0,98.913,28456.6767,27167.1847,3.8757,0.4245,21.6531,65.4565,391.6574,241.7648,49.4767
2026-03-20 01:00:00,17.0824,16.3448,44.2696,31.2728,10.1256,8.5362,6.1129,12.9837,107.0,13.182,214.5395,121.2805,8.9559,294.0,144.0317,66.7687,4820.0,98.913,28451.2225,27151.9481,3.8841,0.4236,21.6764,65.4653,391.062,241.8189,49.4258
2026-03-20 02:00:00,17.6726,16.1175,45.6801,32.926,9.9326,8.5266,6.0592,13.0955,104.2554,14.0,215.361,123.2549,8.0,293.0,141.9512,64.0,4820.0,98.913,28503.5278,27211.0209,3.8771,0.4265,21.7399,65.4742,390.3442,240.8697,49.3765
2026-03-20 03:00:00,17.6138,16.3622,44.2897,31.031,10.0764,8.5751,6.2981,13.0023,107.0,13.3836,213.0,116.3328,8.0,293.0,145.0,66.0,4820.0,98.913,28416.7466,27172.889,3.8705,0.4218,21.8265,65.483,391.0059,241.9441,49.3789
2026-03-20 04:00:00,17.9196,16.3987,44.6164,31.9833,10.1228,8.5266,6.1136,12.9719,104.2575,14.8009,215.0591,120.2416,8.0,293.753,145.024,65.7757,4820.0,98.913,28484.099,27222.4045,3.8791,0.4262,21.8087,65.4919,390.5431,241.2413,49.3875
2026-03-20 05:00:00,17.7368,16.3478,47.1967,33.0398,10.1006,8.6129,5.9805,13.2259,106.2524,13.8065,216.2831,117.4789,8.0513,293.0,144.9665,65.2154,4820.0,98.913,28518.8529,27265.681,3.8774,0.4266,21.7237,65.4965,390.3318,240.8754,49.3962
2026-03-20 06:00:00,17.4692,16.122,45.31,34.1809,10.0269,8.5751,6.2012,13.0146,106.4672,13.8161,216.0408,124.2267,9.0,294.0,144.0299,64.781,4820.0,98.913,28532.4733,27294.1147,3.8794,0.4265,21.7165,65.4964,390.2315,240.7104,49.4048
2026-03-20 07:00:00,17.8318,16.7179,48.2182,31.7477,10.0519,8.5751,6.1716,13.0011,106.73,16.7904,217.3244,125.0643,10.9306,294.2355,141.0655,64.0,4820.0,98.913,28468.0136,27165.4833,3.869,0.4251,21.5798,65.4963,390.9536,241.1348,49.4134
2026-03-20 08:00:00,17.6635,16.2713,47.6107,31.4442,10.0053,8.6235,6.21,12.9207,106.2691,14.5814,213.6616,123.8004,9.8631,294.0,142.8962,63.7878,4820.0,98.913,28489.2222,27228.3944,3.8761,0.4246,21.7039,65.4962,390.195,240.8981,49.422
2026-03-20 09:00:00,17.5891,16.2872,46.7539,32.0897,9.98,8.4782,6.0763,12.9183,107.1551,13.4415,218.3417,121.1182,9.0,294.7751,142.0451,64.0,4820.0,98.913,28565.4879,27317.2709,3.8688,0.4274,21.7245,65.4962,389.7232,240.2309,49.435
2026-03-20 10:00:00,17.9922,16.7905,48.4313,32.6227,9.9242,8.4782,5.9105,13.0314,105.7255,15.7873,215.0291,124.8114,9.9286,293.7693,141.9604,63.4221,4820.0,98.913,28705.8998,27316.8866,3.8722,0.431,21.6729,65.4961,388.9159,239.5327,49.4526
2026-03-20 11:00:00,17.7817,16.9899,48.5505,32.8701,9.7384,8.4782,6.0074,12.85,101.7622,13.5806,216.7076,122.0837,9.0,294.0,143.0179,65.0,4820.0,98.913,28656.4944,27394.8977,3.8674,0.4297,21.6843,65.496,388.3851,238.8757,49.4702
2026-03-20 12:00:00,17.5459,16.2781,48.6266,31.3805,9.8343,8.4008,6.0424,13.0661,103.2518,14.0,214.0,124.5512,9.0,294.0,143.0272,64.7798,4820.0,98.913,28596.3922,27332.7506,3.8731,0.4265,21.6707,65.4959,389.0876,240.1372,49.4878
2026-03-20 13:00:00,17.3648,16.3375,48.517,31.3222,9.8353,8.4883,5.862,12.9988,108.0,15.6128,215.7065,124.8327,10.0,294.7495,140.0518,64.0,4820.0,98.913,28604.7958,27280.2976,3.8708,0.4302,21.7385,65.492,389.3167,240.695,49.5054
2026-03-20 14:00:00,17.2265,16.375,49.2523,32.0684,9.98,8.4994,6.1234,13.243,104.5385,13.4123,214.6573,122.1467,8.9345,294.0,139.0829,63.2165,4820.0,98.913,28636.0967,27289.3535,3.8724,0.4321,21.6427,65.4882,389.1923,240.2395,49.523
2026-03-20 15:00:00,17.4881,15.7845,47.68,31.1602,9.9775,8.5751,5.998,13.0669,104.2605,15.3959,217.4041,125.7618,9.0727,294.0,142.8771,63.2098,4820.0,98.913,28578.7158,27250.5772,3.8737,0.4317,21.4833,65.486,388.8107,240.2483,49.5406
2026-03-20 16:00:00,17.8363,16.1224,44.6988,31.1675,9.8094,8.4297,6.1711,13.0163,105.0805,15.4159,218.9822,123.1303,9.8612,294.0,141.0,64.2137,4820.0,98.913,28555.8457,27224.7985,3.8674,0.4302,21.587,65.4839,390.1464,240.5623,49.5582
2026-03-20 17:00:00,17.5107,15.8634,45.9273,32.8891,10.0254,8.5266,6.1624,13.3383,105.2828,14.2088,216.0,126.0,7.0,291.0,141.0902,65.2015,4820.0,98.913,28585.4138,27335.6351,3.8723,0.4286,21.6148,65.4818,390.1139,240.4965,49.5255
2026-03-20 18:00:00,17.0561,16.5178,42.9277,32.3491,9.8831,8.4186,5.8541,12.7416,105.2772,14.2142,215.325,121.8193,10.9251,295.0,141.9956,63.0,4820.0,98.913,28532.2641,27272.3787,3.8785,0.4292,21.7457,65.4796,390.0051,240.5045,49.4625
2026-03-20 19:00:00,17.6668,16.6237,48.6575,30.9234,9.9541,8.4782,6.1043,12.9353,104.2569,15.0,217.707,123.5804,8.9486,294.0,143.9206,65.2295,4820.0,98.913,28508.0838,27240.4341,3.8729,0.4263,21.9246,65.4775,390.4093,240.8097,49.3995
2026-03-20 20:00:00,17.1905,16.076,48.2568,31.4185,10.416,8.7591,6.9937,12.3494,106.0,13.3731,216.9165,121.0905,10.0,295.746,167.0,72.0,4820.0,98.913,28660.336,27250.4353,3.8745,0.4243,21.7416,65.4754,389.6916,240.3207,49.415
2026-03-20 21:00:00,17.2548,16.5242,45.9948,30.3382,10.4645,8.9039,6.6689,13.7741,107.0,13.5917,215.949,123.2438,5.0,289.7515,170.0222,73.2242,4820.0,98.913,28863.323,27328.7234,3.8782,0.4265,22.1171,65.4733,388.7448,239.36,49.2304
2026-03-20 22:00:00,17.0815,15.9373,45.4755,31.2641,10.4182,8.672,6.5291,13.0476,106.0,14.2004,215.3397,119.3041,9.0,293.2303,167.0236,75.2065,4820.0,98.913,28555.9801,27274.8667,3.8801,0.426,22.0619,65.4713,388.8835,239.5833,49.0902
2026-03-20 23:00:00,16.743,16.1764,47.7153,32.4002,10.1254,8.5266,6.9858,12.6405,104.5207,14.5977,215.3908,123.0,10.0,295.0,166.0531,75.0,4820.0,98.913,28504.4714,27159.7456,3.8834,0.4229,22.0946,65.4693,390.156,240.5771,49.0862
2026-03-21 00:00:00,17.4244,16.7516,44.779,31.8662,10.1039,8.5369,6.8682,12.6277,106.1697,13.4311,214.6467,120.0,10.0,294.7694,166.1177,74.0,4820.0,98.913,28502.0633,27230.6979,3.8728,0.426,22.0868,65.4673,389.9061,240.6577,49.0822
2026-03-21 01:00:00,16.9681,16.3682,48.1941,31.2469,10.6583,9.0111,6.2591,14.4856,107.0,15.0,216.9746,121.7289,2.0644,287.0,169.0,73.2144,4820.0,98.913,28506.5576,27225.3921,3.8714,0.4275,22.0231,65.4653,390.3972,240.8644,49.0783
2026-03-21 02:00:00,16.8273,16.5004,44.1228,33.0498,10.1229,8.4994,7.0422,12.4196,106.0,13.0,214.6694,124.0,11.0738,295.0,166.918,75.0,4820.0,98.913,28515.3394,27266.9523,3.8656,0.428,22.1278,65.4633,390.103,240.9692,49.0743
2026-03-21 03:00:00,17.5903,16.1399,45.332,33.9568,10.0475,8.5751,6.7725,12.6937,105.4474,14.0,215.0111,124.6806,10.0711,295.0,169.0,75.0,4820.0,98.913,28489.6865,27139.9013,3.8676,0.4244,22.1809,65.4614,391.2942,241.399,49.0704
2026-03-21 04:00:00,17.6951,16.8514,50.9289,34.2088,9.9575,8.5068,6.743,12.533,105.0,13.5708,216.3567,123.9167,10.0486,295.0,167.9824,75.0,4820.0,98.913,28390.9865,27119.5716,3.8707,0.4207,22.1852,65.4595,391.2384,241.8872,49.1305
2026-03-21 05:00:00,17.9835,16.477,49.8949,33.4651,10.0767,8.5751,6.6598,12.7223,106.4927,16.632,215.0,124.6286,11.0,295.0,169.0,75.0,4820.0,98.913,28480.7396,27202.5152,3.8792,0.4241,22.1315,65.4576,390.3158,241.1597,49.2737
2026-03-21 06:00:00,17.692,16.606,46.686,32.6584,10.537,8.8173,6.5104,11.9844,106.741,15.0,215.8372,126.2404,8.0,294.0,162.0864,73.7733,4820.0,98.913,28486.6137,27168.7392,3.8668,0.4249,21.8343,65.4556,390.0818,240.9958,49.4136
2026-03-21 07:00:00,16.8386,15.8948,47.5028,32.6694,10.6582,8.8657,6.5979,13.3228,106.742,13.6219,216.2813,125.0,7.0,292.0,167.9669,73.0,4820.0,98.913,28431.3124,27157.7466,3.8688,0.4228,21.7338,65.4537,391.808,241.542,49.5351
2026-03-21 08:00:00,16.8999,16.1861,45.1089,32.5508,10.2006,8.6615,6.8013,12.479,105.0,11.8151,217.0651,121.1493,9.9392,295.0,166.025,74.0,4820.0,98.913,28479.8719,27243.9522,3.869,0.4257,21.6115,65.4518,389.8158,240.5857,49.6565
2026-03-21 09:00:00,17.5665,16.8911,46.389,32.917,10.2175,8.7315,6.7435,12.6753,105.5479,14.7886,214.3868,123.875,9.9311,295.0,166.0379,73.0,4820.0,98.913,28640.3259,27303.4196,3.8645,0.4366,21.5707,65.4516,391.454,242.2474,49.778
2026-03-21 10:00:00,17.0252,16.1817,45.964,30.1798,10.5647,9.2318,5.9785,14.1183,106.0,13.4181,217.3611,123.0,5.0,290.7639,163.0987,71.0,4820.0,98.913,28717.6826,27323.1993,3.8716,0.4462,21.2806,65.4515,392.4482,244.5802,49.9042
2026-03-21 11:00:00,17.689,16.5686,50.1294,33.2849,10.2239,8.8067,6.6178,12.7914,105.7307,12.3847,214.3135,122.1372,8.0,294.0,164.0917,73.7996,4820.0,98.913,28869.2322,27390.3648,3.8691,0.4646,21.1912,65.4454,393.7731,246.5006,50.1401
2026-03-21 12:00:00,17.55,16.651,49.6438,30.3568,10.1738,8.7204,6.5685,12.919,101.1069,13.5715,216.9962,125.9392,9.0,294.0,164.8442,73.5912,4820.0,98.913,28746.6305,27338.4535,3.8706,0.4601,21.01,65.4586,395.4619,248.059,50.3812
2026-03-21 13:00:00,17.3593,16.1408,52.1693,33.8753,10.1022,8.7204,6.702,13.0845,104.5011,14.643,216.7148,125.0835,9.0,295.0,164.0293,73.0,4820.0,98.913,28717.7566,27256.2606,3.8661,0.4622,20.8914,65.489,393.9592,247.4728,50.5383
2026-03-21 14:00:00,17.7666,16.0411,48.4909,32.7828,10.2707,8.7579,6.451,12.3532,104.279,14.5733,217.6602,121.1971,8.9285,294.2308,162.1139,73.0,4820.0,98.913,28801.8853,27426.8303,3.8651,0.4531,20.9136,65.5193,389.4142,242.2357,50.4343
2026-03-21 15:00:00,17.901,16.4667,52.2914,31.1146,10.1256,8.7977,6.5515,12.4051,104.5212,13.0,215.0,123.6072,9.0,295.0,162.0432,73.7773,4820.0,98.913,28742.1719,27376.1663,3.874,0.4567,20.9846,65.5308,391.8408,244.4419,50.3095
2026-03-21 16:00:00,17.5467,16.4163,49.1236,32.5838,10.0758,8.7204,6.6372,12.4774,106.4889,13.8037,215.7483,119.7818,9.9488,294.2535,164.9661,72.7868,4820.0,98.913,28602.7486,27247.4024,3.879,0.4425,21.0816,65.5197,391.5728,243.1752,50.1847
2026-03-21 17:00:00,17.9922,16.2727,51.8691,32.9099,10.149,8.5751,6.9088,12.0787,103.688,14.0,215.3057,116.37,11.0,296.0,165.0,72.7792,4820.0,98.913,28173.54,26944.3176,3.8677,0.4155,21.173,65.5085,393.7512,243.7918,50.0599
2026-03-21 18:00:00,16.8193,15.7798,50.356,33.0055,10.2461,8.5853,6.8227,12.1286,106.74,15.2088,215.6543,119.2502,10.9442,296.0,164.0,73.7915,4820.0,98.913,28163.9071,26856.7224,3.8683,0.4136,21.3566,65.4974,394.4129,244.0536,49.9383
2026-03-21 19:00:00,17.4273,16.4011,50.2227,32.2466,10.1505,8.6127,6.9855,11.9833,106.2728,11.626,216.3157,120.7387,10.204,296.0,161.9487,75.0,4820.0,98.913,28159.4683,26897.4965,3.8718,0.4112,21.5247,65.4863,394.687,243.7642,49.8939
2026-03-21 20:00:00,17.7731,16.8445,47.7523,33.654,10.4414,8.6606,6.6065,12.1438,106.0,13.7814,214.6518,119.8511,9.9258,295.7613,160.0833,72.7976,4820.0,98.913,28071.4058,26838.0016,3.8741,0.407,21.4941,65.4751,394.528,243.9678,49.8533
2026-03-21 21:00:00,17.7958,16.4107,47.8546,32.8687,10.4218,8.7469,6.8794,12.5793,105.2749,13.4204,212.0,121.1495,11.9332,296.0,166.0329,74.0,4820.0,98.913,28108.1039,26918.8599,3.867,0.4081,21.5373,65.464,394.3789,243.9066,49.8128
2026-03-21 22:00:00,17.1633,16.811,51.3184,33.5188,10.2463,8.7204,6.8489,12.2197,104.7469,15.4203,213.9309,119.658,11.0487,296.0,167.028,75.0,4820.0,98.913,28103.7524,26879.6174,3.8749,0.4074,21.6047,65.4529,395.0221,244.2188,49.7722
2026-03-21 23:00:00,17.7761,16.7018,48.3716,33.4035,10.2467,8.5751,6.8794,12.4795,104.7345,12.3599,214.2652,123.0,11.0,295.2586,167.857,74.0,4820.0,98.913,28118.8949,26873.1191,3.8743,0.4068,21.6548,65.4442,394.914,243.9296,49.7317
2026-03-22 00:00:00,17.3406,15.9829,47.5095,32.3236,10.4142,8.672,6.8819,12.4658,105.0,13.39,212.7678,120.3211,10.0532,295.0,164.1064,74.5503,4820.0,98.913,28111.7184,26906.7317,3.8726,0.4096,21.6503,65.4385,394.7788,243.8928,49.6911
2026-03-22 01:00:00,18.2409,16.7784,48.3049,31.4191,10.5874,8.7102,6.7918,12.7108,104.4761,13.0,213.3944,120.0763,9.0,294.7545,167.9528,73.0,4820.0,98.913,28071.3426,26860.8085,3.8833,0.4072,21.6151,65.4328,395.0954,244.1352,49.6506
2026-03-22 02:00:00,17.4154,16.0127,46.4743,32.4084,10.4642,8.7304,6.8653,12.5177,107.257,14.0,214.5843,120.4111,10.9478,295.0,166.986,74.7695,4820.0,98.913,28124.241,26881.7812,3.8685,0.4082,21.7365,65.4271,395.1563,243.8891,49.6209
2026-03-22 03:00:00,17.0819,16.034,48.3328,33.0476,10.416,8.7204,6.6461,12.6446,104.0,15.428,214.31,119.2147,9.9368,295.0,165.0,73.4344,4820.0,98.913,28128.1521,26914.1108,3.866,0.4083,21.7632,65.4214,394.5368,243.1901,49.6341
2026-03-22 04:00:00,17.5649,16.106,47.464,32.5583,10.3905,8.7689,6.9095,12.5477,104.3082,15.206,217.8857,122.0,11.0,295.0,163.0233,74.0,4820.0,98.913,28092.6384,26887.1686,3.8759,0.4064,21.8092,65.4157,394.837,243.6989,49.6506
2026-03-22 05:00:00,17.3365,16.4766,46.9624,34.2464,10.3155,8.672,6.7924,12.6446,105.4557,14.0,214.677,117.3329,10.0638,295.0,163.0,74.0,4820.0,98.913,28074.5137,26906.4195,3.8831,0.4062,21.7597,65.41,395.2861,244.398,49.6671
2026-03-22 06:00:00,17.5379,16.0943,46.4237,31.8098,10.2722,8.672,7.0828,12.3868,106.2636,13.4062,214.667,126.7161,10.0,295.0,162.0843,73.7793,4820.0,98.913,28113.967,26917.1537,3.8722,0.4069,21.7793,65.4043,394.4003,243.5397,49.6836
2026-03-22 07:00:00,17.7145,16.5315,50.1921,31.9711,10.4754,8.7315,6.7156,12.5643,106.2768,13.6317,216.9708,119.3816,10.8536,295.0,163.8813,74.0,4820.0,98.913,28103.5532,26896.3634,3.8776,0.405,21.6783,65.4136,394.2904,243.2135,49.7001
2026-03-22 08:00:00,18.039,17.3545,47.0795,30.6042,10.3683,8.672,6.7028,12.4508,104.2569,13.3693,212.7366,120.8097,10.0525,295.0,161.98,74.0,4820.0,98.913,28064.5559,26829.9188,3.872,0.4059,21.5321,65.434,394.7037,244.1402,49.7166
2026-03-22 09:00:00,18.0783,16.5093,47.7248,31.3295,10.3682,8.7298,6.8249,12.3906,104.0,12.6091,211.6426,120.7463,8.0525,294.7508,160.0196,73.0,4820.0,98.913,28070.0439,26863.6859,3.8707,0.4063,21.3669,65.4543,395.2058,244.1812,49.9253
2026-03-22 10:00:00,17.4333,16.2636,50.181,29.3687,10.2487,8.8067,7.0111,12.581,105.2376,13.7955,213.3084,122.0737,10.0422,295.0,162.9715,73.0,4820.0,98.913,28093.7312,26838.6175,3.8781,0.4048,21.0409,65.4747,394.8843,243.9279,50.1884
2026-03-22 11:00:00,16.6593,16.2137,47.3504,32.7351,10.2933,8.7897,6.8013,12.8384,101.7396,13.1995,216.3491,125.7722,10.0574,295.0,161.9253,75.0,4820.0,98.913,28065.9093,26849.0651,3.8736,0.4059,20.895,65.4951,394.7698,244.3571,50.4515
2026-03-22 12:00:00,17.5158,16.783,48.8792,30.4699,10.3652,8.8657,7.0451,12.8709,104.4505,12.2124,215.3363,121.0,9.0705,294.2349,164.0,74.0,4820.0,98.913,28079.0226,26876.6527,3.8729,0.4056,20.8841,65.5154,395.0105,244.0693,50.5507
2026-03-22 13:00:00,17.4125,15.8683,45.9364,30.9325,10.4655,8.7791,6.5102,12.7201,105.0,15.2135,216.7056,126.8329,9.0,294.0,163.0,73.7719,4820.0,98.913,28100.388,26928.89,3.8746,0.4062,20.9884,65.5217,395.1416,243.8084,50.442
2026-03-22 14:00:00,17.7994,16.4024,44.9741,31.484,10.2977,8.8657,6.7634,12.515,104.0,12.7946,214.3642,116.3564,9.0634,295.0,163.9112,74.7838,4820.0,98.913,28130.7749,26917.4682,3.8775,0.4098,21.0429,65.4822,394.6506,244.3894,50.3333
2026-03-22 15:00:00,18.2103,16.3265,46.2538,29.7192,10.2692,8.7689,6.7543,12.4333,102.0615,12.8135,214.0,120.2265,9.0,294.0,166.9262,73.2194,4820.0,98.913,28342.4707,27023.9018,3.8814,0.4158,21.1444,65.4576,393.1612,243.0916,50.2297
2026-03-22 16:00:00,17.628,16.4568,49.81,30.5913,10.0769,8.7204,6.4245,12.5659,103.8606,12.2126,213.3736,124.8013,9.9318,295.0,164.0,72.2082,4820.0,98.913,28600.0814,27130.9481,3.8624,0.428,21.1968,65.4276,393.7059,244.412,50.1393
2026-03-22 17:00:00,17.555,16.5945,49.8015,31.3057,10.3444,8.7266,6.5467,12.4508,104.0757,15.0,215.0,122.4233,9.0,295.0,161.6822,74.0,4820.0,98.913,28401.7383,27126.0912,3.8748,0.4254,21.2724,65.4337,391.9315,242.8266,50.1158
2026-03-22 18:00:00,17.4152,16.4993,46.8455,32.098,10.214,8.7204,6.6589,12.4508,102.159,14.8584,216.0,122.5801,9.7128,294.4103,161.0,73.5641,4820.0,98.913,28419.2995,27223.6382,3.8666,0.4254,21.3354,65.4668,392.5313,242.8181,50.0894
2026-03-22 19:00:00,17.8651,16.4748,49.6181,31.6921,10.3676,8.7689,6.6255,12.2585,104.1423,14.1453,217.6805,123.182,10.4245,294.0,161.0,73.4408,4820.0,98.913,28364.5858,26994.7947,3.8659,0.416,21.4228,65.471,393.9542,243.3375,50.063
2026-03-22 20:00:00,17.2771,16.3032,46.5249,31.039,10.5299,8.7689,6.7965,12.6491,106.9261,14.8609,213.8837,119.7609,6.0,292.0,164.3714,69.0,4820.0,98.913,28226.179,26938.9367,3.8673,0.4119,21.3342,65.4603,393.602,243.1451,50.0739
2026-03-22 21:00:00,17.6082,16.4405,45.5117,31.7263,10.3011,8.5751,6.7695,12.1123,105.063,14.25,215.3061,124.7734,9.272,296.0,164.6077,75.5497,4820.0,98.913,28256.4554,27005.385,3.879,0.4154,21.5693,65.4496,392.0809,242.1152,49.9627
2026-03-22 22:00:00,17.0532,16.0256,48.014,32.2695,10.2707,8.6775,6.8521,12.3539,105.2085,12.2637,216.6744,121.6395,9.732,295.0,164.0,74.0,4820.0,98.913,28191.0783,26976.8789,3.8705,0.4123,21.7064,65.4389,393.904,243.6636,49.8334
2026-03-22 23:00:00,17.2107,16.6821,49.4887,31.884,10.2195,8.6286,7.0126,12.4501,106.9401,15.1245,217.3418,123.6018,9.7384,295.4328,166.0,74.4564,4820.0,98.913,28212.0056,26901.2308,3.8716,0.4125,21.6524,65.4282,394.0387,243.8461,49.7041
